-- --------------------------------------------------------
-- Host:                         127.0.0.1
-- Server version:               10.1.38-MariaDB - mariadb.org binary distribution
-- Server OS:                    Win64
-- HeidiSQL Version:             10.1.0.5464
-- --------------------------------------------------------

/*!40101 SET @OLD_CHARACTER_SET_CLIENT=@@CHARACTER_SET_CLIENT */;
/*!40101 SET NAMES utf8 */;
/*!50503 SET NAMES utf8mb4 */;
/*!40014 SET @OLD_FOREIGN_KEY_CHECKS=@@FOREIGN_KEY_CHECKS, FOREIGN_KEY_CHECKS=0 */;
/*!40101 SET @OLD_SQL_MODE=@@SQL_MODE, SQL_MODE='NO_AUTO_VALUE_ON_ZERO' */;


-- Dumping database structure for questionnairedb2019
DROP DATABASE IF EXISTS `questionnairedb2019`;
CREATE DATABASE IF NOT EXISTS `questionnairedb2019` /*!40100 DEFAULT CHARACTER SET latin1 */;
USE `questionnairedb2019`;

-- Dumping structure for table questionnairedb2019.answer
DROP TABLE IF EXISTS `answer`;
CREATE TABLE IF NOT EXISTS `answer` (
  `ID` bigint(20) NOT NULL AUTO_INCREMENT,
  `questionnaireId` bigint(20) NOT NULL,
  `sectionId` bigint(20) NOT NULL,
  `questionId` bigint(20) NOT NULL,
  `typeId` bigint(20) NOT NULL,
  `answerSectionId` bigint(20) NOT NULL,
  `languageId` bigint(20) NOT NULL,
  `patientId` bigint(20) NOT NULL,
  `answered` tinyint(4) NOT NULL DEFAULT '0',
  `skipped` tinyint(4) NOT NULL DEFAULT '0',
  `deleted` tinyint(4) NOT NULL DEFAULT '0',
  `deletedBy` varchar(255) NOT NULL,
  `creationDate` datetime NOT NULL,
  `createdBy` varchar(255) NOT NULL,
  `lastUpdated` timestamp NOT NULL DEFAULT CURRENT_TIMESTAMP ON UPDATE CURRENT_TIMESTAMP,
  `updatedBy` varchar(255) NOT NULL,
  PRIMARY KEY (`ID`),
  KEY `idx_answer_deleted` (`deleted`),
  KEY `fk_answer_questionId_question_ID` (`questionId`),
  KEY `fk_answer_sectionId_section_ID` (`sectionId`),
  KEY `fk_answer_questionnaireId_questionnaire_ID` (`questionnaireId`),
  KEY `fk_answer_answerSectionId_answerSection_ID` (`answerSectionId`),
  KEY `fk_answer_patientId_patient_ID` (`patientId`),
  KEY `fk_answer_languageId_language_ID` (`languageId`),
  KEY `fk_answer_TypeId_type_ID` (`typeId`),
  CONSTRAINT `fk_answer_TypeId_type_ID` FOREIGN KEY (`typeId`) REFERENCES `type` (`ID`) ON DELETE NO ACTION ON UPDATE NO ACTION,
  CONSTRAINT `fk_answer_answerSectionId_answerSection_ID` FOREIGN KEY (`answerSectionId`) REFERENCES `answersection` (`ID`),
  CONSTRAINT `fk_answer_languageId_language_ID` FOREIGN KEY (`languageId`) REFERENCES `language` (`ID`) ON DELETE NO ACTION ON UPDATE NO ACTION,
  CONSTRAINT `fk_answer_patientId_patient_ID` FOREIGN KEY (`patientId`) REFERENCES `patient` (`ID`) ON DELETE NO ACTION ON UPDATE NO ACTION,
  CONSTRAINT `fk_answer_questionId_question_ID` FOREIGN KEY (`questionId`) REFERENCES `question` (`ID`),
  CONSTRAINT `fk_answer_questionnaireId_questionnaire_ID` FOREIGN KEY (`questionnaireId`) REFERENCES `questionnaire` (`ID`),
  CONSTRAINT `fk_answer_sectionId_section_ID` FOREIGN KEY (`sectionId`) REFERENCES `section` (`ID`)
) ENGINE=InnoDB AUTO_INCREMENT=1408 DEFAULT CHARSET=utf8;

-- Dumping data for table questionnairedb2019.answer: ~1,407 rows (approximately)
DELETE FROM `answer`;
/*!40000 ALTER TABLE `answer` DISABLE KEYS */;
INSERT INTO `answer` (`ID`, `questionnaireId`, `sectionId`, `questionId`, `typeId`, `answerSectionId`, `languageId`, `patientId`, `answered`, `skipped`, `deleted`, `deletedBy`, `creationDate`, `createdBy`, `lastUpdated`, `updatedBy`) VALUES
	(1, 11, 11, 823, 2, 1, -1, 3, 1, 0, 0, '', '2019-07-19 13:47:36', 'QUESTIONNAIRE_MIGRATION_2019', '2019-07-19 13:47:36', 'QUESTIONNAIRE_MIGRATION_2019'),
	(2, 11, 11, 824, 2, 2, -1, 3, 1, 0, 0, '', '2019-07-19 13:47:36', 'QUESTIONNAIRE_MIGRATION_2019', '2019-07-19 13:47:36', 'QUESTIONNAIRE_MIGRATION_2019'),
	(3, 11, 11, 811, 1, 2, -1, 3, 1, 0, 0, '', '2019-07-19 13:47:36', 'QUESTIONNAIRE_MIGRATION_2019', '2019-07-19 13:47:36', 'QUESTIONNAIRE_MIGRATION_2019'),
	(4, 11, 11, 830, 3, 2, -1, 3, 1, 0, 0, '', '2019-07-19 13:47:36', 'QUESTIONNAIRE_MIGRATION_2019', '2019-07-19 13:47:36', 'QUESTIONNAIRE_MIGRATION_2019'),
	(5, 11, 11, 832, 3, 2, -1, 3, 1, 0, 0, '', '2019-07-19 13:47:36', 'QUESTIONNAIRE_MIGRATION_2019', '2019-07-19 13:47:36', 'QUESTIONNAIRE_MIGRATION_2019'),
	(6, 11, 11, 823, 2, 3, -1, 3, 1, 0, 0, '', '2019-07-19 13:47:36', 'QUESTIONNAIRE_MIGRATION_2019', '2019-07-19 13:47:36', 'QUESTIONNAIRE_MIGRATION_2019'),
	(7, 11, 11, 824, 2, 3, -1, 3, 1, 0, 0, '', '2019-07-19 13:47:36', 'QUESTIONNAIRE_MIGRATION_2019', '2019-07-19 13:47:36', 'QUESTIONNAIRE_MIGRATION_2019'),
	(8, 11, 11, 811, 1, 3, -1, 3, 1, 0, 0, '', '2019-07-19 13:47:36', 'QUESTIONNAIRE_MIGRATION_2019', '2019-07-19 13:47:36', 'QUESTIONNAIRE_MIGRATION_2019'),
	(9, 11, 11, 830, 3, 3, -1, 3, 1, 0, 0, '', '2019-07-19 13:47:36', 'QUESTIONNAIRE_MIGRATION_2019', '2019-07-19 13:47:36', 'QUESTIONNAIRE_MIGRATION_2019'),
	(10, 11, 11, 832, 3, 3, -1, 3, 1, 0, 0, '', '2019-07-19 13:47:36', 'QUESTIONNAIRE_MIGRATION_2019', '2019-07-19 13:47:36', 'QUESTIONNAIRE_MIGRATION_2019'),
	(11, 11, 11, 823, 2, 4, -1, 3, 1, 0, 0, '', '2019-07-19 13:47:36', 'QUESTIONNAIRE_MIGRATION_2019', '2019-07-19 13:47:36', 'QUESTIONNAIRE_MIGRATION_2019'),
	(12, 11, 11, 824, 2, 4, -1, 3, 1, 0, 0, '', '2019-07-19 13:47:36', 'QUESTIONNAIRE_MIGRATION_2019', '2019-07-19 13:47:36', 'QUESTIONNAIRE_MIGRATION_2019'),
	(13, 11, 11, 811, 1, 4, -1, 3, 1, 0, 0, '', '2019-07-19 13:47:36', 'QUESTIONNAIRE_MIGRATION_2019', '2019-07-19 13:47:36', 'QUESTIONNAIRE_MIGRATION_2019'),
	(14, 11, 11, 830, 3, 4, -1, 3, 1, 0, 0, '', '2019-07-19 13:47:36', 'QUESTIONNAIRE_MIGRATION_2019', '2019-07-19 13:47:36', 'QUESTIONNAIRE_MIGRATION_2019'),
	(15, 11, 11, 832, 3, 4, -1, 3, 1, 0, 0, '', '2019-07-19 13:47:36', 'QUESTIONNAIRE_MIGRATION_2019', '2019-07-19 13:47:36', 'QUESTIONNAIRE_MIGRATION_2019'),
	(16, 11, 11, 823, 2, 5, -1, 3, 1, 0, 0, '', '2019-07-19 13:47:36', 'QUESTIONNAIRE_MIGRATION_2019', '2019-07-19 13:47:36', 'QUESTIONNAIRE_MIGRATION_2019'),
	(17, 11, 11, 824, 2, 5, -1, 3, 1, 0, 0, '', '2019-07-19 13:47:36', 'QUESTIONNAIRE_MIGRATION_2019', '2019-07-19 13:47:36', 'QUESTIONNAIRE_MIGRATION_2019'),
	(18, 11, 11, 811, 1, 5, -1, 3, 1, 0, 0, '', '2019-07-19 13:47:36', 'QUESTIONNAIRE_MIGRATION_2019', '2019-07-19 13:47:36', 'QUESTIONNAIRE_MIGRATION_2019'),
	(19, 11, 11, 830, 3, 5, -1, 3, 1, 0, 0, '', '2019-07-19 13:47:36', 'QUESTIONNAIRE_MIGRATION_2019', '2019-07-19 13:47:36', 'QUESTIONNAIRE_MIGRATION_2019'),
	(20, 11, 11, 832, 3, 5, -1, 3, 1, 0, 0, '', '2019-07-19 13:47:36', 'QUESTIONNAIRE_MIGRATION_2019', '2019-07-19 13:47:36', 'QUESTIONNAIRE_MIGRATION_2019'),
	(21, 11, 11, 823, 2, 6, -1, 3, 1, 0, 0, '', '2019-07-19 13:47:36', 'QUESTIONNAIRE_MIGRATION_2019', '2019-07-19 13:47:36', 'QUESTIONNAIRE_MIGRATION_2019'),
	(22, 11, 11, 824, 2, 6, -1, 3, 1, 0, 0, '', '2019-07-19 13:47:36', 'QUESTIONNAIRE_MIGRATION_2019', '2019-07-19 13:47:36', 'QUESTIONNAIRE_MIGRATION_2019'),
	(23, 11, 11, 811, 1, 6, -1, 3, 1, 0, 0, '', '2019-07-19 13:47:36', 'QUESTIONNAIRE_MIGRATION_2019', '2019-07-19 13:47:36', 'QUESTIONNAIRE_MIGRATION_2019'),
	(24, 11, 11, 830, 3, 6, -1, 3, 1, 0, 0, '', '2019-07-19 13:47:36', 'QUESTIONNAIRE_MIGRATION_2019', '2019-07-19 13:47:36', 'QUESTIONNAIRE_MIGRATION_2019'),
	(25, 11, 11, 832, 3, 6, -1, 3, 1, 0, 0, '', '2019-07-19 13:47:36', 'QUESTIONNAIRE_MIGRATION_2019', '2019-07-19 13:47:36', 'QUESTIONNAIRE_MIGRATION_2019'),
	(26, 11, 11, 823, 2, 7, -1, 3, 1, 0, 0, '', '2019-07-19 13:47:36', 'QUESTIONNAIRE_MIGRATION_2019', '2019-07-19 13:47:36', 'QUESTIONNAIRE_MIGRATION_2019'),
	(27, 11, 11, 824, 2, 7, -1, 3, 1, 0, 0, '', '2019-07-19 13:47:36', 'QUESTIONNAIRE_MIGRATION_2019', '2019-07-19 13:47:36', 'QUESTIONNAIRE_MIGRATION_2019'),
	(28, 11, 11, 811, 1, 7, -1, 3, 1, 0, 0, '', '2019-07-19 13:47:36', 'QUESTIONNAIRE_MIGRATION_2019', '2019-07-19 13:47:36', 'QUESTIONNAIRE_MIGRATION_2019'),
	(29, 11, 11, 830, 3, 7, -1, 3, 1, 0, 0, '', '2019-07-19 13:47:36', 'QUESTIONNAIRE_MIGRATION_2019', '2019-07-19 13:47:36', 'QUESTIONNAIRE_MIGRATION_2019'),
	(30, 11, 11, 832, 3, 7, -1, 3, 1, 0, 0, '', '2019-07-19 13:47:36', 'QUESTIONNAIRE_MIGRATION_2019', '2019-07-19 13:47:36', 'QUESTIONNAIRE_MIGRATION_2019'),
	(31, 11, 11, 823, 2, 8, -1, 3, 1, 0, 0, '', '2019-07-19 13:47:36', 'QUESTIONNAIRE_MIGRATION_2019', '2019-07-19 13:47:36', 'QUESTIONNAIRE_MIGRATION_2019'),
	(32, 11, 11, 824, 2, 8, -1, 3, 1, 0, 0, '', '2019-07-19 13:47:36', 'QUESTIONNAIRE_MIGRATION_2019', '2019-07-19 13:47:36', 'QUESTIONNAIRE_MIGRATION_2019'),
	(33, 11, 11, 811, 1, 8, -1, 3, 1, 0, 0, '', '2019-07-19 13:47:36', 'QUESTIONNAIRE_MIGRATION_2019', '2019-07-19 13:47:36', 'QUESTIONNAIRE_MIGRATION_2019'),
	(34, 11, 11, 830, 3, 8, -1, 3, 1, 0, 0, '', '2019-07-19 13:47:36', 'QUESTIONNAIRE_MIGRATION_2019', '2019-07-19 13:47:36', 'QUESTIONNAIRE_MIGRATION_2019'),
	(35, 11, 11, 832, 3, 8, -1, 3, 1, 0, 0, '', '2019-07-19 13:47:36', 'QUESTIONNAIRE_MIGRATION_2019', '2019-07-19 13:47:36', 'QUESTIONNAIRE_MIGRATION_2019'),
	(36, 11, 11, 823, 2, 9, -1, 3, 1, 0, 0, '', '2019-07-19 13:47:36', 'QUESTIONNAIRE_MIGRATION_2019', '2019-07-19 13:47:36', 'QUESTIONNAIRE_MIGRATION_2019'),
	(37, 11, 11, 824, 2, 9, -1, 3, 1, 0, 0, '', '2019-07-19 13:47:36', 'QUESTIONNAIRE_MIGRATION_2019', '2019-07-19 13:47:36', 'QUESTIONNAIRE_MIGRATION_2019'),
	(38, 11, 11, 811, 1, 9, -1, 3, 1, 0, 0, '', '2019-07-19 13:47:36', 'QUESTIONNAIRE_MIGRATION_2019', '2019-07-19 13:47:36', 'QUESTIONNAIRE_MIGRATION_2019'),
	(39, 11, 11, 830, 3, 9, -1, 3, 1, 0, 0, '', '2019-07-19 13:47:36', 'QUESTIONNAIRE_MIGRATION_2019', '2019-07-19 13:47:36', 'QUESTIONNAIRE_MIGRATION_2019'),
	(40, 11, 11, 832, 3, 9, -1, 3, 1, 0, 0, '', '2019-07-19 13:47:36', 'QUESTIONNAIRE_MIGRATION_2019', '2019-07-19 13:47:36', 'QUESTIONNAIRE_MIGRATION_2019'),
	(41, 11, 11, 823, 2, 10, -1, 3, 1, 0, 0, '', '2019-07-19 13:47:36', 'QUESTIONNAIRE_MIGRATION_2019', '2019-07-19 13:47:36', 'QUESTIONNAIRE_MIGRATION_2019'),
	(42, 11, 11, 824, 2, 10, -1, 3, 1, 0, 0, '', '2019-07-19 13:47:36', 'QUESTIONNAIRE_MIGRATION_2019', '2019-07-19 13:47:36', 'QUESTIONNAIRE_MIGRATION_2019'),
	(43, 11, 11, 811, 1, 10, -1, 3, 1, 0, 0, '', '2019-07-19 13:47:36', 'QUESTIONNAIRE_MIGRATION_2019', '2019-07-19 13:47:36', 'QUESTIONNAIRE_MIGRATION_2019'),
	(44, 11, 11, 830, 3, 10, -1, 3, 1, 0, 0, '', '2019-07-19 13:47:36', 'QUESTIONNAIRE_MIGRATION_2019', '2019-07-19 13:47:36', 'QUESTIONNAIRE_MIGRATION_2019'),
	(45, 11, 11, 832, 3, 10, -1, 3, 1, 0, 0, '', '2019-07-19 13:47:36', 'QUESTIONNAIRE_MIGRATION_2019', '2019-07-19 13:47:36', 'QUESTIONNAIRE_MIGRATION_2019'),
	(46, 11, 11, 823, 2, 11, -1, 3, 1, 0, 0, '', '2019-07-19 13:47:36', 'QUESTIONNAIRE_MIGRATION_2019', '2019-07-19 13:47:36', 'QUESTIONNAIRE_MIGRATION_2019'),
	(47, 11, 11, 824, 2, 11, -1, 3, 1, 0, 0, '', '2019-07-19 13:47:36', 'QUESTIONNAIRE_MIGRATION_2019', '2019-07-19 13:47:36', 'QUESTIONNAIRE_MIGRATION_2019'),
	(48, 11, 11, 811, 1, 11, -1, 3, 1, 0, 0, '', '2019-07-19 13:47:36', 'QUESTIONNAIRE_MIGRATION_2019', '2019-07-19 13:47:36', 'QUESTIONNAIRE_MIGRATION_2019'),
	(49, 11, 11, 830, 3, 11, -1, 3, 1, 0, 0, '', '2019-07-19 13:47:36', 'QUESTIONNAIRE_MIGRATION_2019', '2019-07-19 13:47:36', 'QUESTIONNAIRE_MIGRATION_2019'),
	(50, 11, 11, 832, 3, 11, -1, 3, 1, 0, 0, '', '2019-07-19 13:47:36', 'QUESTIONNAIRE_MIGRATION_2019', '2019-07-19 13:47:36', 'QUESTIONNAIRE_MIGRATION_2019'),
	(51, 11, 11, 823, 2, 12, -1, 3, 1, 0, 0, '', '2019-07-19 13:47:36', 'QUESTIONNAIRE_MIGRATION_2019', '2019-07-19 13:47:36', 'QUESTIONNAIRE_MIGRATION_2019'),
	(52, 11, 11, 824, 2, 12, -1, 3, 1, 0, 0, '', '2019-07-19 13:47:36', 'QUESTIONNAIRE_MIGRATION_2019', '2019-07-19 13:47:36', 'QUESTIONNAIRE_MIGRATION_2019'),
	(53, 11, 11, 811, 1, 12, -1, 3, 1, 0, 0, '', '2019-07-19 13:47:36', 'QUESTIONNAIRE_MIGRATION_2019', '2019-07-19 13:47:36', 'QUESTIONNAIRE_MIGRATION_2019'),
	(54, 11, 11, 830, 3, 12, -1, 3, 1, 0, 0, '', '2019-07-19 13:47:36', 'QUESTIONNAIRE_MIGRATION_2019', '2019-07-19 13:47:36', 'QUESTIONNAIRE_MIGRATION_2019'),
	(55, 11, 11, 832, 3, 12, -1, 3, 1, 0, 0, '', '2019-07-19 13:47:36', 'QUESTIONNAIRE_MIGRATION_2019', '2019-07-19 13:47:36', 'QUESTIONNAIRE_MIGRATION_2019'),
	(56, 11, 11, 823, 2, 13, -1, 3, 1, 0, 0, '', '2019-07-19 13:47:36', 'QUESTIONNAIRE_MIGRATION_2019', '2019-07-19 13:47:36', 'QUESTIONNAIRE_MIGRATION_2019'),
	(57, 11, 11, 824, 2, 13, -1, 3, 1, 0, 0, '', '2019-07-19 13:47:36', 'QUESTIONNAIRE_MIGRATION_2019', '2019-07-19 13:47:36', 'QUESTIONNAIRE_MIGRATION_2019'),
	(58, 11, 11, 811, 1, 13, -1, 3, 1, 0, 0, '', '2019-07-19 13:47:36', 'QUESTIONNAIRE_MIGRATION_2019', '2019-07-19 13:47:36', 'QUESTIONNAIRE_MIGRATION_2019'),
	(59, 11, 11, 830, 3, 13, -1, 3, 1, 0, 0, '', '2019-07-19 13:47:36', 'QUESTIONNAIRE_MIGRATION_2019', '2019-07-19 13:47:36', 'QUESTIONNAIRE_MIGRATION_2019'),
	(60, 11, 11, 832, 3, 13, -1, 3, 1, 0, 0, '', '2019-07-19 13:47:36', 'QUESTIONNAIRE_MIGRATION_2019', '2019-07-19 13:47:36', 'QUESTIONNAIRE_MIGRATION_2019'),
	(61, 11, 11, 823, 2, 14, -1, 3, 1, 0, 0, '', '2019-07-19 13:47:36', 'QUESTIONNAIRE_MIGRATION_2019', '2019-07-19 13:47:36', 'QUESTIONNAIRE_MIGRATION_2019'),
	(62, 11, 11, 824, 2, 14, -1, 3, 1, 0, 0, '', '2019-07-19 13:47:36', 'QUESTIONNAIRE_MIGRATION_2019', '2019-07-19 13:47:36', 'QUESTIONNAIRE_MIGRATION_2019'),
	(63, 11, 11, 811, 1, 14, -1, 3, 1, 0, 0, '', '2019-07-19 13:47:36', 'QUESTIONNAIRE_MIGRATION_2019', '2019-07-19 13:47:36', 'QUESTIONNAIRE_MIGRATION_2019'),
	(64, 11, 11, 830, 3, 14, -1, 3, 1, 0, 0, '', '2019-07-19 13:47:36', 'QUESTIONNAIRE_MIGRATION_2019', '2019-07-19 13:47:36', 'QUESTIONNAIRE_MIGRATION_2019'),
	(65, 11, 11, 832, 3, 14, -1, 3, 1, 0, 0, '', '2019-07-19 13:47:36', 'QUESTIONNAIRE_MIGRATION_2019', '2019-07-19 13:47:36', 'QUESTIONNAIRE_MIGRATION_2019'),
	(66, 11, 11, 823, 2, 15, -1, 3, 1, 0, 0, '', '2019-07-19 13:47:36', 'QUESTIONNAIRE_MIGRATION_2019', '2019-07-19 13:47:36', 'QUESTIONNAIRE_MIGRATION_2019'),
	(67, 11, 11, 824, 2, 15, -1, 3, 1, 0, 0, '', '2019-07-19 13:47:36', 'QUESTIONNAIRE_MIGRATION_2019', '2019-07-19 13:47:36', 'QUESTIONNAIRE_MIGRATION_2019'),
	(68, 11, 11, 811, 1, 15, -1, 3, 1, 0, 0, '', '2019-07-19 13:47:36', 'QUESTIONNAIRE_MIGRATION_2019', '2019-07-19 13:47:36', 'QUESTIONNAIRE_MIGRATION_2019'),
	(69, 11, 11, 830, 3, 15, -1, 3, 1, 0, 0, '', '2019-07-19 13:47:36', 'QUESTIONNAIRE_MIGRATION_2019', '2019-07-19 13:47:36', 'QUESTIONNAIRE_MIGRATION_2019'),
	(70, 11, 11, 832, 3, 15, -1, 3, 1, 0, 0, '', '2019-07-19 13:47:36', 'QUESTIONNAIRE_MIGRATION_2019', '2019-07-19 13:47:36', 'QUESTIONNAIRE_MIGRATION_2019'),
	(71, 11, 11, 823, 2, 16, -1, 3, 1, 0, 0, '', '2019-07-19 13:47:36', 'QUESTIONNAIRE_MIGRATION_2019', '2019-07-19 13:47:36', 'QUESTIONNAIRE_MIGRATION_2019'),
	(72, 11, 11, 824, 2, 16, -1, 3, 1, 0, 0, '', '2019-07-19 13:47:36', 'QUESTIONNAIRE_MIGRATION_2019', '2019-07-19 13:47:36', 'QUESTIONNAIRE_MIGRATION_2019'),
	(73, 11, 11, 811, 1, 16, -1, 3, 1, 0, 0, '', '2019-07-19 13:47:36', 'QUESTIONNAIRE_MIGRATION_2019', '2019-07-19 13:47:36', 'QUESTIONNAIRE_MIGRATION_2019'),
	(74, 11, 11, 830, 3, 16, -1, 3, 1, 0, 0, '', '2019-07-19 13:47:36', 'QUESTIONNAIRE_MIGRATION_2019', '2019-07-19 13:47:36', 'QUESTIONNAIRE_MIGRATION_2019'),
	(75, 11, 11, 832, 3, 16, -1, 3, 1, 0, 0, '', '2019-07-19 13:47:36', 'QUESTIONNAIRE_MIGRATION_2019', '2019-07-19 13:47:36', 'QUESTIONNAIRE_MIGRATION_2019'),
	(76, 11, 11, 823, 2, 17, -1, 3, 1, 0, 0, '', '2019-07-19 13:47:36', 'QUESTIONNAIRE_MIGRATION_2019', '2019-07-19 13:47:36', 'QUESTIONNAIRE_MIGRATION_2019'),
	(77, 11, 11, 824, 2, 17, -1, 3, 1, 0, 0, '', '2019-07-19 13:47:36', 'QUESTIONNAIRE_MIGRATION_2019', '2019-07-19 13:47:36', 'QUESTIONNAIRE_MIGRATION_2019'),
	(78, 11, 11, 811, 1, 17, -1, 3, 1, 0, 0, '', '2019-07-19 13:47:36', 'QUESTIONNAIRE_MIGRATION_2019', '2019-07-19 13:47:36', 'QUESTIONNAIRE_MIGRATION_2019'),
	(79, 11, 11, 830, 3, 17, -1, 3, 1, 0, 0, '', '2019-07-19 13:47:36', 'QUESTIONNAIRE_MIGRATION_2019', '2019-07-19 13:47:36', 'QUESTIONNAIRE_MIGRATION_2019'),
	(80, 11, 11, 832, 3, 17, -1, 3, 1, 0, 0, '', '2019-07-19 13:47:36', 'QUESTIONNAIRE_MIGRATION_2019', '2019-07-19 13:47:36', 'QUESTIONNAIRE_MIGRATION_2019'),
	(81, 11, 11, 823, 2, 18, -1, 3, 1, 0, 0, '', '2019-07-19 13:47:36', 'QUESTIONNAIRE_MIGRATION_2019', '2019-07-19 13:47:36', 'QUESTIONNAIRE_MIGRATION_2019'),
	(82, 11, 11, 824, 2, 18, -1, 3, 1, 0, 0, '', '2019-07-19 13:47:36', 'QUESTIONNAIRE_MIGRATION_2019', '2019-07-19 13:47:36', 'QUESTIONNAIRE_MIGRATION_2019'),
	(83, 11, 11, 811, 1, 18, -1, 3, 1, 0, 0, '', '2019-07-19 13:47:36', 'QUESTIONNAIRE_MIGRATION_2019', '2019-07-19 13:47:36', 'QUESTIONNAIRE_MIGRATION_2019'),
	(84, 11, 11, 830, 3, 18, -1, 3, 1, 0, 0, '', '2019-07-19 13:47:36', 'QUESTIONNAIRE_MIGRATION_2019', '2019-07-19 13:47:36', 'QUESTIONNAIRE_MIGRATION_2019'),
	(85, 11, 11, 832, 3, 18, -1, 3, 1, 0, 0, '', '2019-07-19 13:47:36', 'QUESTIONNAIRE_MIGRATION_2019', '2019-07-19 13:47:36', 'QUESTIONNAIRE_MIGRATION_2019'),
	(86, 11, 11, 823, 2, 19, -1, 3, 1, 0, 0, '', '2019-07-19 13:47:36', 'QUESTIONNAIRE_MIGRATION_2019', '2019-07-19 13:47:36', 'QUESTIONNAIRE_MIGRATION_2019'),
	(87, 11, 11, 824, 2, 19, -1, 3, 1, 0, 0, '', '2019-07-19 13:47:36', 'QUESTIONNAIRE_MIGRATION_2019', '2019-07-19 13:47:36', 'QUESTIONNAIRE_MIGRATION_2019'),
	(88, 11, 11, 811, 1, 19, -1, 3, 1, 0, 0, '', '2019-07-19 13:47:36', 'QUESTIONNAIRE_MIGRATION_2019', '2019-07-19 13:47:36', 'QUESTIONNAIRE_MIGRATION_2019'),
	(89, 11, 11, 830, 3, 19, -1, 3, 1, 0, 0, '', '2019-07-19 13:47:36', 'QUESTIONNAIRE_MIGRATION_2019', '2019-07-19 13:47:36', 'QUESTIONNAIRE_MIGRATION_2019'),
	(90, 11, 11, 832, 3, 19, -1, 3, 1, 0, 0, '', '2019-07-19 13:47:36', 'QUESTIONNAIRE_MIGRATION_2019', '2019-07-19 13:47:36', 'QUESTIONNAIRE_MIGRATION_2019'),
	(91, 11, 11, 823, 2, 20, -1, 3, 1, 0, 0, '', '2019-07-19 13:47:36', 'QUESTIONNAIRE_MIGRATION_2019', '2019-07-19 13:47:36', 'QUESTIONNAIRE_MIGRATION_2019'),
	(92, 11, 11, 824, 2, 20, -1, 3, 1, 0, 0, '', '2019-07-19 13:47:36', 'QUESTIONNAIRE_MIGRATION_2019', '2019-07-19 13:47:36', 'QUESTIONNAIRE_MIGRATION_2019'),
	(93, 11, 11, 811, 1, 20, -1, 3, 1, 0, 0, '', '2019-07-19 13:47:36', 'QUESTIONNAIRE_MIGRATION_2019', '2019-07-19 13:47:36', 'QUESTIONNAIRE_MIGRATION_2019'),
	(94, 11, 11, 830, 3, 20, -1, 3, 1, 0, 0, '', '2019-07-19 13:47:36', 'QUESTIONNAIRE_MIGRATION_2019', '2019-07-19 13:47:36', 'QUESTIONNAIRE_MIGRATION_2019'),
	(95, 11, 11, 832, 3, 20, -1, 3, 1, 0, 0, '', '2019-07-19 13:47:36', 'QUESTIONNAIRE_MIGRATION_2019', '2019-07-19 13:47:36', 'QUESTIONNAIRE_MIGRATION_2019'),
	(96, 11, 11, 823, 2, 21, -1, 3, 1, 0, 0, '', '2019-07-19 13:47:36', 'QUESTIONNAIRE_MIGRATION_2019', '2019-07-19 13:47:36', 'QUESTIONNAIRE_MIGRATION_2019'),
	(97, 11, 11, 824, 2, 21, -1, 3, 1, 0, 0, '', '2019-07-19 13:47:36', 'QUESTIONNAIRE_MIGRATION_2019', '2019-07-19 13:47:36', 'QUESTIONNAIRE_MIGRATION_2019'),
	(98, 11, 11, 811, 1, 21, -1, 3, 1, 0, 0, '', '2019-07-19 13:47:36', 'QUESTIONNAIRE_MIGRATION_2019', '2019-07-19 13:47:36', 'QUESTIONNAIRE_MIGRATION_2019'),
	(99, 11, 11, 830, 3, 21, -1, 3, 1, 0, 0, '', '2019-07-19 13:47:36', 'QUESTIONNAIRE_MIGRATION_2019', '2019-07-19 13:47:36', 'QUESTIONNAIRE_MIGRATION_2019'),
	(100, 11, 11, 832, 3, 21, -1, 3, 1, 0, 0, '', '2019-07-19 13:47:36', 'QUESTIONNAIRE_MIGRATION_2019', '2019-07-19 13:47:36', 'QUESTIONNAIRE_MIGRATION_2019'),
	(101, 11, 11, 823, 2, 22, -1, 3, 1, 0, 0, '', '2019-07-19 13:47:36', 'QUESTIONNAIRE_MIGRATION_2019', '2019-07-19 13:47:36', 'QUESTIONNAIRE_MIGRATION_2019'),
	(102, 11, 11, 824, 2, 22, -1, 3, 1, 0, 0, '', '2019-07-19 13:47:36', 'QUESTIONNAIRE_MIGRATION_2019', '2019-07-19 13:47:36', 'QUESTIONNAIRE_MIGRATION_2019'),
	(103, 11, 11, 811, 1, 22, -1, 3, 1, 0, 0, '', '2019-07-19 13:47:36', 'QUESTIONNAIRE_MIGRATION_2019', '2019-07-19 13:47:36', 'QUESTIONNAIRE_MIGRATION_2019'),
	(104, 11, 11, 830, 3, 22, -1, 3, 1, 0, 0, '', '2019-07-19 13:47:36', 'QUESTIONNAIRE_MIGRATION_2019', '2019-07-19 13:47:36', 'QUESTIONNAIRE_MIGRATION_2019'),
	(105, 11, 11, 832, 3, 22, -1, 3, 1, 0, 0, '', '2019-07-19 13:47:36', 'QUESTIONNAIRE_MIGRATION_2019', '2019-07-19 13:47:36', 'QUESTIONNAIRE_MIGRATION_2019'),
	(106, 11, 11, 823, 2, 23, -1, 3, 1, 0, 0, '', '2019-07-19 13:47:36', 'QUESTIONNAIRE_MIGRATION_2019', '2019-07-19 13:47:36', 'QUESTIONNAIRE_MIGRATION_2019'),
	(107, 11, 11, 824, 2, 23, -1, 3, 1, 0, 0, '', '2019-07-19 13:47:36', 'QUESTIONNAIRE_MIGRATION_2019', '2019-07-19 13:47:36', 'QUESTIONNAIRE_MIGRATION_2019'),
	(108, 11, 11, 811, 1, 23, -1, 3, 1, 0, 0, '', '2019-07-19 13:47:36', 'QUESTIONNAIRE_MIGRATION_2019', '2019-07-19 13:47:36', 'QUESTIONNAIRE_MIGRATION_2019'),
	(109, 11, 11, 830, 3, 23, -1, 3, 1, 0, 0, '', '2019-07-19 13:47:36', 'QUESTIONNAIRE_MIGRATION_2019', '2019-07-19 13:47:36', 'QUESTIONNAIRE_MIGRATION_2019'),
	(110, 11, 11, 832, 3, 23, -1, 3, 1, 0, 0, '', '2019-07-19 13:47:36', 'QUESTIONNAIRE_MIGRATION_2019', '2019-07-19 13:47:36', 'QUESTIONNAIRE_MIGRATION_2019'),
	(111, 11, 11, 823, 2, 24, -1, 3, 1, 0, 0, '', '2019-07-19 13:47:36', 'QUESTIONNAIRE_MIGRATION_2019', '2019-07-19 13:47:36', 'QUESTIONNAIRE_MIGRATION_2019'),
	(112, 11, 11, 824, 2, 24, -1, 3, 1, 0, 0, '', '2019-07-19 13:47:36', 'QUESTIONNAIRE_MIGRATION_2019', '2019-07-19 13:47:36', 'QUESTIONNAIRE_MIGRATION_2019'),
	(113, 11, 11, 811, 1, 24, -1, 3, 1, 0, 0, '', '2019-07-19 13:47:36', 'QUESTIONNAIRE_MIGRATION_2019', '2019-07-19 13:47:36', 'QUESTIONNAIRE_MIGRATION_2019'),
	(114, 11, 11, 830, 3, 24, -1, 3, 1, 0, 0, '', '2019-07-19 13:47:36', 'QUESTIONNAIRE_MIGRATION_2019', '2019-07-19 13:47:36', 'QUESTIONNAIRE_MIGRATION_2019'),
	(115, 11, 11, 832, 3, 24, -1, 3, 1, 0, 0, '', '2019-07-19 13:47:36', 'QUESTIONNAIRE_MIGRATION_2019', '2019-07-19 13:47:36', 'QUESTIONNAIRE_MIGRATION_2019'),
	(116, 11, 11, 823, 2, 25, -1, 3, 1, 0, 0, '', '2019-07-19 13:47:36', 'QUESTIONNAIRE_MIGRATION_2019', '2019-07-19 13:47:36', 'QUESTIONNAIRE_MIGRATION_2019'),
	(117, 11, 11, 824, 2, 25, -1, 3, 1, 0, 0, '', '2019-07-19 13:47:36', 'QUESTIONNAIRE_MIGRATION_2019', '2019-07-19 13:47:36', 'QUESTIONNAIRE_MIGRATION_2019'),
	(118, 11, 11, 811, 1, 25, -1, 3, 1, 0, 0, '', '2019-07-19 13:47:36', 'QUESTIONNAIRE_MIGRATION_2019', '2019-07-19 13:47:36', 'QUESTIONNAIRE_MIGRATION_2019'),
	(119, 11, 11, 830, 3, 25, -1, 3, 1, 0, 0, '', '2019-07-19 13:47:36', 'QUESTIONNAIRE_MIGRATION_2019', '2019-07-19 13:47:36', 'QUESTIONNAIRE_MIGRATION_2019'),
	(120, 11, 11, 832, 3, 25, -1, 3, 1, 0, 0, '', '2019-07-19 13:47:36', 'QUESTIONNAIRE_MIGRATION_2019', '2019-07-19 13:47:36', 'QUESTIONNAIRE_MIGRATION_2019'),
	(121, 11, 11, 823, 2, 26, -1, 3, 1, 0, 0, '', '2019-07-19 13:47:36', 'QUESTIONNAIRE_MIGRATION_2019', '2019-07-19 13:47:36', 'QUESTIONNAIRE_MIGRATION_2019'),
	(122, 11, 11, 824, 2, 26, -1, 3, 1, 0, 0, '', '2019-07-19 13:47:36', 'QUESTIONNAIRE_MIGRATION_2019', '2019-07-19 13:47:36', 'QUESTIONNAIRE_MIGRATION_2019'),
	(123, 11, 11, 811, 1, 26, -1, 3, 1, 0, 0, '', '2019-07-19 13:47:36', 'QUESTIONNAIRE_MIGRATION_2019', '2019-07-19 13:47:36', 'QUESTIONNAIRE_MIGRATION_2019'),
	(124, 11, 11, 830, 3, 26, -1, 3, 1, 0, 0, '', '2019-07-19 13:47:36', 'QUESTIONNAIRE_MIGRATION_2019', '2019-07-19 13:47:36', 'QUESTIONNAIRE_MIGRATION_2019'),
	(125, 11, 11, 832, 3, 26, -1, 3, 1, 0, 0, '', '2019-07-19 13:47:36', 'QUESTIONNAIRE_MIGRATION_2019', '2019-07-19 13:47:36', 'QUESTIONNAIRE_MIGRATION_2019'),
	(126, 11, 11, 823, 2, 27, -1, 3, 1, 0, 0, '', '2019-07-19 13:47:36', 'QUESTIONNAIRE_MIGRATION_2019', '2019-07-19 13:47:36', 'QUESTIONNAIRE_MIGRATION_2019'),
	(127, 11, 11, 824, 2, 27, -1, 3, 1, 0, 0, '', '2019-07-19 13:47:36', 'QUESTIONNAIRE_MIGRATION_2019', '2019-07-19 13:47:36', 'QUESTIONNAIRE_MIGRATION_2019'),
	(128, 11, 11, 811, 1, 27, -1, 3, 1, 0, 0, '', '2019-07-19 13:47:36', 'QUESTIONNAIRE_MIGRATION_2019', '2019-07-19 13:47:36', 'QUESTIONNAIRE_MIGRATION_2019'),
	(129, 11, 11, 830, 3, 27, -1, 3, 1, 0, 0, '', '2019-07-19 13:47:36', 'QUESTIONNAIRE_MIGRATION_2019', '2019-07-19 13:47:36', 'QUESTIONNAIRE_MIGRATION_2019'),
	(130, 11, 11, 832, 3, 27, -1, 3, 1, 0, 0, '', '2019-07-19 13:47:36', 'QUESTIONNAIRE_MIGRATION_2019', '2019-07-19 13:47:36', 'QUESTIONNAIRE_MIGRATION_2019'),
	(131, 11, 11, 823, 2, 28, -1, 3, 1, 0, 0, '', '2019-07-19 13:47:36', 'QUESTIONNAIRE_MIGRATION_2019', '2019-07-19 13:47:36', 'QUESTIONNAIRE_MIGRATION_2019'),
	(132, 11, 11, 824, 2, 28, -1, 3, 1, 0, 0, '', '2019-07-19 13:47:36', 'QUESTIONNAIRE_MIGRATION_2019', '2019-07-19 13:47:36', 'QUESTIONNAIRE_MIGRATION_2019'),
	(133, 11, 11, 811, 1, 28, -1, 3, 1, 0, 0, '', '2019-07-19 13:47:36', 'QUESTIONNAIRE_MIGRATION_2019', '2019-07-19 13:47:36', 'QUESTIONNAIRE_MIGRATION_2019'),
	(134, 11, 11, 830, 3, 28, -1, 3, 1, 0, 0, '', '2019-07-19 13:47:36', 'QUESTIONNAIRE_MIGRATION_2019', '2019-07-19 13:47:36', 'QUESTIONNAIRE_MIGRATION_2019'),
	(135, 11, 11, 832, 3, 28, -1, 3, 1, 0, 0, '', '2019-07-19 13:47:36', 'QUESTIONNAIRE_MIGRATION_2019', '2019-07-19 13:47:36', 'QUESTIONNAIRE_MIGRATION_2019'),
	(136, 11, 11, 823, 2, 29, -1, 3, 1, 0, 0, '', '2019-07-19 13:47:36', 'QUESTIONNAIRE_MIGRATION_2019', '2019-07-19 13:47:36', 'QUESTIONNAIRE_MIGRATION_2019'),
	(137, 11, 11, 824, 2, 29, -1, 3, 1, 0, 0, '', '2019-07-19 13:47:36', 'QUESTIONNAIRE_MIGRATION_2019', '2019-07-19 13:47:36', 'QUESTIONNAIRE_MIGRATION_2019'),
	(138, 11, 11, 811, 1, 29, -1, 3, 1, 0, 0, '', '2019-07-19 13:47:36', 'QUESTIONNAIRE_MIGRATION_2019', '2019-07-19 13:47:36', 'QUESTIONNAIRE_MIGRATION_2019'),
	(139, 11, 11, 830, 3, 29, -1, 3, 1, 0, 0, '', '2019-07-19 13:47:36', 'QUESTIONNAIRE_MIGRATION_2019', '2019-07-19 13:47:36', 'QUESTIONNAIRE_MIGRATION_2019'),
	(140, 11, 11, 832, 3, 29, -1, 3, 1, 0, 0, '', '2019-07-19 13:47:36', 'QUESTIONNAIRE_MIGRATION_2019', '2019-07-19 13:47:36', 'QUESTIONNAIRE_MIGRATION_2019'),
	(141, 11, 11, 823, 2, 30, -1, 3, 1, 0, 0, '', '2019-07-19 13:47:36', 'QUESTIONNAIRE_MIGRATION_2019', '2019-07-19 13:47:36', 'QUESTIONNAIRE_MIGRATION_2019'),
	(142, 11, 11, 824, 2, 30, -1, 3, 1, 0, 0, '', '2019-07-19 13:47:36', 'QUESTIONNAIRE_MIGRATION_2019', '2019-07-19 13:47:36', 'QUESTIONNAIRE_MIGRATION_2019'),
	(143, 11, 11, 811, 1, 30, -1, 3, 1, 0, 0, '', '2019-07-19 13:47:36', 'QUESTIONNAIRE_MIGRATION_2019', '2019-07-19 13:47:36', 'QUESTIONNAIRE_MIGRATION_2019'),
	(144, 11, 11, 830, 3, 30, -1, 3, 1, 0, 0, '', '2019-07-19 13:47:36', 'QUESTIONNAIRE_MIGRATION_2019', '2019-07-19 13:47:36', 'QUESTIONNAIRE_MIGRATION_2019'),
	(145, 11, 11, 832, 3, 30, -1, 3, 1, 0, 0, '', '2019-07-19 13:47:36', 'QUESTIONNAIRE_MIGRATION_2019', '2019-07-19 13:47:36', 'QUESTIONNAIRE_MIGRATION_2019'),
	(146, 11, 11, 823, 2, 31, -1, 3, 1, 0, 0, '', '2019-07-19 13:47:36', 'QUESTIONNAIRE_MIGRATION_2019', '2019-07-19 13:47:36', 'QUESTIONNAIRE_MIGRATION_2019'),
	(147, 11, 11, 824, 2, 31, -1, 3, 1, 0, 0, '', '2019-07-19 13:47:36', 'QUESTIONNAIRE_MIGRATION_2019', '2019-07-19 13:47:36', 'QUESTIONNAIRE_MIGRATION_2019'),
	(148, 11, 11, 811, 1, 31, -1, 3, 1, 0, 0, '', '2019-07-19 13:47:36', 'QUESTIONNAIRE_MIGRATION_2019', '2019-07-19 13:47:36', 'QUESTIONNAIRE_MIGRATION_2019'),
	(149, 11, 11, 830, 3, 31, -1, 3, 1, 0, 0, '', '2019-07-19 13:47:36', 'QUESTIONNAIRE_MIGRATION_2019', '2019-07-19 13:47:36', 'QUESTIONNAIRE_MIGRATION_2019'),
	(150, 11, 11, 832, 3, 31, -1, 3, 1, 0, 0, '', '2019-07-19 13:47:36', 'QUESTIONNAIRE_MIGRATION_2019', '2019-07-19 13:47:36', 'QUESTIONNAIRE_MIGRATION_2019'),
	(151, 11, 11, 823, 2, 32, -1, 3, 1, 0, 0, '', '2019-07-19 13:47:36', 'QUESTIONNAIRE_MIGRATION_2019', '2019-07-19 13:47:36', 'QUESTIONNAIRE_MIGRATION_2019'),
	(152, 11, 11, 824, 2, 32, -1, 3, 1, 0, 0, '', '2019-07-19 13:47:36', 'QUESTIONNAIRE_MIGRATION_2019', '2019-07-19 13:47:36', 'QUESTIONNAIRE_MIGRATION_2019'),
	(153, 11, 11, 811, 1, 32, -1, 3, 1, 0, 0, '', '2019-07-19 13:47:36', 'QUESTIONNAIRE_MIGRATION_2019', '2019-07-19 13:47:36', 'QUESTIONNAIRE_MIGRATION_2019'),
	(154, 11, 11, 830, 3, 32, -1, 3, 1, 0, 0, '', '2019-07-19 13:47:36', 'QUESTIONNAIRE_MIGRATION_2019', '2019-07-19 13:47:36', 'QUESTIONNAIRE_MIGRATION_2019'),
	(155, 11, 11, 832, 3, 32, -1, 3, 1, 0, 0, '', '2019-07-19 13:47:36', 'QUESTIONNAIRE_MIGRATION_2019', '2019-07-19 13:47:36', 'QUESTIONNAIRE_MIGRATION_2019'),
	(156, 11, 11, 823, 2, 33, -1, 3, 1, 0, 0, '', '2019-07-19 13:47:36', 'QUESTIONNAIRE_MIGRATION_2019', '2019-07-19 13:47:36', 'QUESTIONNAIRE_MIGRATION_2019'),
	(157, 11, 11, 824, 2, 33, -1, 3, 1, 0, 0, '', '2019-07-19 13:47:36', 'QUESTIONNAIRE_MIGRATION_2019', '2019-07-19 13:47:36', 'QUESTIONNAIRE_MIGRATION_2019'),
	(158, 11, 11, 811, 1, 33, -1, 3, 1, 0, 0, '', '2019-07-19 13:47:36', 'QUESTIONNAIRE_MIGRATION_2019', '2019-07-19 13:47:36', 'QUESTIONNAIRE_MIGRATION_2019'),
	(159, 11, 11, 830, 3, 33, -1, 3, 1, 0, 0, '', '2019-07-19 13:47:36', 'QUESTIONNAIRE_MIGRATION_2019', '2019-07-19 13:47:36', 'QUESTIONNAIRE_MIGRATION_2019'),
	(160, 11, 11, 832, 3, 33, -1, 3, 1, 0, 0, '', '2019-07-19 13:47:36', 'QUESTIONNAIRE_MIGRATION_2019', '2019-07-19 13:47:36', 'QUESTIONNAIRE_MIGRATION_2019'),
	(161, 11, 11, 823, 2, 34, -1, 3, 1, 0, 0, '', '2019-07-19 13:47:36', 'QUESTIONNAIRE_MIGRATION_2019', '2019-07-19 13:47:36', 'QUESTIONNAIRE_MIGRATION_2019'),
	(162, 11, 11, 824, 2, 34, -1, 3, 1, 0, 0, '', '2019-07-19 13:47:36', 'QUESTIONNAIRE_MIGRATION_2019', '2019-07-19 13:47:36', 'QUESTIONNAIRE_MIGRATION_2019'),
	(163, 11, 11, 811, 1, 34, -1, 3, 1, 0, 0, '', '2019-07-19 13:47:36', 'QUESTIONNAIRE_MIGRATION_2019', '2019-07-19 13:47:36', 'QUESTIONNAIRE_MIGRATION_2019'),
	(164, 11, 11, 830, 3, 34, -1, 3, 1, 0, 0, '', '2019-07-19 13:47:36', 'QUESTIONNAIRE_MIGRATION_2019', '2019-07-19 13:47:36', 'QUESTIONNAIRE_MIGRATION_2019'),
	(165, 11, 11, 832, 3, 34, -1, 3, 1, 0, 0, '', '2019-07-19 13:47:36', 'QUESTIONNAIRE_MIGRATION_2019', '2019-07-19 13:47:36', 'QUESTIONNAIRE_MIGRATION_2019'),
	(166, 11, 11, 823, 2, 35, -1, 3, 1, 0, 0, '', '2019-07-19 13:47:36', 'QUESTIONNAIRE_MIGRATION_2019', '2019-07-19 13:47:36', 'QUESTIONNAIRE_MIGRATION_2019'),
	(167, 11, 11, 824, 2, 35, -1, 3, 1, 0, 0, '', '2019-07-19 13:47:36', 'QUESTIONNAIRE_MIGRATION_2019', '2019-07-19 13:47:36', 'QUESTIONNAIRE_MIGRATION_2019'),
	(168, 11, 11, 811, 1, 35, -1, 3, 1, 0, 0, '', '2019-07-19 13:47:36', 'QUESTIONNAIRE_MIGRATION_2019', '2019-07-19 13:47:36', 'QUESTIONNAIRE_MIGRATION_2019'),
	(169, 11, 11, 830, 3, 35, -1, 3, 1, 0, 0, '', '2019-07-19 13:47:36', 'QUESTIONNAIRE_MIGRATION_2019', '2019-07-19 13:47:36', 'QUESTIONNAIRE_MIGRATION_2019'),
	(170, 11, 11, 832, 3, 35, -1, 3, 1, 0, 0, '', '2019-07-19 13:47:36', 'QUESTIONNAIRE_MIGRATION_2019', '2019-07-19 13:47:36', 'QUESTIONNAIRE_MIGRATION_2019'),
	(171, 11, 11, 823, 2, 36, -1, 3, 1, 0, 0, '', '2019-07-19 13:47:36', 'QUESTIONNAIRE_MIGRATION_2019', '2019-07-19 13:47:36', 'QUESTIONNAIRE_MIGRATION_2019'),
	(172, 11, 11, 824, 2, 36, -1, 3, 1, 0, 0, '', '2019-07-19 13:47:36', 'QUESTIONNAIRE_MIGRATION_2019', '2019-07-19 13:47:36', 'QUESTIONNAIRE_MIGRATION_2019'),
	(173, 11, 11, 811, 1, 36, -1, 3, 1, 0, 0, '', '2019-07-19 13:47:36', 'QUESTIONNAIRE_MIGRATION_2019', '2019-07-19 13:47:36', 'QUESTIONNAIRE_MIGRATION_2019'),
	(174, 11, 11, 830, 3, 36, -1, 3, 1, 0, 0, '', '2019-07-19 13:47:36', 'QUESTIONNAIRE_MIGRATION_2019', '2019-07-19 13:47:36', 'QUESTIONNAIRE_MIGRATION_2019'),
	(175, 11, 11, 832, 3, 36, -1, 3, 1, 0, 0, '', '2019-07-19 13:47:36', 'QUESTIONNAIRE_MIGRATION_2019', '2019-07-19 13:47:36', 'QUESTIONNAIRE_MIGRATION_2019'),
	(176, 11, 11, 823, 2, 37, -1, 3, 1, 0, 0, '', '2019-07-19 13:47:36', 'QUESTIONNAIRE_MIGRATION_2019', '2019-07-19 13:47:36', 'QUESTIONNAIRE_MIGRATION_2019'),
	(177, 11, 11, 824, 2, 37, -1, 3, 1, 0, 0, '', '2019-07-19 13:47:36', 'QUESTIONNAIRE_MIGRATION_2019', '2019-07-19 13:47:36', 'QUESTIONNAIRE_MIGRATION_2019'),
	(178, 11, 11, 811, 1, 37, -1, 3, 1, 0, 0, '', '2019-07-19 13:47:36', 'QUESTIONNAIRE_MIGRATION_2019', '2019-07-19 13:47:36', 'QUESTIONNAIRE_MIGRATION_2019'),
	(179, 11, 11, 830, 3, 37, -1, 3, 1, 0, 0, '', '2019-07-19 13:47:36', 'QUESTIONNAIRE_MIGRATION_2019', '2019-07-19 13:47:36', 'QUESTIONNAIRE_MIGRATION_2019'),
	(180, 11, 11, 832, 3, 37, -1, 3, 1, 0, 0, '', '2019-07-19 13:47:36', 'QUESTIONNAIRE_MIGRATION_2019', '2019-07-19 13:47:36', 'QUESTIONNAIRE_MIGRATION_2019'),
	(181, 11, 11, 823, 2, 38, -1, 3, 1, 0, 0, '', '2019-07-19 13:47:36', 'QUESTIONNAIRE_MIGRATION_2019', '2019-07-19 13:47:36', 'QUESTIONNAIRE_MIGRATION_2019'),
	(182, 11, 11, 824, 2, 38, -1, 3, 1, 0, 0, '', '2019-07-19 13:47:36', 'QUESTIONNAIRE_MIGRATION_2019', '2019-07-19 13:47:36', 'QUESTIONNAIRE_MIGRATION_2019'),
	(183, 11, 11, 811, 1, 38, -1, 3, 1, 0, 0, '', '2019-07-19 13:47:36', 'QUESTIONNAIRE_MIGRATION_2019', '2019-07-19 13:47:36', 'QUESTIONNAIRE_MIGRATION_2019'),
	(184, 11, 11, 830, 3, 38, -1, 3, 1, 0, 0, '', '2019-07-19 13:47:36', 'QUESTIONNAIRE_MIGRATION_2019', '2019-07-19 13:47:36', 'QUESTIONNAIRE_MIGRATION_2019'),
	(185, 11, 11, 832, 3, 38, -1, 3, 1, 0, 0, '', '2019-07-19 13:47:36', 'QUESTIONNAIRE_MIGRATION_2019', '2019-07-19 13:47:36', 'QUESTIONNAIRE_MIGRATION_2019'),
	(186, 11, 11, 823, 2, 39, -1, 3, 1, 0, 0, '', '2019-07-19 13:47:37', 'QUESTIONNAIRE_MIGRATION_2019', '2019-07-19 13:47:37', 'QUESTIONNAIRE_MIGRATION_2019'),
	(187, 11, 11, 824, 2, 39, -1, 3, 1, 0, 0, '', '2019-07-19 13:47:37', 'QUESTIONNAIRE_MIGRATION_2019', '2019-07-19 13:47:37', 'QUESTIONNAIRE_MIGRATION_2019'),
	(188, 11, 11, 811, 1, 39, -1, 3, 1, 0, 0, '', '2019-07-19 13:47:37', 'QUESTIONNAIRE_MIGRATION_2019', '2019-07-19 13:47:37', 'QUESTIONNAIRE_MIGRATION_2019'),
	(189, 11, 11, 830, 3, 39, -1, 3, 1, 0, 0, '', '2019-07-19 13:47:37', 'QUESTIONNAIRE_MIGRATION_2019', '2019-07-19 13:47:37', 'QUESTIONNAIRE_MIGRATION_2019'),
	(190, 11, 11, 832, 3, 39, -1, 3, 1, 0, 0, '', '2019-07-19 13:47:37', 'QUESTIONNAIRE_MIGRATION_2019', '2019-07-19 13:47:37', 'QUESTIONNAIRE_MIGRATION_2019'),
	(191, 12, 12, 793, 2, 40, -1, 3, 1, 0, 0, '', '2019-07-19 13:47:37', 'QUESTIONNAIRE_MIGRATION_2019', '2019-07-19 13:47:37', 'QUESTIONNAIRE_MIGRATION_2019'),
	(192, 12, 12, 794, 2, 40, -1, 3, 1, 0, 0, '', '2019-07-19 13:47:37', 'QUESTIONNAIRE_MIGRATION_2019', '2019-07-19 13:47:37', 'QUESTIONNAIRE_MIGRATION_2019'),
	(193, 12, 12, 795, 2, 40, -1, 3, 1, 0, 0, '', '2019-07-19 13:47:37', 'QUESTIONNAIRE_MIGRATION_2019', '2019-07-19 13:47:37', 'QUESTIONNAIRE_MIGRATION_2019'),
	(194, 12, 12, 791, 2, 40, -1, 3, 1, 0, 0, '', '2019-07-19 13:47:37', 'QUESTIONNAIRE_MIGRATION_2019', '2019-07-19 13:47:37', 'QUESTIONNAIRE_MIGRATION_2019'),
	(195, 12, 12, 796, 2, 40, -1, 3, 1, 0, 0, '', '2019-07-19 13:47:37', 'QUESTIONNAIRE_MIGRATION_2019', '2019-07-19 13:47:37', 'QUESTIONNAIRE_MIGRATION_2019'),
	(196, 12, 12, 792, 2, 40, -1, 3, 1, 0, 0, '', '2019-07-19 13:47:37', 'QUESTIONNAIRE_MIGRATION_2019', '2019-07-19 13:47:37', 'QUESTIONNAIRE_MIGRATION_2019'),
	(197, 12, 12, 799, 2, 40, -1, 3, 1, 0, 0, '', '2019-07-19 13:47:37', 'QUESTIONNAIRE_MIGRATION_2019', '2019-07-19 13:47:37', 'QUESTIONNAIRE_MIGRATION_2019'),
	(198, 12, 12, 797, 2, 40, -1, 3, 1, 0, 0, '', '2019-07-19 13:47:37', 'QUESTIONNAIRE_MIGRATION_2019', '2019-07-19 13:47:37', 'QUESTIONNAIRE_MIGRATION_2019'),
	(199, 12, 12, 798, 2, 40, -1, 3, 1, 0, 0, '', '2019-07-19 13:47:37', 'QUESTIONNAIRE_MIGRATION_2019', '2019-07-19 13:47:37', 'QUESTIONNAIRE_MIGRATION_2019'),
	(200, 12, 12, 793, 2, 41, -1, 3, 1, 0, 0, '', '2019-07-19 13:47:37', 'QUESTIONNAIRE_MIGRATION_2019', '2019-07-19 13:47:37', 'QUESTIONNAIRE_MIGRATION_2019'),
	(201, 12, 12, 794, 2, 41, -1, 3, 1, 0, 0, '', '2019-07-19 13:47:37', 'QUESTIONNAIRE_MIGRATION_2019', '2019-07-19 13:47:37', 'QUESTIONNAIRE_MIGRATION_2019'),
	(202, 12, 12, 795, 2, 41, -1, 3, 1, 0, 0, '', '2019-07-19 13:47:37', 'QUESTIONNAIRE_MIGRATION_2019', '2019-07-19 13:47:37', 'QUESTIONNAIRE_MIGRATION_2019'),
	(203, 12, 12, 791, 2, 41, -1, 3, 1, 0, 0, '', '2019-07-19 13:47:37', 'QUESTIONNAIRE_MIGRATION_2019', '2019-07-19 13:47:37', 'QUESTIONNAIRE_MIGRATION_2019'),
	(204, 12, 12, 796, 2, 41, -1, 3, 1, 0, 0, '', '2019-07-19 13:47:37', 'QUESTIONNAIRE_MIGRATION_2019', '2019-07-19 13:47:37', 'QUESTIONNAIRE_MIGRATION_2019'),
	(205, 12, 12, 792, 2, 41, -1, 3, 1, 0, 0, '', '2019-07-19 13:47:37', 'QUESTIONNAIRE_MIGRATION_2019', '2019-07-19 13:47:37', 'QUESTIONNAIRE_MIGRATION_2019'),
	(206, 12, 12, 799, 2, 41, -1, 3, 1, 0, 0, '', '2019-07-19 13:47:37', 'QUESTIONNAIRE_MIGRATION_2019', '2019-07-19 13:47:37', 'QUESTIONNAIRE_MIGRATION_2019'),
	(207, 12, 12, 797, 2, 41, -1, 3, 1, 0, 0, '', '2019-07-19 13:47:37', 'QUESTIONNAIRE_MIGRATION_2019', '2019-07-19 13:47:37', 'QUESTIONNAIRE_MIGRATION_2019'),
	(208, 12, 12, 798, 2, 41, -1, 3, 1, 0, 0, '', '2019-07-19 13:47:37', 'QUESTIONNAIRE_MIGRATION_2019', '2019-07-19 13:47:37', 'QUESTIONNAIRE_MIGRATION_2019'),
	(209, 12, 12, 793, 2, 42, -1, 3, 1, 0, 0, '', '2019-07-19 13:47:37', 'QUESTIONNAIRE_MIGRATION_2019', '2019-07-19 13:47:37', 'QUESTIONNAIRE_MIGRATION_2019'),
	(210, 12, 12, 794, 2, 42, -1, 3, 1, 0, 0, '', '2019-07-19 13:47:37', 'QUESTIONNAIRE_MIGRATION_2019', '2019-07-19 13:47:37', 'QUESTIONNAIRE_MIGRATION_2019'),
	(211, 12, 12, 795, 2, 42, -1, 3, 1, 0, 0, '', '2019-07-19 13:47:37', 'QUESTIONNAIRE_MIGRATION_2019', '2019-07-19 13:47:37', 'QUESTIONNAIRE_MIGRATION_2019'),
	(212, 12, 12, 791, 2, 42, -1, 3, 1, 0, 0, '', '2019-07-19 13:47:37', 'QUESTIONNAIRE_MIGRATION_2019', '2019-07-19 13:47:37', 'QUESTIONNAIRE_MIGRATION_2019'),
	(213, 12, 12, 796, 2, 42, -1, 3, 1, 0, 0, '', '2019-07-19 13:47:37', 'QUESTIONNAIRE_MIGRATION_2019', '2019-07-19 13:47:37', 'QUESTIONNAIRE_MIGRATION_2019'),
	(214, 12, 12, 792, 2, 42, -1, 3, 1, 0, 0, '', '2019-07-19 13:47:37', 'QUESTIONNAIRE_MIGRATION_2019', '2019-07-19 13:47:37', 'QUESTIONNAIRE_MIGRATION_2019'),
	(215, 12, 12, 799, 2, 42, -1, 3, 1, 0, 0, '', '2019-07-19 13:47:37', 'QUESTIONNAIRE_MIGRATION_2019', '2019-07-19 13:47:37', 'QUESTIONNAIRE_MIGRATION_2019'),
	(216, 12, 12, 797, 2, 42, -1, 3, 1, 0, 0, '', '2019-07-19 13:47:37', 'QUESTIONNAIRE_MIGRATION_2019', '2019-07-19 13:47:37', 'QUESTIONNAIRE_MIGRATION_2019'),
	(217, 12, 12, 798, 2, 42, -1, 3, 1, 0, 0, '', '2019-07-19 13:47:37', 'QUESTIONNAIRE_MIGRATION_2019', '2019-07-19 13:47:37', 'QUESTIONNAIRE_MIGRATION_2019'),
	(218, 12, 12, 793, 2, 43, -1, 3, 1, 0, 0, '', '2019-07-19 13:47:37', 'QUESTIONNAIRE_MIGRATION_2019', '2019-07-19 13:47:37', 'QUESTIONNAIRE_MIGRATION_2019'),
	(219, 12, 12, 794, 2, 43, -1, 3, 1, 0, 0, '', '2019-07-19 13:47:37', 'QUESTIONNAIRE_MIGRATION_2019', '2019-07-19 13:47:37', 'QUESTIONNAIRE_MIGRATION_2019'),
	(220, 12, 12, 795, 2, 43, -1, 3, 1, 0, 0, '', '2019-07-19 13:47:37', 'QUESTIONNAIRE_MIGRATION_2019', '2019-07-19 13:47:37', 'QUESTIONNAIRE_MIGRATION_2019'),
	(221, 12, 12, 791, 2, 43, -1, 3, 1, 0, 0, '', '2019-07-19 13:47:37', 'QUESTIONNAIRE_MIGRATION_2019', '2019-07-19 13:47:37', 'QUESTIONNAIRE_MIGRATION_2019'),
	(222, 12, 12, 796, 2, 43, -1, 3, 1, 0, 0, '', '2019-07-19 13:47:37', 'QUESTIONNAIRE_MIGRATION_2019', '2019-07-19 13:47:37', 'QUESTIONNAIRE_MIGRATION_2019'),
	(223, 12, 12, 792, 2, 43, -1, 3, 1, 0, 0, '', '2019-07-19 13:47:37', 'QUESTIONNAIRE_MIGRATION_2019', '2019-07-19 13:47:37', 'QUESTIONNAIRE_MIGRATION_2019'),
	(224, 12, 12, 799, 2, 43, -1, 3, 1, 0, 0, '', '2019-07-19 13:47:37', 'QUESTIONNAIRE_MIGRATION_2019', '2019-07-19 13:47:37', 'QUESTIONNAIRE_MIGRATION_2019'),
	(225, 12, 12, 797, 2, 43, -1, 3, 1, 0, 0, '', '2019-07-19 13:47:37', 'QUESTIONNAIRE_MIGRATION_2019', '2019-07-19 13:47:37', 'QUESTIONNAIRE_MIGRATION_2019'),
	(226, 12, 12, 798, 2, 43, -1, 3, 1, 0, 0, '', '2019-07-19 13:47:37', 'QUESTIONNAIRE_MIGRATION_2019', '2019-07-19 13:47:37', 'QUESTIONNAIRE_MIGRATION_2019'),
	(227, 12, 12, 793, 2, 44, -1, 3, 1, 0, 0, '', '2019-07-19 13:47:37', 'QUESTIONNAIRE_MIGRATION_2019', '2019-07-19 13:47:37', 'QUESTIONNAIRE_MIGRATION_2019'),
	(228, 12, 12, 794, 2, 44, -1, 3, 1, 0, 0, '', '2019-07-19 13:47:37', 'QUESTIONNAIRE_MIGRATION_2019', '2019-07-19 13:47:37', 'QUESTIONNAIRE_MIGRATION_2019'),
	(229, 12, 12, 795, 2, 44, -1, 3, 1, 0, 0, '', '2019-07-19 13:47:37', 'QUESTIONNAIRE_MIGRATION_2019', '2019-07-19 13:47:37', 'QUESTIONNAIRE_MIGRATION_2019'),
	(230, 12, 12, 791, 2, 44, -1, 3, 1, 0, 0, '', '2019-07-19 13:47:37', 'QUESTIONNAIRE_MIGRATION_2019', '2019-07-19 13:47:37', 'QUESTIONNAIRE_MIGRATION_2019'),
	(231, 12, 12, 796, 2, 44, -1, 3, 1, 0, 0, '', '2019-07-19 13:47:37', 'QUESTIONNAIRE_MIGRATION_2019', '2019-07-19 13:47:37', 'QUESTIONNAIRE_MIGRATION_2019'),
	(232, 12, 12, 792, 2, 44, -1, 3, 1, 0, 0, '', '2019-07-19 13:47:37', 'QUESTIONNAIRE_MIGRATION_2019', '2019-07-19 13:47:37', 'QUESTIONNAIRE_MIGRATION_2019'),
	(233, 12, 12, 799, 2, 44, -1, 3, 1, 0, 0, '', '2019-07-19 13:47:37', 'QUESTIONNAIRE_MIGRATION_2019', '2019-07-19 13:47:37', 'QUESTIONNAIRE_MIGRATION_2019'),
	(234, 12, 12, 797, 2, 44, -1, 3, 1, 0, 0, '', '2019-07-19 13:47:37', 'QUESTIONNAIRE_MIGRATION_2019', '2019-07-19 13:47:37', 'QUESTIONNAIRE_MIGRATION_2019'),
	(235, 12, 12, 798, 2, 44, -1, 3, 1, 0, 0, '', '2019-07-19 13:47:37', 'QUESTIONNAIRE_MIGRATION_2019', '2019-07-19 13:47:37', 'QUESTIONNAIRE_MIGRATION_2019'),
	(236, 11, 11, 823, 2, 45, -1, 3, 1, 0, 0, '', '2019-07-19 13:47:37', 'QUESTIONNAIRE_MIGRATION_2019', '2019-07-19 13:47:37', 'QUESTIONNAIRE_MIGRATION_2019'),
	(237, 11, 11, 824, 2, 45, -1, 3, 1, 0, 0, '', '2019-07-19 13:47:37', 'QUESTIONNAIRE_MIGRATION_2019', '2019-07-19 13:47:37', 'QUESTIONNAIRE_MIGRATION_2019'),
	(238, 11, 11, 811, 1, 45, -1, 3, 1, 0, 0, '', '2019-07-19 13:47:37', 'QUESTIONNAIRE_MIGRATION_2019', '2019-07-19 13:47:37', 'QUESTIONNAIRE_MIGRATION_2019'),
	(239, 11, 11, 830, 3, 45, -1, 3, 1, 0, 0, '', '2019-07-19 13:47:37', 'QUESTIONNAIRE_MIGRATION_2019', '2019-07-19 13:47:37', 'QUESTIONNAIRE_MIGRATION_2019'),
	(240, 11, 11, 832, 3, 45, -1, 3, 1, 0, 0, '', '2019-07-19 13:47:37', 'QUESTIONNAIRE_MIGRATION_2019', '2019-07-19 13:47:37', 'QUESTIONNAIRE_MIGRATION_2019'),
	(241, 11, 11, 823, 2, 46, -1, 3, 1, 0, 0, '', '2019-07-19 13:47:37', 'QUESTIONNAIRE_MIGRATION_2019', '2019-07-19 13:47:37', 'QUESTIONNAIRE_MIGRATION_2019'),
	(242, 11, 11, 824, 2, 46, -1, 3, 1, 0, 0, '', '2019-07-19 13:47:37', 'QUESTIONNAIRE_MIGRATION_2019', '2019-07-19 13:47:37', 'QUESTIONNAIRE_MIGRATION_2019'),
	(243, 11, 11, 811, 1, 46, -1, 3, 1, 0, 0, '', '2019-07-19 13:47:37', 'QUESTIONNAIRE_MIGRATION_2019', '2019-07-19 13:47:37', 'QUESTIONNAIRE_MIGRATION_2019'),
	(244, 11, 11, 830, 3, 46, -1, 3, 1, 0, 0, '', '2019-07-19 13:47:37', 'QUESTIONNAIRE_MIGRATION_2019', '2019-07-19 13:47:37', 'QUESTIONNAIRE_MIGRATION_2019'),
	(245, 11, 11, 832, 3, 46, -1, 3, 1, 0, 0, '', '2019-07-19 13:47:37', 'QUESTIONNAIRE_MIGRATION_2019', '2019-07-19 13:47:37', 'QUESTIONNAIRE_MIGRATION_2019'),
	(246, 12, 12, 793, 2, 47, -1, 3, 1, 0, 0, '', '2019-07-19 13:47:37', 'QUESTIONNAIRE_MIGRATION_2019', '2019-07-19 13:47:37', 'QUESTIONNAIRE_MIGRATION_2019'),
	(247, 12, 12, 794, 2, 47, -1, 3, 1, 0, 0, '', '2019-07-19 13:47:37', 'QUESTIONNAIRE_MIGRATION_2019', '2019-07-19 13:47:37', 'QUESTIONNAIRE_MIGRATION_2019'),
	(248, 12, 12, 795, 2, 47, -1, 3, 1, 0, 0, '', '2019-07-19 13:47:37', 'QUESTIONNAIRE_MIGRATION_2019', '2019-07-19 13:47:37', 'QUESTIONNAIRE_MIGRATION_2019'),
	(249, 12, 12, 791, 2, 47, -1, 3, 1, 0, 0, '', '2019-07-19 13:47:37', 'QUESTIONNAIRE_MIGRATION_2019', '2019-07-19 13:47:37', 'QUESTIONNAIRE_MIGRATION_2019'),
	(250, 12, 12, 796, 2, 47, -1, 3, 1, 0, 0, '', '2019-07-19 13:47:37', 'QUESTIONNAIRE_MIGRATION_2019', '2019-07-19 13:47:37', 'QUESTIONNAIRE_MIGRATION_2019'),
	(251, 12, 12, 792, 2, 47, -1, 3, 1, 0, 0, '', '2019-07-19 13:47:37', 'QUESTIONNAIRE_MIGRATION_2019', '2019-07-19 13:47:37', 'QUESTIONNAIRE_MIGRATION_2019'),
	(252, 12, 12, 799, 2, 47, -1, 3, 1, 0, 0, '', '2019-07-19 13:47:37', 'QUESTIONNAIRE_MIGRATION_2019', '2019-07-19 13:47:37', 'QUESTIONNAIRE_MIGRATION_2019'),
	(253, 12, 12, 797, 2, 47, -1, 3, 1, 0, 0, '', '2019-07-19 13:47:37', 'QUESTIONNAIRE_MIGRATION_2019', '2019-07-19 13:47:37', 'QUESTIONNAIRE_MIGRATION_2019'),
	(254, 12, 12, 798, 2, 47, -1, 3, 1, 0, 0, '', '2019-07-19 13:47:37', 'QUESTIONNAIRE_MIGRATION_2019', '2019-07-19 13:47:37', 'QUESTIONNAIRE_MIGRATION_2019'),
	(255, 12, 12, 793, 2, 48, -1, 3, 1, 0, 0, '', '2019-07-19 13:47:37', 'QUESTIONNAIRE_MIGRATION_2019', '2019-07-19 13:47:37', 'QUESTIONNAIRE_MIGRATION_2019'),
	(256, 12, 12, 794, 2, 48, -1, 3, 1, 0, 0, '', '2019-07-19 13:47:37', 'QUESTIONNAIRE_MIGRATION_2019', '2019-07-19 13:47:37', 'QUESTIONNAIRE_MIGRATION_2019'),
	(257, 12, 12, 795, 2, 48, -1, 3, 1, 0, 0, '', '2019-07-19 13:47:37', 'QUESTIONNAIRE_MIGRATION_2019', '2019-07-19 13:47:37', 'QUESTIONNAIRE_MIGRATION_2019'),
	(258, 12, 12, 791, 2, 48, -1, 3, 1, 0, 0, '', '2019-07-19 13:47:37', 'QUESTIONNAIRE_MIGRATION_2019', '2019-07-19 13:47:37', 'QUESTIONNAIRE_MIGRATION_2019'),
	(259, 12, 12, 796, 2, 48, -1, 3, 1, 0, 0, '', '2019-07-19 13:47:37', 'QUESTIONNAIRE_MIGRATION_2019', '2019-07-19 13:47:37', 'QUESTIONNAIRE_MIGRATION_2019'),
	(260, 12, 12, 792, 2, 48, -1, 3, 1, 0, 0, '', '2019-07-19 13:47:37', 'QUESTIONNAIRE_MIGRATION_2019', '2019-07-19 13:47:37', 'QUESTIONNAIRE_MIGRATION_2019'),
	(261, 12, 12, 799, 2, 48, -1, 3, 1, 0, 0, '', '2019-07-19 13:47:37', 'QUESTIONNAIRE_MIGRATION_2019', '2019-07-19 13:47:37', 'QUESTIONNAIRE_MIGRATION_2019'),
	(262, 12, 12, 797, 2, 48, -1, 3, 1, 0, 0, '', '2019-07-19 13:47:37', 'QUESTIONNAIRE_MIGRATION_2019', '2019-07-19 13:47:37', 'QUESTIONNAIRE_MIGRATION_2019'),
	(263, 12, 12, 798, 2, 48, -1, 3, 1, 0, 0, '', '2019-07-19 13:47:37', 'QUESTIONNAIRE_MIGRATION_2019', '2019-07-19 13:47:37', 'QUESTIONNAIRE_MIGRATION_2019'),
	(264, 12, 12, 793, 2, 49, -1, 3, 1, 0, 0, '', '2019-07-19 13:47:37', 'QUESTIONNAIRE_MIGRATION_2019', '2019-07-19 13:47:37', 'QUESTIONNAIRE_MIGRATION_2019'),
	(265, 12, 12, 794, 2, 49, -1, 3, 1, 0, 0, '', '2019-07-19 13:47:37', 'QUESTIONNAIRE_MIGRATION_2019', '2019-07-19 13:47:37', 'QUESTIONNAIRE_MIGRATION_2019'),
	(266, 12, 12, 795, 2, 49, -1, 3, 1, 0, 0, '', '2019-07-19 13:47:37', 'QUESTIONNAIRE_MIGRATION_2019', '2019-07-19 13:47:37', 'QUESTIONNAIRE_MIGRATION_2019'),
	(267, 12, 12, 791, 2, 49, -1, 3, 1, 0, 0, '', '2019-07-19 13:47:37', 'QUESTIONNAIRE_MIGRATION_2019', '2019-07-19 13:47:37', 'QUESTIONNAIRE_MIGRATION_2019'),
	(268, 12, 12, 796, 2, 49, -1, 3, 1, 0, 0, '', '2019-07-19 13:47:37', 'QUESTIONNAIRE_MIGRATION_2019', '2019-07-19 13:47:37', 'QUESTIONNAIRE_MIGRATION_2019'),
	(269, 12, 12, 792, 2, 49, -1, 3, 1, 0, 0, '', '2019-07-19 13:47:37', 'QUESTIONNAIRE_MIGRATION_2019', '2019-07-19 13:47:37', 'QUESTIONNAIRE_MIGRATION_2019'),
	(270, 12, 12, 799, 2, 49, -1, 3, 1, 0, 0, '', '2019-07-19 13:47:37', 'QUESTIONNAIRE_MIGRATION_2019', '2019-07-19 13:47:37', 'QUESTIONNAIRE_MIGRATION_2019'),
	(271, 12, 12, 797, 2, 49, -1, 3, 1, 0, 0, '', '2019-07-19 13:47:37', 'QUESTIONNAIRE_MIGRATION_2019', '2019-07-19 13:47:37', 'QUESTIONNAIRE_MIGRATION_2019'),
	(272, 12, 12, 798, 2, 49, -1, 3, 1, 0, 0, '', '2019-07-19 13:47:37', 'QUESTIONNAIRE_MIGRATION_2019', '2019-07-19 13:47:37', 'QUESTIONNAIRE_MIGRATION_2019'),
	(273, 12, 12, 793, 2, 50, -1, 3, 1, 0, 0, '', '2019-07-19 13:47:37', 'QUESTIONNAIRE_MIGRATION_2019', '2019-07-19 13:47:37', 'QUESTIONNAIRE_MIGRATION_2019'),
	(274, 12, 12, 794, 2, 50, -1, 3, 1, 0, 0, '', '2019-07-19 13:47:37', 'QUESTIONNAIRE_MIGRATION_2019', '2019-07-19 13:47:37', 'QUESTIONNAIRE_MIGRATION_2019'),
	(275, 12, 12, 795, 2, 50, -1, 3, 1, 0, 0, '', '2019-07-19 13:47:37', 'QUESTIONNAIRE_MIGRATION_2019', '2019-07-19 13:47:37', 'QUESTIONNAIRE_MIGRATION_2019'),
	(276, 12, 12, 791, 2, 50, -1, 3, 1, 0, 0, '', '2019-07-19 13:47:37', 'QUESTIONNAIRE_MIGRATION_2019', '2019-07-19 13:47:37', 'QUESTIONNAIRE_MIGRATION_2019'),
	(277, 12, 12, 796, 2, 50, -1, 3, 1, 0, 0, '', '2019-07-19 13:47:37', 'QUESTIONNAIRE_MIGRATION_2019', '2019-07-19 13:47:37', 'QUESTIONNAIRE_MIGRATION_2019'),
	(278, 12, 12, 792, 2, 50, -1, 3, 1, 0, 0, '', '2019-07-19 13:47:37', 'QUESTIONNAIRE_MIGRATION_2019', '2019-07-19 13:47:37', 'QUESTIONNAIRE_MIGRATION_2019'),
	(279, 12, 12, 799, 2, 50, -1, 3, 1, 0, 0, '', '2019-07-19 13:47:37', 'QUESTIONNAIRE_MIGRATION_2019', '2019-07-19 13:47:37', 'QUESTIONNAIRE_MIGRATION_2019'),
	(280, 12, 12, 797, 2, 50, -1, 3, 1, 0, 0, '', '2019-07-19 13:47:37', 'QUESTIONNAIRE_MIGRATION_2019', '2019-07-19 13:47:37', 'QUESTIONNAIRE_MIGRATION_2019'),
	(281, 12, 12, 798, 2, 50, -1, 3, 1, 0, 0, '', '2019-07-19 13:47:37', 'QUESTIONNAIRE_MIGRATION_2019', '2019-07-19 13:47:37', 'QUESTIONNAIRE_MIGRATION_2019'),
	(282, 12, 12, 793, 2, 51, -1, 3, 1, 0, 0, '', '2019-07-19 13:47:37', 'QUESTIONNAIRE_MIGRATION_2019', '2019-07-19 13:47:37', 'QUESTIONNAIRE_MIGRATION_2019'),
	(283, 12, 12, 794, 2, 51, -1, 3, 1, 0, 0, '', '2019-07-19 13:47:37', 'QUESTIONNAIRE_MIGRATION_2019', '2019-07-19 13:47:37', 'QUESTIONNAIRE_MIGRATION_2019'),
	(284, 12, 12, 795, 2, 51, -1, 3, 1, 0, 0, '', '2019-07-19 13:47:37', 'QUESTIONNAIRE_MIGRATION_2019', '2019-07-19 13:47:37', 'QUESTIONNAIRE_MIGRATION_2019'),
	(285, 12, 12, 791, 2, 51, -1, 3, 1, 0, 0, '', '2019-07-19 13:47:37', 'QUESTIONNAIRE_MIGRATION_2019', '2019-07-19 13:47:37', 'QUESTIONNAIRE_MIGRATION_2019'),
	(286, 12, 12, 796, 2, 51, -1, 3, 1, 0, 0, '', '2019-07-19 13:47:37', 'QUESTIONNAIRE_MIGRATION_2019', '2019-07-19 13:47:37', 'QUESTIONNAIRE_MIGRATION_2019'),
	(287, 12, 12, 792, 2, 51, -1, 3, 1, 0, 0, '', '2019-07-19 13:47:37', 'QUESTIONNAIRE_MIGRATION_2019', '2019-07-19 13:47:37', 'QUESTIONNAIRE_MIGRATION_2019'),
	(288, 12, 12, 799, 2, 51, -1, 3, 1, 0, 0, '', '2019-07-19 13:47:37', 'QUESTIONNAIRE_MIGRATION_2019', '2019-07-19 13:47:37', 'QUESTIONNAIRE_MIGRATION_2019'),
	(289, 12, 12, 797, 2, 51, -1, 3, 1, 0, 0, '', '2019-07-19 13:47:37', 'QUESTIONNAIRE_MIGRATION_2019', '2019-07-19 13:47:37', 'QUESTIONNAIRE_MIGRATION_2019'),
	(290, 12, 12, 798, 2, 51, -1, 3, 1, 0, 0, '', '2019-07-19 13:47:37', 'QUESTIONNAIRE_MIGRATION_2019', '2019-07-19 13:47:37', 'QUESTIONNAIRE_MIGRATION_2019'),
	(291, 11, 11, 823, 2, 52, -1, 3, 1, 0, 0, '', '2019-07-19 13:47:37', 'QUESTIONNAIRE_MIGRATION_2019', '2019-07-19 13:47:37', 'QUESTIONNAIRE_MIGRATION_2019'),
	(292, 11, 11, 824, 2, 52, -1, 3, 1, 0, 0, '', '2019-07-19 13:47:37', 'QUESTIONNAIRE_MIGRATION_2019', '2019-07-19 13:47:37', 'QUESTIONNAIRE_MIGRATION_2019'),
	(293, 11, 11, 811, 1, 52, -1, 3, 1, 0, 0, '', '2019-07-19 13:47:37', 'QUESTIONNAIRE_MIGRATION_2019', '2019-07-19 13:47:37', 'QUESTIONNAIRE_MIGRATION_2019'),
	(294, 11, 11, 830, 3, 52, -1, 3, 1, 0, 0, '', '2019-07-19 13:47:37', 'QUESTIONNAIRE_MIGRATION_2019', '2019-07-19 13:47:37', 'QUESTIONNAIRE_MIGRATION_2019'),
	(295, 11, 11, 832, 3, 52, -1, 3, 1, 0, 0, '', '2019-07-19 13:47:37', 'QUESTIONNAIRE_MIGRATION_2019', '2019-07-19 13:47:37', 'QUESTIONNAIRE_MIGRATION_2019'),
	(296, 11, 11, 823, 2, 53, -1, 3, 1, 0, 0, '', '2019-07-19 13:47:37', 'QUESTIONNAIRE_MIGRATION_2019', '2019-07-19 13:47:37', 'QUESTIONNAIRE_MIGRATION_2019'),
	(297, 11, 11, 824, 2, 53, -1, 3, 1, 0, 0, '', '2019-07-19 13:47:37', 'QUESTIONNAIRE_MIGRATION_2019', '2019-07-19 13:47:37', 'QUESTIONNAIRE_MIGRATION_2019'),
	(298, 11, 11, 811, 1, 53, -1, 3, 1, 0, 0, '', '2019-07-19 13:47:37', 'QUESTIONNAIRE_MIGRATION_2019', '2019-07-19 13:47:37', 'QUESTIONNAIRE_MIGRATION_2019'),
	(299, 11, 11, 830, 3, 53, -1, 3, 1, 0, 0, '', '2019-07-19 13:47:37', 'QUESTIONNAIRE_MIGRATION_2019', '2019-07-19 13:47:37', 'QUESTIONNAIRE_MIGRATION_2019'),
	(300, 11, 11, 832, 3, 53, -1, 3, 1, 0, 0, '', '2019-07-19 13:47:37', 'QUESTIONNAIRE_MIGRATION_2019', '2019-07-19 13:47:37', 'QUESTIONNAIRE_MIGRATION_2019'),
	(301, 11, 11, 823, 2, 54, -1, 3, 1, 0, 0, '', '2019-07-19 13:47:37', 'QUESTIONNAIRE_MIGRATION_2019', '2019-07-19 13:47:37', 'QUESTIONNAIRE_MIGRATION_2019'),
	(302, 11, 11, 824, 2, 54, -1, 3, 1, 0, 0, '', '2019-07-19 13:47:37', 'QUESTIONNAIRE_MIGRATION_2019', '2019-07-19 13:47:37', 'QUESTIONNAIRE_MIGRATION_2019'),
	(303, 11, 11, 811, 1, 54, -1, 3, 1, 0, 0, '', '2019-07-19 13:47:37', 'QUESTIONNAIRE_MIGRATION_2019', '2019-07-19 13:47:37', 'QUESTIONNAIRE_MIGRATION_2019'),
	(304, 11, 11, 830, 3, 54, -1, 3, 1, 0, 0, '', '2019-07-19 13:47:37', 'QUESTIONNAIRE_MIGRATION_2019', '2019-07-19 13:47:37', 'QUESTIONNAIRE_MIGRATION_2019'),
	(305, 11, 11, 832, 3, 54, -1, 3, 1, 0, 0, '', '2019-07-19 13:47:37', 'QUESTIONNAIRE_MIGRATION_2019', '2019-07-19 13:47:37', 'QUESTIONNAIRE_MIGRATION_2019'),
	(306, 11, 11, 823, 2, 55, -1, 3, 1, 0, 0, '', '2019-07-19 13:47:37', 'QUESTIONNAIRE_MIGRATION_2019', '2019-07-19 13:47:37', 'QUESTIONNAIRE_MIGRATION_2019'),
	(307, 11, 11, 824, 2, 55, -1, 3, 1, 0, 0, '', '2019-07-19 13:47:37', 'QUESTIONNAIRE_MIGRATION_2019', '2019-07-19 13:47:37', 'QUESTIONNAIRE_MIGRATION_2019'),
	(308, 11, 11, 811, 1, 55, -1, 3, 1, 0, 0, '', '2019-07-19 13:47:37', 'QUESTIONNAIRE_MIGRATION_2019', '2019-07-19 13:47:37', 'QUESTIONNAIRE_MIGRATION_2019'),
	(309, 11, 11, 830, 3, 55, -1, 3, 1, 0, 0, '', '2019-07-19 13:47:37', 'QUESTIONNAIRE_MIGRATION_2019', '2019-07-19 13:47:37', 'QUESTIONNAIRE_MIGRATION_2019'),
	(310, 11, 11, 832, 3, 55, -1, 3, 1, 0, 0, '', '2019-07-19 13:47:37', 'QUESTIONNAIRE_MIGRATION_2019', '2019-07-19 13:47:37', 'QUESTIONNAIRE_MIGRATION_2019'),
	(311, 11, 11, 823, 2, 56, -1, 3, 1, 0, 0, '', '2019-07-19 13:47:37', 'QUESTIONNAIRE_MIGRATION_2019', '2019-07-19 13:47:37', 'QUESTIONNAIRE_MIGRATION_2019'),
	(312, 11, 11, 824, 2, 56, -1, 3, 1, 0, 0, '', '2019-07-19 13:47:37', 'QUESTIONNAIRE_MIGRATION_2019', '2019-07-19 13:47:37', 'QUESTIONNAIRE_MIGRATION_2019'),
	(313, 11, 11, 811, 1, 56, -1, 3, 1, 0, 0, '', '2019-07-19 13:47:37', 'QUESTIONNAIRE_MIGRATION_2019', '2019-07-19 13:47:37', 'QUESTIONNAIRE_MIGRATION_2019'),
	(314, 11, 11, 830, 3, 56, -1, 3, 1, 0, 0, '', '2019-07-19 13:47:37', 'QUESTIONNAIRE_MIGRATION_2019', '2019-07-19 13:47:37', 'QUESTIONNAIRE_MIGRATION_2019'),
	(315, 11, 11, 832, 3, 56, -1, 3, 1, 0, 0, '', '2019-07-19 13:47:37', 'QUESTIONNAIRE_MIGRATION_2019', '2019-07-19 13:47:37', 'QUESTIONNAIRE_MIGRATION_2019'),
	(316, 11, 11, 823, 2, 57, -1, 3, 1, 0, 0, '', '2019-07-19 13:47:37', 'QUESTIONNAIRE_MIGRATION_2019', '2019-07-19 13:47:37', 'QUESTIONNAIRE_MIGRATION_2019'),
	(317, 11, 11, 824, 2, 57, -1, 3, 1, 0, 0, '', '2019-07-19 13:47:37', 'QUESTIONNAIRE_MIGRATION_2019', '2019-07-19 13:47:37', 'QUESTIONNAIRE_MIGRATION_2019'),
	(318, 11, 11, 811, 1, 57, -1, 3, 1, 0, 0, '', '2019-07-19 13:47:37', 'QUESTIONNAIRE_MIGRATION_2019', '2019-07-19 13:47:37', 'QUESTIONNAIRE_MIGRATION_2019'),
	(319, 11, 11, 830, 3, 57, -1, 3, 1, 0, 0, '', '2019-07-19 13:47:37', 'QUESTIONNAIRE_MIGRATION_2019', '2019-07-19 13:47:37', 'QUESTIONNAIRE_MIGRATION_2019'),
	(320, 11, 11, 832, 3, 57, -1, 3, 1, 0, 0, '', '2019-07-19 13:47:37', 'QUESTIONNAIRE_MIGRATION_2019', '2019-07-19 13:47:37', 'QUESTIONNAIRE_MIGRATION_2019'),
	(321, 11, 11, 823, 2, 58, -1, 3, 1, 0, 0, '', '2019-07-19 13:47:37', 'QUESTIONNAIRE_MIGRATION_2019', '2019-07-19 13:47:37', 'QUESTIONNAIRE_MIGRATION_2019'),
	(322, 11, 11, 824, 2, 58, -1, 3, 1, 0, 0, '', '2019-07-19 13:47:37', 'QUESTIONNAIRE_MIGRATION_2019', '2019-07-19 13:47:37', 'QUESTIONNAIRE_MIGRATION_2019'),
	(323, 11, 11, 811, 1, 58, -1, 3, 1, 0, 0, '', '2019-07-19 13:47:37', 'QUESTIONNAIRE_MIGRATION_2019', '2019-07-19 13:47:37', 'QUESTIONNAIRE_MIGRATION_2019'),
	(324, 11, 11, 830, 3, 58, -1, 3, 1, 0, 0, '', '2019-07-19 13:47:37', 'QUESTIONNAIRE_MIGRATION_2019', '2019-07-19 13:47:37', 'QUESTIONNAIRE_MIGRATION_2019'),
	(325, 11, 11, 832, 3, 58, -1, 3, 1, 0, 0, '', '2019-07-19 13:47:37', 'QUESTIONNAIRE_MIGRATION_2019', '2019-07-19 13:47:37', 'QUESTIONNAIRE_MIGRATION_2019'),
	(326, 11, 11, 823, 2, 59, -1, 3, 1, 0, 0, '', '2019-07-19 13:47:37', 'QUESTIONNAIRE_MIGRATION_2019', '2019-07-19 13:47:37', 'QUESTIONNAIRE_MIGRATION_2019'),
	(327, 11, 11, 824, 2, 59, -1, 3, 1, 0, 0, '', '2019-07-19 13:47:37', 'QUESTIONNAIRE_MIGRATION_2019', '2019-07-19 13:47:37', 'QUESTIONNAIRE_MIGRATION_2019'),
	(328, 11, 11, 811, 1, 59, -1, 3, 1, 0, 0, '', '2019-07-19 13:47:37', 'QUESTIONNAIRE_MIGRATION_2019', '2019-07-19 13:47:37', 'QUESTIONNAIRE_MIGRATION_2019'),
	(329, 11, 11, 830, 3, 59, -1, 3, 1, 0, 0, '', '2019-07-19 13:47:37', 'QUESTIONNAIRE_MIGRATION_2019', '2019-07-19 13:47:37', 'QUESTIONNAIRE_MIGRATION_2019'),
	(330, 11, 11, 832, 3, 59, -1, 3, 1, 0, 0, '', '2019-07-19 13:47:37', 'QUESTIONNAIRE_MIGRATION_2019', '2019-07-19 13:47:37', 'QUESTIONNAIRE_MIGRATION_2019'),
	(331, 12, 12, 793, 2, 60, -1, 3, 1, 0, 0, '', '2019-07-19 13:47:37', 'QUESTIONNAIRE_MIGRATION_2019', '2019-07-19 13:47:37', 'QUESTIONNAIRE_MIGRATION_2019'),
	(332, 12, 12, 794, 2, 60, -1, 3, 1, 0, 0, '', '2019-07-19 13:47:37', 'QUESTIONNAIRE_MIGRATION_2019', '2019-07-19 13:47:37', 'QUESTIONNAIRE_MIGRATION_2019'),
	(333, 12, 12, 795, 2, 60, -1, 3, 1, 0, 0, '', '2019-07-19 13:47:37', 'QUESTIONNAIRE_MIGRATION_2019', '2019-07-19 13:47:37', 'QUESTIONNAIRE_MIGRATION_2019'),
	(334, 12, 12, 791, 2, 60, -1, 3, 1, 0, 0, '', '2019-07-19 13:47:37', 'QUESTIONNAIRE_MIGRATION_2019', '2019-07-19 13:47:37', 'QUESTIONNAIRE_MIGRATION_2019'),
	(335, 12, 12, 796, 2, 60, -1, 3, 1, 0, 0, '', '2019-07-19 13:47:37', 'QUESTIONNAIRE_MIGRATION_2019', '2019-07-19 13:47:37', 'QUESTIONNAIRE_MIGRATION_2019'),
	(336, 12, 12, 792, 2, 60, -1, 3, 1, 0, 0, '', '2019-07-19 13:47:37', 'QUESTIONNAIRE_MIGRATION_2019', '2019-07-19 13:47:37', 'QUESTIONNAIRE_MIGRATION_2019'),
	(337, 12, 12, 799, 2, 60, -1, 3, 1, 0, 0, '', '2019-07-19 13:47:37', 'QUESTIONNAIRE_MIGRATION_2019', '2019-07-19 13:47:37', 'QUESTIONNAIRE_MIGRATION_2019'),
	(338, 12, 12, 797, 2, 60, -1, 3, 1, 0, 0, '', '2019-07-19 13:47:37', 'QUESTIONNAIRE_MIGRATION_2019', '2019-07-19 13:47:37', 'QUESTIONNAIRE_MIGRATION_2019'),
	(339, 12, 12, 798, 2, 60, -1, 3, 1, 0, 0, '', '2019-07-19 13:47:37', 'QUESTIONNAIRE_MIGRATION_2019', '2019-07-19 13:47:37', 'QUESTIONNAIRE_MIGRATION_2019'),
	(340, 12, 12, 793, 2, 61, -1, 3, 1, 0, 0, '', '2019-07-19 13:47:37', 'QUESTIONNAIRE_MIGRATION_2019', '2019-07-19 13:47:37', 'QUESTIONNAIRE_MIGRATION_2019'),
	(341, 12, 12, 794, 2, 61, -1, 3, 1, 0, 0, '', '2019-07-19 13:47:37', 'QUESTIONNAIRE_MIGRATION_2019', '2019-07-19 13:47:37', 'QUESTIONNAIRE_MIGRATION_2019'),
	(342, 12, 12, 795, 2, 61, -1, 3, 1, 0, 0, '', '2019-07-19 13:47:37', 'QUESTIONNAIRE_MIGRATION_2019', '2019-07-19 13:47:37', 'QUESTIONNAIRE_MIGRATION_2019'),
	(343, 12, 12, 791, 2, 61, -1, 3, 1, 0, 0, '', '2019-07-19 13:47:37', 'QUESTIONNAIRE_MIGRATION_2019', '2019-07-19 13:47:37', 'QUESTIONNAIRE_MIGRATION_2019'),
	(344, 12, 12, 796, 2, 61, -1, 3, 1, 0, 0, '', '2019-07-19 13:47:37', 'QUESTIONNAIRE_MIGRATION_2019', '2019-07-19 13:47:37', 'QUESTIONNAIRE_MIGRATION_2019'),
	(345, 12, 12, 792, 2, 61, -1, 3, 1, 0, 0, '', '2019-07-19 13:47:37', 'QUESTIONNAIRE_MIGRATION_2019', '2019-07-19 13:47:37', 'QUESTIONNAIRE_MIGRATION_2019'),
	(346, 12, 12, 799, 2, 61, -1, 3, 1, 0, 0, '', '2019-07-19 13:47:37', 'QUESTIONNAIRE_MIGRATION_2019', '2019-07-19 13:47:37', 'QUESTIONNAIRE_MIGRATION_2019'),
	(347, 12, 12, 797, 2, 61, -1, 3, 1, 0, 0, '', '2019-07-19 13:47:37', 'QUESTIONNAIRE_MIGRATION_2019', '2019-07-19 13:47:37', 'QUESTIONNAIRE_MIGRATION_2019'),
	(348, 12, 12, 798, 2, 61, -1, 3, 1, 0, 0, '', '2019-07-19 13:47:37', 'QUESTIONNAIRE_MIGRATION_2019', '2019-07-19 13:47:37', 'QUESTIONNAIRE_MIGRATION_2019'),
	(349, 12, 12, 793, 2, 62, -1, 3, 1, 0, 0, '', '2019-07-19 13:47:37', 'QUESTIONNAIRE_MIGRATION_2019', '2019-07-19 13:47:37', 'QUESTIONNAIRE_MIGRATION_2019'),
	(350, 12, 12, 794, 2, 62, -1, 3, 1, 0, 0, '', '2019-07-19 13:47:37', 'QUESTIONNAIRE_MIGRATION_2019', '2019-07-19 13:47:37', 'QUESTIONNAIRE_MIGRATION_2019'),
	(351, 12, 12, 795, 2, 62, -1, 3, 1, 0, 0, '', '2019-07-19 13:47:37', 'QUESTIONNAIRE_MIGRATION_2019', '2019-07-19 13:47:37', 'QUESTIONNAIRE_MIGRATION_2019'),
	(352, 12, 12, 791, 2, 62, -1, 3, 1, 0, 0, '', '2019-07-19 13:47:37', 'QUESTIONNAIRE_MIGRATION_2019', '2019-07-19 13:47:37', 'QUESTIONNAIRE_MIGRATION_2019'),
	(353, 12, 12, 796, 2, 62, -1, 3, 1, 0, 0, '', '2019-07-19 13:47:37', 'QUESTIONNAIRE_MIGRATION_2019', '2019-07-19 13:47:37', 'QUESTIONNAIRE_MIGRATION_2019'),
	(354, 12, 12, 792, 2, 62, -1, 3, 1, 0, 0, '', '2019-07-19 13:47:37', 'QUESTIONNAIRE_MIGRATION_2019', '2019-07-19 13:47:37', 'QUESTIONNAIRE_MIGRATION_2019'),
	(355, 12, 12, 799, 2, 62, -1, 3, 1, 0, 0, '', '2019-07-19 13:47:37', 'QUESTIONNAIRE_MIGRATION_2019', '2019-07-19 13:47:37', 'QUESTIONNAIRE_MIGRATION_2019'),
	(356, 12, 12, 797, 2, 62, -1, 3, 1, 0, 0, '', '2019-07-19 13:47:37', 'QUESTIONNAIRE_MIGRATION_2019', '2019-07-19 13:47:37', 'QUESTIONNAIRE_MIGRATION_2019'),
	(357, 12, 12, 798, 2, 62, -1, 3, 1, 0, 0, '', '2019-07-19 13:47:37', 'QUESTIONNAIRE_MIGRATION_2019', '2019-07-19 13:47:37', 'QUESTIONNAIRE_MIGRATION_2019'),
	(358, 12, 12, 793, 2, 63, -1, 3, 1, 0, 0, '', '2019-07-19 13:47:37', 'QUESTIONNAIRE_MIGRATION_2019', '2019-07-19 13:47:37', 'QUESTIONNAIRE_MIGRATION_2019'),
	(359, 12, 12, 794, 2, 63, -1, 3, 1, 0, 0, '', '2019-07-19 13:47:37', 'QUESTIONNAIRE_MIGRATION_2019', '2019-07-19 13:47:37', 'QUESTIONNAIRE_MIGRATION_2019'),
	(360, 12, 12, 795, 2, 63, -1, 3, 1, 0, 0, '', '2019-07-19 13:47:37', 'QUESTIONNAIRE_MIGRATION_2019', '2019-07-19 13:47:37', 'QUESTIONNAIRE_MIGRATION_2019'),
	(361, 12, 12, 791, 2, 63, -1, 3, 1, 0, 0, '', '2019-07-19 13:47:37', 'QUESTIONNAIRE_MIGRATION_2019', '2019-07-19 13:47:37', 'QUESTIONNAIRE_MIGRATION_2019'),
	(362, 12, 12, 796, 2, 63, -1, 3, 1, 0, 0, '', '2019-07-19 13:47:37', 'QUESTIONNAIRE_MIGRATION_2019', '2019-07-19 13:47:37', 'QUESTIONNAIRE_MIGRATION_2019'),
	(363, 12, 12, 792, 2, 63, -1, 3, 1, 0, 0, '', '2019-07-19 13:47:37', 'QUESTIONNAIRE_MIGRATION_2019', '2019-07-19 13:47:37', 'QUESTIONNAIRE_MIGRATION_2019'),
	(364, 12, 12, 799, 2, 63, -1, 3, 1, 0, 0, '', '2019-07-19 13:47:37', 'QUESTIONNAIRE_MIGRATION_2019', '2019-07-19 13:47:37', 'QUESTIONNAIRE_MIGRATION_2019'),
	(365, 12, 12, 797, 2, 63, -1, 3, 1, 0, 0, '', '2019-07-19 13:47:37', 'QUESTIONNAIRE_MIGRATION_2019', '2019-07-19 13:47:37', 'QUESTIONNAIRE_MIGRATION_2019'),
	(366, 12, 12, 798, 2, 63, -1, 3, 1, 0, 0, '', '2019-07-19 13:47:37', 'QUESTIONNAIRE_MIGRATION_2019', '2019-07-19 13:47:37', 'QUESTIONNAIRE_MIGRATION_2019'),
	(367, 11, 11, 823, 2, 64, -1, 3, 1, 0, 0, '', '2019-07-19 13:47:37', 'QUESTIONNAIRE_MIGRATION_2019', '2019-07-19 13:47:37', 'QUESTIONNAIRE_MIGRATION_2019'),
	(368, 11, 11, 824, 2, 64, -1, 3, 1, 0, 0, '', '2019-07-19 13:47:37', 'QUESTIONNAIRE_MIGRATION_2019', '2019-07-19 13:47:37', 'QUESTIONNAIRE_MIGRATION_2019'),
	(369, 11, 11, 811, 1, 64, -1, 3, 1, 0, 0, '', '2019-07-19 13:47:37', 'QUESTIONNAIRE_MIGRATION_2019', '2019-07-19 13:47:37', 'QUESTIONNAIRE_MIGRATION_2019'),
	(370, 11, 11, 830, 3, 64, -1, 3, 1, 0, 0, '', '2019-07-19 13:47:37', 'QUESTIONNAIRE_MIGRATION_2019', '2019-07-19 13:47:37', 'QUESTIONNAIRE_MIGRATION_2019'),
	(371, 11, 11, 832, 3, 64, -1, 3, 1, 0, 0, '', '2019-07-19 13:47:37', 'QUESTIONNAIRE_MIGRATION_2019', '2019-07-19 13:47:37', 'QUESTIONNAIRE_MIGRATION_2019'),
	(372, 11, 11, 823, 2, 65, -1, 3, 1, 0, 0, '', '2019-07-19 13:47:37', 'QUESTIONNAIRE_MIGRATION_2019', '2019-07-19 13:47:37', 'QUESTIONNAIRE_MIGRATION_2019'),
	(373, 11, 11, 824, 2, 65, -1, 3, 1, 0, 0, '', '2019-07-19 13:47:37', 'QUESTIONNAIRE_MIGRATION_2019', '2019-07-19 13:47:37', 'QUESTIONNAIRE_MIGRATION_2019'),
	(374, 11, 11, 811, 1, 65, -1, 3, 1, 0, 0, '', '2019-07-19 13:47:37', 'QUESTIONNAIRE_MIGRATION_2019', '2019-07-19 13:47:37', 'QUESTIONNAIRE_MIGRATION_2019'),
	(375, 11, 11, 830, 3, 65, -1, 3, 1, 0, 0, '', '2019-07-19 13:47:37', 'QUESTIONNAIRE_MIGRATION_2019', '2019-07-19 13:47:37', 'QUESTIONNAIRE_MIGRATION_2019'),
	(376, 11, 11, 832, 3, 65, -1, 3, 1, 0, 0, '', '2019-07-19 13:47:37', 'QUESTIONNAIRE_MIGRATION_2019', '2019-07-19 13:47:37', 'QUESTIONNAIRE_MIGRATION_2019'),
	(377, 11, 11, 823, 2, 66, -1, 3, 1, 0, 0, '', '2019-07-19 13:47:37', 'QUESTIONNAIRE_MIGRATION_2019', '2019-07-19 13:47:37', 'QUESTIONNAIRE_MIGRATION_2019'),
	(378, 11, 11, 824, 2, 66, -1, 3, 1, 0, 0, '', '2019-07-19 13:47:37', 'QUESTIONNAIRE_MIGRATION_2019', '2019-07-19 13:47:37', 'QUESTIONNAIRE_MIGRATION_2019'),
	(379, 11, 11, 811, 1, 66, -1, 3, 1, 0, 0, '', '2019-07-19 13:47:37', 'QUESTIONNAIRE_MIGRATION_2019', '2019-07-19 13:47:37', 'QUESTIONNAIRE_MIGRATION_2019'),
	(380, 11, 11, 830, 3, 66, -1, 3, 1, 0, 0, '', '2019-07-19 13:47:37', 'QUESTIONNAIRE_MIGRATION_2019', '2019-07-19 13:47:37', 'QUESTIONNAIRE_MIGRATION_2019'),
	(381, 11, 11, 832, 3, 66, -1, 3, 1, 0, 0, '', '2019-07-19 13:47:37', 'QUESTIONNAIRE_MIGRATION_2019', '2019-07-19 13:47:37', 'QUESTIONNAIRE_MIGRATION_2019'),
	(382, 11, 11, 823, 2, 67, -1, 3, 1, 0, 0, '', '2019-07-19 13:47:37', 'QUESTIONNAIRE_MIGRATION_2019', '2019-07-19 13:47:37', 'QUESTIONNAIRE_MIGRATION_2019'),
	(383, 11, 11, 824, 2, 67, -1, 3, 1, 0, 0, '', '2019-07-19 13:47:37', 'QUESTIONNAIRE_MIGRATION_2019', '2019-07-19 13:47:37', 'QUESTIONNAIRE_MIGRATION_2019'),
	(384, 11, 11, 811, 1, 67, -1, 3, 1, 0, 0, '', '2019-07-19 13:47:37', 'QUESTIONNAIRE_MIGRATION_2019', '2019-07-19 13:47:37', 'QUESTIONNAIRE_MIGRATION_2019'),
	(385, 11, 11, 830, 3, 67, -1, 3, 1, 0, 0, '', '2019-07-19 13:47:37', 'QUESTIONNAIRE_MIGRATION_2019', '2019-07-19 13:47:37', 'QUESTIONNAIRE_MIGRATION_2019'),
	(386, 11, 11, 832, 3, 67, -1, 3, 1, 0, 0, '', '2019-07-19 13:47:37', 'QUESTIONNAIRE_MIGRATION_2019', '2019-07-19 13:47:37', 'QUESTIONNAIRE_MIGRATION_2019'),
	(387, 11, 11, 823, 2, 68, -1, 3, 1, 0, 0, '', '2019-07-19 13:47:37', 'QUESTIONNAIRE_MIGRATION_2019', '2019-07-19 13:47:37', 'QUESTIONNAIRE_MIGRATION_2019'),
	(388, 11, 11, 824, 2, 68, -1, 3, 1, 0, 0, '', '2019-07-19 13:47:37', 'QUESTIONNAIRE_MIGRATION_2019', '2019-07-19 13:47:37', 'QUESTIONNAIRE_MIGRATION_2019'),
	(389, 11, 11, 811, 1, 68, -1, 3, 1, 0, 0, '', '2019-07-19 13:47:37', 'QUESTIONNAIRE_MIGRATION_2019', '2019-07-19 13:47:37', 'QUESTIONNAIRE_MIGRATION_2019'),
	(390, 11, 11, 830, 3, 68, -1, 3, 1, 0, 0, '', '2019-07-19 13:47:37', 'QUESTIONNAIRE_MIGRATION_2019', '2019-07-19 13:47:37', 'QUESTIONNAIRE_MIGRATION_2019'),
	(391, 11, 11, 832, 3, 68, -1, 3, 1, 0, 0, '', '2019-07-19 13:47:37', 'QUESTIONNAIRE_MIGRATION_2019', '2019-07-19 13:47:37', 'QUESTIONNAIRE_MIGRATION_2019'),
	(392, 12, 12, 793, 2, 69, -1, 3, 1, 0, 0, '', '2019-07-19 13:47:37', 'QUESTIONNAIRE_MIGRATION_2019', '2019-07-19 13:47:37', 'QUESTIONNAIRE_MIGRATION_2019'),
	(393, 12, 12, 794, 2, 69, -1, 3, 1, 0, 0, '', '2019-07-19 13:47:37', 'QUESTIONNAIRE_MIGRATION_2019', '2019-07-19 13:47:37', 'QUESTIONNAIRE_MIGRATION_2019'),
	(394, 12, 12, 795, 2, 69, -1, 3, 1, 0, 0, '', '2019-07-19 13:47:37', 'QUESTIONNAIRE_MIGRATION_2019', '2019-07-19 13:47:37', 'QUESTIONNAIRE_MIGRATION_2019'),
	(395, 12, 12, 791, 2, 69, -1, 3, 1, 0, 0, '', '2019-07-19 13:47:37', 'QUESTIONNAIRE_MIGRATION_2019', '2019-07-19 13:47:37', 'QUESTIONNAIRE_MIGRATION_2019'),
	(396, 12, 12, 796, 2, 69, -1, 3, 1, 0, 0, '', '2019-07-19 13:47:37', 'QUESTIONNAIRE_MIGRATION_2019', '2019-07-19 13:47:37', 'QUESTIONNAIRE_MIGRATION_2019'),
	(397, 12, 12, 792, 2, 69, -1, 3, 1, 0, 0, '', '2019-07-19 13:47:37', 'QUESTIONNAIRE_MIGRATION_2019', '2019-07-19 13:47:37', 'QUESTIONNAIRE_MIGRATION_2019'),
	(398, 12, 12, 799, 2, 69, -1, 3, 1, 0, 0, '', '2019-07-19 13:47:37', 'QUESTIONNAIRE_MIGRATION_2019', '2019-07-19 13:47:37', 'QUESTIONNAIRE_MIGRATION_2019'),
	(399, 12, 12, 797, 2, 69, -1, 3, 1, 0, 0, '', '2019-07-19 13:47:37', 'QUESTIONNAIRE_MIGRATION_2019', '2019-07-19 13:47:37', 'QUESTIONNAIRE_MIGRATION_2019'),
	(400, 12, 12, 798, 2, 69, -1, 3, 1, 0, 0, '', '2019-07-19 13:47:37', 'QUESTIONNAIRE_MIGRATION_2019', '2019-07-19 13:47:37', 'QUESTIONNAIRE_MIGRATION_2019'),
	(401, 12, 12, 793, 2, 70, -1, 3, 1, 0, 0, '', '2019-07-19 13:47:37', 'QUESTIONNAIRE_MIGRATION_2019', '2019-07-19 13:47:37', 'QUESTIONNAIRE_MIGRATION_2019'),
	(402, 12, 12, 794, 2, 70, -1, 3, 1, 0, 0, '', '2019-07-19 13:47:37', 'QUESTIONNAIRE_MIGRATION_2019', '2019-07-19 13:47:37', 'QUESTIONNAIRE_MIGRATION_2019'),
	(403, 12, 12, 795, 2, 70, -1, 3, 1, 0, 0, '', '2019-07-19 13:47:37', 'QUESTIONNAIRE_MIGRATION_2019', '2019-07-19 13:47:37', 'QUESTIONNAIRE_MIGRATION_2019'),
	(404, 12, 12, 791, 2, 70, -1, 3, 1, 0, 0, '', '2019-07-19 13:47:37', 'QUESTIONNAIRE_MIGRATION_2019', '2019-07-19 13:47:37', 'QUESTIONNAIRE_MIGRATION_2019'),
	(405, 12, 12, 796, 2, 70, -1, 3, 1, 0, 0, '', '2019-07-19 13:47:37', 'QUESTIONNAIRE_MIGRATION_2019', '2019-07-19 13:47:37', 'QUESTIONNAIRE_MIGRATION_2019'),
	(406, 12, 12, 792, 2, 70, -1, 3, 1, 0, 0, '', '2019-07-19 13:47:37', 'QUESTIONNAIRE_MIGRATION_2019', '2019-07-19 13:47:37', 'QUESTIONNAIRE_MIGRATION_2019'),
	(407, 12, 12, 799, 2, 70, -1, 3, 1, 0, 0, '', '2019-07-19 13:47:37', 'QUESTIONNAIRE_MIGRATION_2019', '2019-07-19 13:47:37', 'QUESTIONNAIRE_MIGRATION_2019'),
	(408, 12, 12, 797, 2, 70, -1, 3, 1, 0, 0, '', '2019-07-19 13:47:37', 'QUESTIONNAIRE_MIGRATION_2019', '2019-07-19 13:47:37', 'QUESTIONNAIRE_MIGRATION_2019'),
	(409, 12, 12, 798, 2, 70, -1, 3, 1, 0, 0, '', '2019-07-19 13:47:37', 'QUESTIONNAIRE_MIGRATION_2019', '2019-07-19 13:47:37', 'QUESTIONNAIRE_MIGRATION_2019'),
	(410, 18, 18, 842, 2, 71, -1, 3, 1, 0, 0, '', '2019-07-19 13:47:37', 'QUESTIONNAIRE_MIGRATION_2019', '2019-07-19 13:47:37', 'QUESTIONNAIRE_MIGRATION_2019'),
	(411, 18, 18, 843, 2, 71, -1, 3, 1, 0, 0, '', '2019-07-19 13:47:37', 'QUESTIONNAIRE_MIGRATION_2019', '2019-07-19 13:47:37', 'QUESTIONNAIRE_MIGRATION_2019'),
	(412, 18, 18, 844, 2, 71, -1, 3, 1, 0, 0, '', '2019-07-19 13:47:37', 'QUESTIONNAIRE_MIGRATION_2019', '2019-07-19 13:47:37', 'QUESTIONNAIRE_MIGRATION_2019'),
	(413, 18, 18, 845, 2, 71, -1, 3, 1, 0, 0, '', '2019-07-19 13:47:37', 'QUESTIONNAIRE_MIGRATION_2019', '2019-07-19 13:47:37', 'QUESTIONNAIRE_MIGRATION_2019'),
	(414, 18, 18, 846, 2, 71, -1, 3, 1, 0, 0, '', '2019-07-19 13:47:37', 'QUESTIONNAIRE_MIGRATION_2019', '2019-07-19 13:47:37', 'QUESTIONNAIRE_MIGRATION_2019'),
	(415, 18, 18, 847, 2, 71, -1, 3, 1, 0, 0, '', '2019-07-19 13:47:37', 'QUESTIONNAIRE_MIGRATION_2019', '2019-07-19 13:47:37', 'QUESTIONNAIRE_MIGRATION_2019'),
	(416, 18, 18, 848, 2, 71, -1, 3, 1, 0, 0, '', '2019-07-19 13:47:37', 'QUESTIONNAIRE_MIGRATION_2019', '2019-07-19 13:47:37', 'QUESTIONNAIRE_MIGRATION_2019'),
	(417, 18, 18, 849, 2, 71, -1, 3, 1, 0, 0, '', '2019-07-19 13:47:37', 'QUESTIONNAIRE_MIGRATION_2019', '2019-07-19 13:47:37', 'QUESTIONNAIRE_MIGRATION_2019'),
	(418, 18, 18, 850, 2, 71, -1, 3, 1, 0, 0, '', '2019-07-19 13:47:37', 'QUESTIONNAIRE_MIGRATION_2019', '2019-07-19 13:47:37', 'QUESTIONNAIRE_MIGRATION_2019'),
	(419, 18, 18, 851, 2, 71, -1, 3, 1, 0, 0, '', '2019-07-19 13:47:37', 'QUESTIONNAIRE_MIGRATION_2019', '2019-07-19 13:47:37', 'QUESTIONNAIRE_MIGRATION_2019'),
	(420, 18, 18, 852, 2, 71, -1, 3, 1, 0, 0, '', '2019-07-19 13:47:37', 'QUESTIONNAIRE_MIGRATION_2019', '2019-07-19 13:47:37', 'QUESTIONNAIRE_MIGRATION_2019'),
	(421, 12, 12, 793, 2, 72, -1, 3, 1, 0, 0, '', '2019-07-19 13:47:37', 'QUESTIONNAIRE_MIGRATION_2019', '2019-07-19 13:47:37', 'QUESTIONNAIRE_MIGRATION_2019'),
	(422, 12, 12, 794, 2, 72, -1, 3, 1, 0, 0, '', '2019-07-19 13:47:37', 'QUESTIONNAIRE_MIGRATION_2019', '2019-07-19 13:47:37', 'QUESTIONNAIRE_MIGRATION_2019'),
	(423, 12, 12, 795, 2, 72, -1, 3, 1, 0, 0, '', '2019-07-19 13:47:37', 'QUESTIONNAIRE_MIGRATION_2019', '2019-07-19 13:47:37', 'QUESTIONNAIRE_MIGRATION_2019'),
	(424, 12, 12, 791, 2, 72, -1, 3, 1, 0, 0, '', '2019-07-19 13:47:37', 'QUESTIONNAIRE_MIGRATION_2019', '2019-07-19 13:47:37', 'QUESTIONNAIRE_MIGRATION_2019'),
	(425, 12, 12, 796, 2, 72, -1, 3, 1, 0, 0, '', '2019-07-19 13:47:37', 'QUESTIONNAIRE_MIGRATION_2019', '2019-07-19 13:47:37', 'QUESTIONNAIRE_MIGRATION_2019'),
	(426, 12, 12, 792, 2, 72, -1, 3, 1, 0, 0, '', '2019-07-19 13:47:37', 'QUESTIONNAIRE_MIGRATION_2019', '2019-07-19 13:47:37', 'QUESTIONNAIRE_MIGRATION_2019'),
	(427, 12, 12, 799, 2, 72, -1, 3, 1, 0, 0, '', '2019-07-19 13:47:37', 'QUESTIONNAIRE_MIGRATION_2019', '2019-07-19 13:47:37', 'QUESTIONNAIRE_MIGRATION_2019'),
	(428, 12, 12, 797, 2, 72, -1, 3, 1, 0, 0, '', '2019-07-19 13:47:37', 'QUESTIONNAIRE_MIGRATION_2019', '2019-07-19 13:47:37', 'QUESTIONNAIRE_MIGRATION_2019'),
	(429, 12, 12, 798, 2, 72, -1, 3, 1, 0, 0, '', '2019-07-19 13:47:37', 'QUESTIONNAIRE_MIGRATION_2019', '2019-07-19 13:47:37', 'QUESTIONNAIRE_MIGRATION_2019'),
	(430, 11, 11, 823, 2, 73, -1, 3, 1, 0, 0, '', '2019-07-19 13:47:37', 'QUESTIONNAIRE_MIGRATION_2019', '2019-07-19 13:47:37', 'QUESTIONNAIRE_MIGRATION_2019'),
	(431, 11, 11, 824, 2, 73, -1, 3, 1, 0, 0, '', '2019-07-19 13:47:37', 'QUESTIONNAIRE_MIGRATION_2019', '2019-07-19 13:47:37', 'QUESTIONNAIRE_MIGRATION_2019'),
	(432, 11, 11, 811, 1, 73, -1, 3, 1, 0, 0, '', '2019-07-19 13:47:37', 'QUESTIONNAIRE_MIGRATION_2019', '2019-07-19 13:47:37', 'QUESTIONNAIRE_MIGRATION_2019'),
	(433, 11, 11, 830, 3, 73, -1, 3, 1, 0, 0, '', '2019-07-19 13:47:37', 'QUESTIONNAIRE_MIGRATION_2019', '2019-07-19 13:47:37', 'QUESTIONNAIRE_MIGRATION_2019'),
	(434, 11, 11, 832, 3, 73, -1, 3, 1, 0, 0, '', '2019-07-19 13:47:37', 'QUESTIONNAIRE_MIGRATION_2019', '2019-07-19 13:47:37', 'QUESTIONNAIRE_MIGRATION_2019'),
	(435, 11, 11, 823, 2, 74, -1, 3, 1, 0, 0, '', '2019-07-19 13:47:37', 'QUESTIONNAIRE_MIGRATION_2019', '2019-07-19 13:47:37', 'QUESTIONNAIRE_MIGRATION_2019'),
	(436, 11, 11, 824, 2, 74, -1, 3, 1, 0, 0, '', '2019-07-19 13:47:37', 'QUESTIONNAIRE_MIGRATION_2019', '2019-07-19 13:47:37', 'QUESTIONNAIRE_MIGRATION_2019'),
	(437, 11, 11, 811, 1, 74, -1, 3, 1, 0, 0, '', '2019-07-19 13:47:37', 'QUESTIONNAIRE_MIGRATION_2019', '2019-07-19 13:47:37', 'QUESTIONNAIRE_MIGRATION_2019'),
	(438, 11, 11, 830, 3, 74, -1, 3, 1, 0, 0, '', '2019-07-19 13:47:37', 'QUESTIONNAIRE_MIGRATION_2019', '2019-07-19 13:47:37', 'QUESTIONNAIRE_MIGRATION_2019'),
	(439, 11, 11, 832, 3, 74, -1, 3, 1, 0, 0, '', '2019-07-19 13:47:37', 'QUESTIONNAIRE_MIGRATION_2019', '2019-07-19 13:47:37', 'QUESTIONNAIRE_MIGRATION_2019'),
	(440, 11, 11, 823, 2, 75, -1, 3, 1, 0, 0, '', '2019-07-19 13:47:37', 'QUESTIONNAIRE_MIGRATION_2019', '2019-07-19 13:47:37', 'QUESTIONNAIRE_MIGRATION_2019'),
	(441, 11, 11, 824, 2, 75, -1, 3, 1, 0, 0, '', '2019-07-19 13:47:37', 'QUESTIONNAIRE_MIGRATION_2019', '2019-07-19 13:47:37', 'QUESTIONNAIRE_MIGRATION_2019'),
	(442, 11, 11, 811, 1, 75, -1, 3, 1, 0, 0, '', '2019-07-19 13:47:37', 'QUESTIONNAIRE_MIGRATION_2019', '2019-07-19 13:47:37', 'QUESTIONNAIRE_MIGRATION_2019'),
	(443, 11, 11, 830, 3, 75, -1, 3, 1, 0, 0, '', '2019-07-19 13:47:37', 'QUESTIONNAIRE_MIGRATION_2019', '2019-07-19 13:47:37', 'QUESTIONNAIRE_MIGRATION_2019'),
	(444, 11, 11, 832, 3, 75, -1, 3, 1, 0, 0, '', '2019-07-19 13:47:37', 'QUESTIONNAIRE_MIGRATION_2019', '2019-07-19 13:47:37', 'QUESTIONNAIRE_MIGRATION_2019'),
	(445, 12, 12, 793, 2, 76, -1, 3, 1, 0, 0, '', '2019-07-19 13:47:38', 'QUESTIONNAIRE_MIGRATION_2019', '2019-07-19 13:47:38', 'QUESTIONNAIRE_MIGRATION_2019'),
	(446, 12, 12, 794, 2, 76, -1, 3, 1, 0, 0, '', '2019-07-19 13:47:38', 'QUESTIONNAIRE_MIGRATION_2019', '2019-07-19 13:47:38', 'QUESTIONNAIRE_MIGRATION_2019'),
	(447, 12, 12, 795, 2, 76, -1, 3, 1, 0, 0, '', '2019-07-19 13:47:38', 'QUESTIONNAIRE_MIGRATION_2019', '2019-07-19 13:47:38', 'QUESTIONNAIRE_MIGRATION_2019'),
	(448, 12, 12, 791, 2, 76, -1, 3, 1, 0, 0, '', '2019-07-19 13:47:38', 'QUESTIONNAIRE_MIGRATION_2019', '2019-07-19 13:47:38', 'QUESTIONNAIRE_MIGRATION_2019'),
	(449, 12, 12, 796, 2, 76, -1, 3, 1, 0, 0, '', '2019-07-19 13:47:38', 'QUESTIONNAIRE_MIGRATION_2019', '2019-07-19 13:47:38', 'QUESTIONNAIRE_MIGRATION_2019'),
	(450, 12, 12, 792, 2, 76, -1, 3, 1, 0, 0, '', '2019-07-19 13:47:38', 'QUESTIONNAIRE_MIGRATION_2019', '2019-07-19 13:47:38', 'QUESTIONNAIRE_MIGRATION_2019'),
	(451, 12, 12, 799, 2, 76, -1, 3, 1, 0, 0, '', '2019-07-19 13:47:38', 'QUESTIONNAIRE_MIGRATION_2019', '2019-07-19 13:47:38', 'QUESTIONNAIRE_MIGRATION_2019'),
	(452, 12, 12, 797, 2, 76, -1, 3, 1, 0, 0, '', '2019-07-19 13:47:38', 'QUESTIONNAIRE_MIGRATION_2019', '2019-07-19 13:47:38', 'QUESTIONNAIRE_MIGRATION_2019'),
	(453, 12, 12, 798, 2, 76, -1, 3, 1, 0, 0, '', '2019-07-19 13:47:38', 'QUESTIONNAIRE_MIGRATION_2019', '2019-07-19 13:47:38', 'QUESTIONNAIRE_MIGRATION_2019'),
	(454, 12, 12, 793, 2, 77, -1, 3, 1, 0, 0, '', '2019-07-19 13:47:38', 'QUESTIONNAIRE_MIGRATION_2019', '2019-07-19 13:47:38', 'QUESTIONNAIRE_MIGRATION_2019'),
	(455, 12, 12, 794, 2, 77, -1, 3, 1, 0, 0, '', '2019-07-19 13:47:38', 'QUESTIONNAIRE_MIGRATION_2019', '2019-07-19 13:47:38', 'QUESTIONNAIRE_MIGRATION_2019'),
	(456, 12, 12, 795, 2, 77, -1, 3, 1, 0, 0, '', '2019-07-19 13:47:38', 'QUESTIONNAIRE_MIGRATION_2019', '2019-07-19 13:47:38', 'QUESTIONNAIRE_MIGRATION_2019'),
	(457, 12, 12, 791, 2, 77, -1, 3, 1, 0, 0, '', '2019-07-19 13:47:38', 'QUESTIONNAIRE_MIGRATION_2019', '2019-07-19 13:47:38', 'QUESTIONNAIRE_MIGRATION_2019'),
	(458, 12, 12, 796, 2, 77, -1, 3, 1, 0, 0, '', '2019-07-19 13:47:38', 'QUESTIONNAIRE_MIGRATION_2019', '2019-07-19 13:47:38', 'QUESTIONNAIRE_MIGRATION_2019'),
	(459, 12, 12, 792, 2, 77, -1, 3, 1, 0, 0, '', '2019-07-19 13:47:38', 'QUESTIONNAIRE_MIGRATION_2019', '2019-07-19 13:47:38', 'QUESTIONNAIRE_MIGRATION_2019'),
	(460, 12, 12, 799, 2, 77, -1, 3, 1, 0, 0, '', '2019-07-19 13:47:38', 'QUESTIONNAIRE_MIGRATION_2019', '2019-07-19 13:47:38', 'QUESTIONNAIRE_MIGRATION_2019'),
	(461, 12, 12, 797, 2, 77, -1, 3, 1, 0, 0, '', '2019-07-19 13:47:38', 'QUESTIONNAIRE_MIGRATION_2019', '2019-07-19 13:47:38', 'QUESTIONNAIRE_MIGRATION_2019'),
	(462, 12, 12, 798, 2, 77, -1, 3, 1, 0, 0, '', '2019-07-19 13:47:38', 'QUESTIONNAIRE_MIGRATION_2019', '2019-07-19 13:47:38', 'QUESTIONNAIRE_MIGRATION_2019'),
	(463, 18, 18, 842, 2, 78, -1, 3, 1, 0, 0, '', '2019-07-19 13:47:38', 'QUESTIONNAIRE_MIGRATION_2019', '2019-07-19 13:47:38', 'QUESTIONNAIRE_MIGRATION_2019'),
	(464, 18, 18, 843, 2, 78, -1, 3, 1, 0, 0, '', '2019-07-19 13:47:38', 'QUESTIONNAIRE_MIGRATION_2019', '2019-07-19 13:47:38', 'QUESTIONNAIRE_MIGRATION_2019'),
	(465, 18, 18, 844, 2, 78, -1, 3, 1, 0, 0, '', '2019-07-19 13:47:38', 'QUESTIONNAIRE_MIGRATION_2019', '2019-07-19 13:47:38', 'QUESTIONNAIRE_MIGRATION_2019'),
	(466, 18, 18, 845, 2, 78, -1, 3, 1, 0, 0, '', '2019-07-19 13:47:38', 'QUESTIONNAIRE_MIGRATION_2019', '2019-07-19 13:47:38', 'QUESTIONNAIRE_MIGRATION_2019'),
	(467, 18, 18, 846, 2, 78, -1, 3, 1, 0, 0, '', '2019-07-19 13:47:38', 'QUESTIONNAIRE_MIGRATION_2019', '2019-07-19 13:47:38', 'QUESTIONNAIRE_MIGRATION_2019'),
	(468, 18, 18, 847, 2, 78, -1, 3, 1, 0, 0, '', '2019-07-19 13:47:38', 'QUESTIONNAIRE_MIGRATION_2019', '2019-07-19 13:47:38', 'QUESTIONNAIRE_MIGRATION_2019'),
	(469, 18, 18, 848, 2, 78, -1, 3, 1, 0, 0, '', '2019-07-19 13:47:38', 'QUESTIONNAIRE_MIGRATION_2019', '2019-07-19 13:47:38', 'QUESTIONNAIRE_MIGRATION_2019'),
	(470, 18, 18, 849, 2, 78, -1, 3, 1, 0, 0, '', '2019-07-19 13:47:38', 'QUESTIONNAIRE_MIGRATION_2019', '2019-07-19 13:47:38', 'QUESTIONNAIRE_MIGRATION_2019'),
	(471, 18, 18, 850, 2, 78, -1, 3, 1, 0, 0, '', '2019-07-19 13:47:38', 'QUESTIONNAIRE_MIGRATION_2019', '2019-07-19 13:47:38', 'QUESTIONNAIRE_MIGRATION_2019'),
	(472, 18, 18, 851, 2, 78, -1, 3, 1, 0, 0, '', '2019-07-19 13:47:38', 'QUESTIONNAIRE_MIGRATION_2019', '2019-07-19 13:47:38', 'QUESTIONNAIRE_MIGRATION_2019'),
	(473, 18, 18, 852, 2, 78, -1, 3, 1, 0, 0, '', '2019-07-19 13:47:38', 'QUESTIONNAIRE_MIGRATION_2019', '2019-07-19 13:47:38', 'QUESTIONNAIRE_MIGRATION_2019'),
	(474, 11, 11, 823, 2, 79, -1, 3, 1, 0, 0, '', '2019-07-19 13:47:38', 'QUESTIONNAIRE_MIGRATION_2019', '2019-07-19 13:47:38', 'QUESTIONNAIRE_MIGRATION_2019'),
	(475, 11, 11, 824, 2, 79, -1, 3, 1, 0, 0, '', '2019-07-19 13:47:38', 'QUESTIONNAIRE_MIGRATION_2019', '2019-07-19 13:47:38', 'QUESTIONNAIRE_MIGRATION_2019'),
	(476, 11, 11, 811, 1, 79, -1, 3, 1, 0, 0, '', '2019-07-19 13:47:38', 'QUESTIONNAIRE_MIGRATION_2019', '2019-07-19 13:47:38', 'QUESTIONNAIRE_MIGRATION_2019'),
	(477, 11, 11, 830, 3, 79, -1, 3, 1, 0, 0, '', '2019-07-19 13:47:38', 'QUESTIONNAIRE_MIGRATION_2019', '2019-07-19 13:47:38', 'QUESTIONNAIRE_MIGRATION_2019'),
	(478, 11, 11, 832, 3, 79, -1, 3, 1, 0, 0, '', '2019-07-19 13:47:38', 'QUESTIONNAIRE_MIGRATION_2019', '2019-07-19 13:47:38', 'QUESTIONNAIRE_MIGRATION_2019'),
	(479, 11, 11, 823, 2, 80, -1, 3, 1, 0, 0, '', '2019-07-19 13:47:38', 'QUESTIONNAIRE_MIGRATION_2019', '2019-07-19 13:47:38', 'QUESTIONNAIRE_MIGRATION_2019'),
	(480, 11, 11, 824, 2, 80, -1, 3, 1, 0, 0, '', '2019-07-19 13:47:38', 'QUESTIONNAIRE_MIGRATION_2019', '2019-07-19 13:47:38', 'QUESTIONNAIRE_MIGRATION_2019'),
	(481, 11, 11, 811, 1, 80, -1, 3, 1, 0, 0, '', '2019-07-19 13:47:38', 'QUESTIONNAIRE_MIGRATION_2019', '2019-07-19 13:47:38', 'QUESTIONNAIRE_MIGRATION_2019'),
	(482, 11, 11, 823, 2, 81, -1, 3, 1, 0, 0, '', '2019-07-19 13:47:38', 'QUESTIONNAIRE_MIGRATION_2019', '2019-07-19 13:47:38', 'QUESTIONNAIRE_MIGRATION_2019'),
	(483, 11, 11, 824, 2, 81, -1, 3, 1, 0, 0, '', '2019-07-19 13:47:38', 'QUESTIONNAIRE_MIGRATION_2019', '2019-07-19 13:47:38', 'QUESTIONNAIRE_MIGRATION_2019'),
	(484, 11, 11, 811, 1, 81, -1, 3, 1, 0, 0, '', '2019-07-19 13:47:38', 'QUESTIONNAIRE_MIGRATION_2019', '2019-07-19 13:47:38', 'QUESTIONNAIRE_MIGRATION_2019'),
	(485, 11, 11, 832, 3, 81, -1, 3, 1, 0, 0, '', '2019-07-19 13:47:38', 'QUESTIONNAIRE_MIGRATION_2019', '2019-07-19 13:47:38', 'QUESTIONNAIRE_MIGRATION_2019'),
	(486, 12, 12, 793, 2, 82, -1, 3, 1, 0, 0, '', '2019-07-19 13:47:38', 'QUESTIONNAIRE_MIGRATION_2019', '2019-07-19 13:47:38', 'QUESTIONNAIRE_MIGRATION_2019'),
	(487, 12, 12, 794, 2, 82, -1, 3, 1, 0, 0, '', '2019-07-19 13:47:38', 'QUESTIONNAIRE_MIGRATION_2019', '2019-07-19 13:47:38', 'QUESTIONNAIRE_MIGRATION_2019'),
	(488, 12, 12, 795, 2, 82, -1, 3, 1, 0, 0, '', '2019-07-19 13:47:38', 'QUESTIONNAIRE_MIGRATION_2019', '2019-07-19 13:47:38', 'QUESTIONNAIRE_MIGRATION_2019'),
	(489, 12, 12, 791, 2, 82, -1, 3, 1, 0, 0, '', '2019-07-19 13:47:38', 'QUESTIONNAIRE_MIGRATION_2019', '2019-07-19 13:47:38', 'QUESTIONNAIRE_MIGRATION_2019'),
	(490, 12, 12, 796, 2, 82, -1, 3, 1, 0, 0, '', '2019-07-19 13:47:38', 'QUESTIONNAIRE_MIGRATION_2019', '2019-07-19 13:47:38', 'QUESTIONNAIRE_MIGRATION_2019'),
	(491, 12, 12, 792, 2, 82, -1, 3, 1, 0, 0, '', '2019-07-19 13:47:38', 'QUESTIONNAIRE_MIGRATION_2019', '2019-07-19 13:47:38', 'QUESTIONNAIRE_MIGRATION_2019'),
	(492, 12, 12, 799, 2, 82, -1, 3, 1, 0, 0, '', '2019-07-19 13:47:38', 'QUESTIONNAIRE_MIGRATION_2019', '2019-07-19 13:47:38', 'QUESTIONNAIRE_MIGRATION_2019'),
	(493, 12, 12, 797, 2, 82, -1, 3, 1, 0, 0, '', '2019-07-19 13:47:38', 'QUESTIONNAIRE_MIGRATION_2019', '2019-07-19 13:47:38', 'QUESTIONNAIRE_MIGRATION_2019'),
	(494, 12, 12, 798, 2, 82, -1, 3, 1, 0, 0, '', '2019-07-19 13:47:38', 'QUESTIONNAIRE_MIGRATION_2019', '2019-07-19 13:47:38', 'QUESTIONNAIRE_MIGRATION_2019'),
	(495, 18, 18, 842, 2, 83, -1, 3, 1, 0, 0, '', '2019-07-19 13:47:38', 'QUESTIONNAIRE_MIGRATION_2019', '2019-07-19 13:47:38', 'QUESTIONNAIRE_MIGRATION_2019'),
	(496, 18, 18, 843, 2, 83, -1, 3, 1, 0, 0, '', '2019-07-19 13:47:38', 'QUESTIONNAIRE_MIGRATION_2019', '2019-07-19 13:47:38', 'QUESTIONNAIRE_MIGRATION_2019'),
	(497, 18, 18, 844, 2, 83, -1, 3, 1, 0, 0, '', '2019-07-19 13:47:38', 'QUESTIONNAIRE_MIGRATION_2019', '2019-07-19 13:47:38', 'QUESTIONNAIRE_MIGRATION_2019'),
	(498, 18, 18, 845, 2, 83, -1, 3, 1, 0, 0, '', '2019-07-19 13:47:38', 'QUESTIONNAIRE_MIGRATION_2019', '2019-07-19 13:47:38', 'QUESTIONNAIRE_MIGRATION_2019'),
	(499, 18, 18, 846, 2, 83, -1, 3, 1, 0, 0, '', '2019-07-19 13:47:38', 'QUESTIONNAIRE_MIGRATION_2019', '2019-07-19 13:47:38', 'QUESTIONNAIRE_MIGRATION_2019'),
	(500, 18, 18, 847, 2, 83, -1, 3, 1, 0, 0, '', '2019-07-19 13:47:38', 'QUESTIONNAIRE_MIGRATION_2019', '2019-07-19 13:47:38', 'QUESTIONNAIRE_MIGRATION_2019'),
	(501, 18, 18, 848, 2, 83, -1, 3, 1, 0, 0, '', '2019-07-19 13:47:38', 'QUESTIONNAIRE_MIGRATION_2019', '2019-07-19 13:47:38', 'QUESTIONNAIRE_MIGRATION_2019'),
	(502, 18, 18, 849, 2, 83, -1, 3, 1, 0, 0, '', '2019-07-19 13:47:38', 'QUESTIONNAIRE_MIGRATION_2019', '2019-07-19 13:47:38', 'QUESTIONNAIRE_MIGRATION_2019'),
	(503, 18, 18, 850, 2, 83, -1, 3, 1, 0, 0, '', '2019-07-19 13:47:38', 'QUESTIONNAIRE_MIGRATION_2019', '2019-07-19 13:47:38', 'QUESTIONNAIRE_MIGRATION_2019'),
	(504, 18, 18, 851, 2, 83, -1, 3, 1, 0, 0, '', '2019-07-19 13:47:38', 'QUESTIONNAIRE_MIGRATION_2019', '2019-07-19 13:47:38', 'QUESTIONNAIRE_MIGRATION_2019'),
	(505, 18, 18, 852, 2, 83, -1, 3, 1, 0, 0, '', '2019-07-19 13:47:38', 'QUESTIONNAIRE_MIGRATION_2019', '2019-07-19 13:47:38', 'QUESTIONNAIRE_MIGRATION_2019'),
	(506, 19, 19, 853, 2, 84, -1, 3, 1, 0, 0, '', '2019-07-19 13:47:38', 'QUESTIONNAIRE_MIGRATION_2019', '2019-07-19 13:47:38', 'QUESTIONNAIRE_MIGRATION_2019'),
	(507, 19, 19, 854, 2, 84, -1, 3, 1, 0, 0, '', '2019-07-19 13:47:38', 'QUESTIONNAIRE_MIGRATION_2019', '2019-07-19 13:47:38', 'QUESTIONNAIRE_MIGRATION_2019'),
	(508, 19, 19, 855, 4, 84, -1, 3, 1, 0, 0, '', '2019-07-19 13:47:38', 'QUESTIONNAIRE_MIGRATION_2019', '2019-07-19 13:47:38', 'QUESTIONNAIRE_MIGRATION_2019'),
	(509, 19, 19, 856, 4, 84, -1, 3, 1, 0, 0, '', '2019-07-19 13:47:38', 'QUESTIONNAIRE_MIGRATION_2019', '2019-07-19 13:47:38', 'QUESTIONNAIRE_MIGRATION_2019'),
	(510, 19, 19, 857, 1, 84, -1, 3, 1, 0, 0, '', '2019-07-19 13:47:38', 'QUESTIONNAIRE_MIGRATION_2019', '2019-07-19 13:47:38', 'QUESTIONNAIRE_MIGRATION_2019'),
	(511, 18, 18, 842, 2, 85, -1, 3, 1, 0, 0, '', '2019-07-19 13:47:38', 'QUESTIONNAIRE_MIGRATION_2019', '2019-07-19 13:47:38', 'QUESTIONNAIRE_MIGRATION_2019'),
	(512, 18, 18, 843, 2, 85, -1, 3, 1, 0, 0, '', '2019-07-19 13:47:38', 'QUESTIONNAIRE_MIGRATION_2019', '2019-07-19 13:47:38', 'QUESTIONNAIRE_MIGRATION_2019'),
	(513, 18, 18, 844, 2, 85, -1, 3, 1, 0, 0, '', '2019-07-19 13:47:38', 'QUESTIONNAIRE_MIGRATION_2019', '2019-07-19 13:47:38', 'QUESTIONNAIRE_MIGRATION_2019'),
	(514, 18, 18, 845, 2, 85, -1, 3, 1, 0, 0, '', '2019-07-19 13:47:38', 'QUESTIONNAIRE_MIGRATION_2019', '2019-07-19 13:47:38', 'QUESTIONNAIRE_MIGRATION_2019'),
	(515, 18, 18, 846, 2, 85, -1, 3, 1, 0, 0, '', '2019-07-19 13:47:38', 'QUESTIONNAIRE_MIGRATION_2019', '2019-07-19 13:47:38', 'QUESTIONNAIRE_MIGRATION_2019'),
	(516, 18, 18, 847, 2, 85, -1, 3, 1, 0, 0, '', '2019-07-19 13:47:38', 'QUESTIONNAIRE_MIGRATION_2019', '2019-07-19 13:47:38', 'QUESTIONNAIRE_MIGRATION_2019'),
	(517, 18, 18, 848, 2, 85, -1, 3, 1, 0, 0, '', '2019-07-19 13:47:38', 'QUESTIONNAIRE_MIGRATION_2019', '2019-07-19 13:47:38', 'QUESTIONNAIRE_MIGRATION_2019'),
	(518, 18, 18, 849, 2, 85, -1, 3, 1, 0, 0, '', '2019-07-19 13:47:38', 'QUESTIONNAIRE_MIGRATION_2019', '2019-07-19 13:47:38', 'QUESTIONNAIRE_MIGRATION_2019'),
	(519, 18, 18, 850, 2, 85, -1, 3, 1, 0, 0, '', '2019-07-19 13:47:38', 'QUESTIONNAIRE_MIGRATION_2019', '2019-07-19 13:47:38', 'QUESTIONNAIRE_MIGRATION_2019'),
	(520, 18, 18, 851, 2, 85, -1, 3, 1, 0, 0, '', '2019-07-19 13:47:38', 'QUESTIONNAIRE_MIGRATION_2019', '2019-07-19 13:47:38', 'QUESTIONNAIRE_MIGRATION_2019'),
	(521, 18, 18, 852, 2, 85, -1, 3, 1, 0, 0, '', '2019-07-19 13:47:38', 'QUESTIONNAIRE_MIGRATION_2019', '2019-07-19 13:47:38', 'QUESTIONNAIRE_MIGRATION_2019'),
	(522, 19, 19, 853, 2, 86, -1, 3, 1, 0, 0, '', '2019-07-19 13:47:38', 'QUESTIONNAIRE_MIGRATION_2019', '2019-07-19 13:47:38', 'QUESTIONNAIRE_MIGRATION_2019'),
	(523, 19, 19, 854, 2, 86, -1, 3, 1, 0, 0, '', '2019-07-19 13:47:38', 'QUESTIONNAIRE_MIGRATION_2019', '2019-07-19 13:47:38', 'QUESTIONNAIRE_MIGRATION_2019'),
	(524, 19, 19, 855, 4, 86, -1, 3, 1, 0, 0, '', '2019-07-19 13:47:38', 'QUESTIONNAIRE_MIGRATION_2019', '2019-07-19 13:47:38', 'QUESTIONNAIRE_MIGRATION_2019'),
	(525, 19, 19, 856, 4, 86, -1, 3, 1, 0, 0, '', '2019-07-19 13:47:38', 'QUESTIONNAIRE_MIGRATION_2019', '2019-07-19 13:47:38', 'QUESTIONNAIRE_MIGRATION_2019'),
	(526, 19, 19, 857, 1, 86, -1, 3, 1, 0, 0, '', '2019-07-19 13:47:38', 'QUESTIONNAIRE_MIGRATION_2019', '2019-07-19 13:47:38', 'QUESTIONNAIRE_MIGRATION_2019'),
	(527, 18, 18, 842, 2, 87, -1, 3, 1, 0, 0, '', '2019-07-19 13:47:38', 'QUESTIONNAIRE_MIGRATION_2019', '2019-07-19 13:47:38', 'QUESTIONNAIRE_MIGRATION_2019'),
	(528, 18, 18, 843, 2, 87, -1, 3, 1, 0, 0, '', '2019-07-19 13:47:38', 'QUESTIONNAIRE_MIGRATION_2019', '2019-07-19 13:47:38', 'QUESTIONNAIRE_MIGRATION_2019'),
	(529, 18, 18, 844, 2, 87, -1, 3, 1, 0, 0, '', '2019-07-19 13:47:38', 'QUESTIONNAIRE_MIGRATION_2019', '2019-07-19 13:47:38', 'QUESTIONNAIRE_MIGRATION_2019'),
	(530, 18, 18, 845, 2, 87, -1, 3, 1, 0, 0, '', '2019-07-19 13:47:38', 'QUESTIONNAIRE_MIGRATION_2019', '2019-07-19 13:47:38', 'QUESTIONNAIRE_MIGRATION_2019'),
	(531, 18, 18, 846, 2, 87, -1, 3, 1, 0, 0, '', '2019-07-19 13:47:38', 'QUESTIONNAIRE_MIGRATION_2019', '2019-07-19 13:47:38', 'QUESTIONNAIRE_MIGRATION_2019'),
	(532, 18, 18, 847, 2, 87, -1, 3, 1, 0, 0, '', '2019-07-19 13:47:38', 'QUESTIONNAIRE_MIGRATION_2019', '2019-07-19 13:47:38', 'QUESTIONNAIRE_MIGRATION_2019'),
	(533, 18, 18, 848, 2, 87, -1, 3, 1, 0, 0, '', '2019-07-19 13:47:38', 'QUESTIONNAIRE_MIGRATION_2019', '2019-07-19 13:47:38', 'QUESTIONNAIRE_MIGRATION_2019'),
	(534, 18, 18, 849, 2, 87, -1, 3, 1, 0, 0, '', '2019-07-19 13:47:38', 'QUESTIONNAIRE_MIGRATION_2019', '2019-07-19 13:47:38', 'QUESTIONNAIRE_MIGRATION_2019'),
	(535, 18, 18, 850, 2, 87, -1, 3, 1, 0, 0, '', '2019-07-19 13:47:38', 'QUESTIONNAIRE_MIGRATION_2019', '2019-07-19 13:47:38', 'QUESTIONNAIRE_MIGRATION_2019'),
	(536, 18, 18, 851, 2, 87, -1, 3, 1, 0, 0, '', '2019-07-19 13:47:38', 'QUESTIONNAIRE_MIGRATION_2019', '2019-07-19 13:47:38', 'QUESTIONNAIRE_MIGRATION_2019'),
	(537, 18, 18, 852, 2, 87, -1, 3, 1, 0, 0, '', '2019-07-19 13:47:38', 'QUESTIONNAIRE_MIGRATION_2019', '2019-07-19 13:47:38', 'QUESTIONNAIRE_MIGRATION_2019'),
	(538, 19, 19, 853, 2, 88, -1, 3, 1, 0, 0, '', '2019-07-19 13:47:38', 'QUESTIONNAIRE_MIGRATION_2019', '2019-07-19 13:47:38', 'QUESTIONNAIRE_MIGRATION_2019'),
	(539, 19, 19, 854, 2, 88, -1, 3, 1, 0, 0, '', '2019-07-19 13:47:38', 'QUESTIONNAIRE_MIGRATION_2019', '2019-07-19 13:47:38', 'QUESTIONNAIRE_MIGRATION_2019'),
	(540, 19, 19, 855, 4, 88, -1, 3, 1, 0, 0, '', '2019-07-19 13:47:38', 'QUESTIONNAIRE_MIGRATION_2019', '2019-07-19 13:47:38', 'QUESTIONNAIRE_MIGRATION_2019'),
	(541, 19, 19, 856, 4, 88, -1, 3, 1, 0, 0, '', '2019-07-19 13:47:38', 'QUESTIONNAIRE_MIGRATION_2019', '2019-07-19 13:47:38', 'QUESTIONNAIRE_MIGRATION_2019'),
	(542, 19, 19, 857, 1, 88, -1, 3, 1, 0, 0, '', '2019-07-19 13:47:38', 'QUESTIONNAIRE_MIGRATION_2019', '2019-07-19 13:47:38', 'QUESTIONNAIRE_MIGRATION_2019'),
	(543, 19, 19, 859, 3, 88, -1, 3, 1, 0, 0, '', '2019-07-19 13:47:38', 'QUESTIONNAIRE_MIGRATION_2019', '2019-07-19 13:47:38', 'QUESTIONNAIRE_MIGRATION_2019'),
	(544, 19, 19, 853, 2, 89, -1, 3, 1, 0, 0, '', '2019-07-19 13:47:38', 'QUESTIONNAIRE_MIGRATION_2019', '2019-07-19 13:47:38', 'QUESTIONNAIRE_MIGRATION_2019'),
	(545, 19, 19, 854, 2, 89, -1, 3, 1, 0, 0, '', '2019-07-19 13:47:38', 'QUESTIONNAIRE_MIGRATION_2019', '2019-07-19 13:47:38', 'QUESTIONNAIRE_MIGRATION_2019'),
	(546, 19, 19, 855, 4, 89, -1, 3, 1, 0, 0, '', '2019-07-19 13:47:38', 'QUESTIONNAIRE_MIGRATION_2019', '2019-07-19 13:47:38', 'QUESTIONNAIRE_MIGRATION_2019'),
	(547, 19, 19, 856, 4, 89, -1, 3, 1, 0, 0, '', '2019-07-19 13:47:38', 'QUESTIONNAIRE_MIGRATION_2019', '2019-07-19 13:47:38', 'QUESTIONNAIRE_MIGRATION_2019'),
	(548, 19, 19, 857, 1, 89, -1, 3, 1, 0, 0, '', '2019-07-19 13:47:38', 'QUESTIONNAIRE_MIGRATION_2019', '2019-07-19 13:47:38', 'QUESTIONNAIRE_MIGRATION_2019'),
	(549, 19, 19, 853, 2, 90, -1, 3, 1, 0, 0, '', '2019-07-19 13:47:38', 'QUESTIONNAIRE_MIGRATION_2019', '2019-07-19 13:47:38', 'QUESTIONNAIRE_MIGRATION_2019'),
	(550, 19, 19, 854, 2, 90, -1, 3, 1, 0, 0, '', '2019-07-19 13:47:38', 'QUESTIONNAIRE_MIGRATION_2019', '2019-07-19 13:47:38', 'QUESTIONNAIRE_MIGRATION_2019'),
	(551, 19, 19, 855, 4, 90, -1, 3, 1, 0, 0, '', '2019-07-19 13:47:38', 'QUESTIONNAIRE_MIGRATION_2019', '2019-07-19 13:47:38', 'QUESTIONNAIRE_MIGRATION_2019'),
	(552, 19, 19, 856, 4, 90, -1, 3, 1, 0, 0, '', '2019-07-19 13:47:38', 'QUESTIONNAIRE_MIGRATION_2019', '2019-07-19 13:47:38', 'QUESTIONNAIRE_MIGRATION_2019'),
	(553, 19, 19, 857, 1, 90, -1, 3, 1, 0, 0, '', '2019-07-19 13:47:38', 'QUESTIONNAIRE_MIGRATION_2019', '2019-07-19 13:47:38', 'QUESTIONNAIRE_MIGRATION_2019'),
	(554, 18, 18, 842, 2, 91, -1, 3, 1, 0, 0, '', '2019-07-19 13:47:38', 'QUESTIONNAIRE_MIGRATION_2019', '2019-07-19 13:47:38', 'QUESTIONNAIRE_MIGRATION_2019'),
	(555, 18, 18, 843, 2, 91, -1, 3, 1, 0, 0, '', '2019-07-19 13:47:38', 'QUESTIONNAIRE_MIGRATION_2019', '2019-07-19 13:47:38', 'QUESTIONNAIRE_MIGRATION_2019'),
	(556, 18, 18, 844, 2, 91, -1, 3, 1, 0, 0, '', '2019-07-19 13:47:38', 'QUESTIONNAIRE_MIGRATION_2019', '2019-07-19 13:47:38', 'QUESTIONNAIRE_MIGRATION_2019'),
	(557, 18, 18, 845, 2, 91, -1, 3, 1, 0, 0, '', '2019-07-19 13:47:38', 'QUESTIONNAIRE_MIGRATION_2019', '2019-07-19 13:47:38', 'QUESTIONNAIRE_MIGRATION_2019'),
	(558, 18, 18, 846, 2, 91, -1, 3, 1, 0, 0, '', '2019-07-19 13:47:38', 'QUESTIONNAIRE_MIGRATION_2019', '2019-07-19 13:47:38', 'QUESTIONNAIRE_MIGRATION_2019'),
	(559, 18, 18, 847, 2, 91, -1, 3, 1, 0, 0, '', '2019-07-19 13:47:38', 'QUESTIONNAIRE_MIGRATION_2019', '2019-07-19 13:47:38', 'QUESTIONNAIRE_MIGRATION_2019'),
	(560, 18, 18, 848, 2, 91, -1, 3, 1, 0, 0, '', '2019-07-19 13:47:38', 'QUESTIONNAIRE_MIGRATION_2019', '2019-07-19 13:47:38', 'QUESTIONNAIRE_MIGRATION_2019'),
	(561, 18, 18, 849, 2, 91, -1, 3, 1, 0, 0, '', '2019-07-19 13:47:38', 'QUESTIONNAIRE_MIGRATION_2019', '2019-07-19 13:47:38', 'QUESTIONNAIRE_MIGRATION_2019'),
	(562, 18, 18, 850, 2, 91, -1, 3, 1, 0, 0, '', '2019-07-19 13:47:38', 'QUESTIONNAIRE_MIGRATION_2019', '2019-07-19 13:47:38', 'QUESTIONNAIRE_MIGRATION_2019'),
	(563, 18, 18, 851, 2, 91, -1, 3, 1, 0, 0, '', '2019-07-19 13:47:38', 'QUESTIONNAIRE_MIGRATION_2019', '2019-07-19 13:47:38', 'QUESTIONNAIRE_MIGRATION_2019'),
	(564, 18, 18, 852, 2, 91, -1, 3, 1, 0, 0, '', '2019-07-19 13:47:38', 'QUESTIONNAIRE_MIGRATION_2019', '2019-07-19 13:47:38', 'QUESTIONNAIRE_MIGRATION_2019'),
	(565, 19, 19, 853, 2, 92, -1, 3, 1, 0, 0, '', '2019-07-19 13:47:38', 'QUESTIONNAIRE_MIGRATION_2019', '2019-07-19 13:47:38', 'QUESTIONNAIRE_MIGRATION_2019'),
	(566, 19, 19, 854, 2, 92, -1, 3, 1, 0, 0, '', '2019-07-19 13:47:38', 'QUESTIONNAIRE_MIGRATION_2019', '2019-07-19 13:47:38', 'QUESTIONNAIRE_MIGRATION_2019'),
	(567, 19, 19, 855, 4, 92, -1, 3, 1, 0, 0, '', '2019-07-19 13:47:38', 'QUESTIONNAIRE_MIGRATION_2019', '2019-07-19 13:47:38', 'QUESTIONNAIRE_MIGRATION_2019'),
	(568, 19, 19, 856, 4, 92, -1, 3, 1, 0, 0, '', '2019-07-19 13:47:38', 'QUESTIONNAIRE_MIGRATION_2019', '2019-07-19 13:47:38', 'QUESTIONNAIRE_MIGRATION_2019'),
	(569, 19, 19, 857, 1, 92, -1, 3, 1, 0, 0, '', '2019-07-19 13:47:38', 'QUESTIONNAIRE_MIGRATION_2019', '2019-07-19 13:47:38', 'QUESTIONNAIRE_MIGRATION_2019'),
	(570, 19, 19, 859, 3, 92, -1, 3, 1, 0, 0, '', '2019-07-19 13:47:38', 'QUESTIONNAIRE_MIGRATION_2019', '2019-07-19 13:47:38', 'QUESTIONNAIRE_MIGRATION_2019'),
	(571, 18, 18, 842, 2, 93, -1, 3, 1, 0, 0, '', '2019-07-19 13:47:38', 'QUESTIONNAIRE_MIGRATION_2019', '2019-07-19 13:47:38', 'QUESTIONNAIRE_MIGRATION_2019'),
	(572, 18, 18, 843, 2, 93, -1, 3, 1, 0, 0, '', '2019-07-19 13:47:38', 'QUESTIONNAIRE_MIGRATION_2019', '2019-07-19 13:47:38', 'QUESTIONNAIRE_MIGRATION_2019'),
	(573, 18, 18, 844, 2, 93, -1, 3, 1, 0, 0, '', '2019-07-19 13:47:38', 'QUESTIONNAIRE_MIGRATION_2019', '2019-07-19 13:47:38', 'QUESTIONNAIRE_MIGRATION_2019'),
	(574, 18, 18, 845, 2, 93, -1, 3, 1, 0, 0, '', '2019-07-19 13:47:38', 'QUESTIONNAIRE_MIGRATION_2019', '2019-07-19 13:47:38', 'QUESTIONNAIRE_MIGRATION_2019'),
	(575, 18, 18, 846, 2, 93, -1, 3, 1, 0, 0, '', '2019-07-19 13:47:38', 'QUESTIONNAIRE_MIGRATION_2019', '2019-07-19 13:47:38', 'QUESTIONNAIRE_MIGRATION_2019'),
	(576, 18, 18, 847, 2, 93, -1, 3, 1, 0, 0, '', '2019-07-19 13:47:38', 'QUESTIONNAIRE_MIGRATION_2019', '2019-07-19 13:47:38', 'QUESTIONNAIRE_MIGRATION_2019'),
	(577, 18, 18, 848, 2, 93, -1, 3, 1, 0, 0, '', '2019-07-19 13:47:38', 'QUESTIONNAIRE_MIGRATION_2019', '2019-07-19 13:47:38', 'QUESTIONNAIRE_MIGRATION_2019'),
	(578, 18, 18, 849, 2, 93, -1, 3, 1, 0, 0, '', '2019-07-19 13:47:38', 'QUESTIONNAIRE_MIGRATION_2019', '2019-07-19 13:47:38', 'QUESTIONNAIRE_MIGRATION_2019'),
	(579, 18, 18, 850, 2, 93, -1, 3, 1, 0, 0, '', '2019-07-19 13:47:38', 'QUESTIONNAIRE_MIGRATION_2019', '2019-07-19 13:47:38', 'QUESTIONNAIRE_MIGRATION_2019'),
	(580, 18, 18, 851, 2, 93, -1, 3, 1, 0, 0, '', '2019-07-19 13:47:38', 'QUESTIONNAIRE_MIGRATION_2019', '2019-07-19 13:47:38', 'QUESTIONNAIRE_MIGRATION_2019'),
	(581, 18, 18, 852, 2, 93, -1, 3, 1, 0, 0, '', '2019-07-19 13:47:38', 'QUESTIONNAIRE_MIGRATION_2019', '2019-07-19 13:47:38', 'QUESTIONNAIRE_MIGRATION_2019'),
	(582, 19, 19, 853, 2, 94, -1, 3, 1, 0, 0, '', '2019-07-19 13:47:38', 'QUESTIONNAIRE_MIGRATION_2019', '2019-07-19 13:47:38', 'QUESTIONNAIRE_MIGRATION_2019'),
	(583, 19, 19, 854, 2, 94, -1, 3, 1, 0, 0, '', '2019-07-19 13:47:38', 'QUESTIONNAIRE_MIGRATION_2019', '2019-07-19 13:47:38', 'QUESTIONNAIRE_MIGRATION_2019'),
	(584, 19, 19, 855, 4, 94, -1, 3, 1, 0, 0, '', '2019-07-19 13:47:38', 'QUESTIONNAIRE_MIGRATION_2019', '2019-07-19 13:47:38', 'QUESTIONNAIRE_MIGRATION_2019'),
	(585, 19, 19, 856, 4, 94, -1, 3, 1, 0, 0, '', '2019-07-19 13:47:38', 'QUESTIONNAIRE_MIGRATION_2019', '2019-07-19 13:47:38', 'QUESTIONNAIRE_MIGRATION_2019'),
	(586, 19, 19, 857, 1, 94, -1, 3, 1, 0, 0, '', '2019-07-19 13:47:38', 'QUESTIONNAIRE_MIGRATION_2019', '2019-07-19 13:47:38', 'QUESTIONNAIRE_MIGRATION_2019'),
	(587, 19, 19, 858, 4, 94, -1, 3, 1, 0, 0, '', '2019-07-19 13:47:38', 'QUESTIONNAIRE_MIGRATION_2019', '2019-07-19 13:47:38', 'QUESTIONNAIRE_MIGRATION_2019'),
	(588, 19, 19, 859, 3, 94, -1, 3, 1, 0, 0, '', '2019-07-19 13:47:38', 'QUESTIONNAIRE_MIGRATION_2019', '2019-07-19 13:47:38', 'QUESTIONNAIRE_MIGRATION_2019'),
	(589, 19, 19, 853, 2, 95, -1, 3, 1, 0, 0, '', '2019-07-19 13:47:38', 'QUESTIONNAIRE_MIGRATION_2019', '2019-07-19 13:47:38', 'QUESTIONNAIRE_MIGRATION_2019'),
	(590, 19, 19, 854, 2, 95, -1, 3, 1, 0, 0, '', '2019-07-19 13:47:38', 'QUESTIONNAIRE_MIGRATION_2019', '2019-07-19 13:47:38', 'QUESTIONNAIRE_MIGRATION_2019'),
	(591, 19, 19, 855, 4, 95, -1, 3, 1, 0, 0, '', '2019-07-19 13:47:38', 'QUESTIONNAIRE_MIGRATION_2019', '2019-07-19 13:47:38', 'QUESTIONNAIRE_MIGRATION_2019'),
	(592, 19, 19, 856, 4, 95, -1, 3, 1, 0, 0, '', '2019-07-19 13:47:38', 'QUESTIONNAIRE_MIGRATION_2019', '2019-07-19 13:47:38', 'QUESTIONNAIRE_MIGRATION_2019'),
	(593, 19, 19, 857, 1, 95, -1, 3, 1, 0, 0, '', '2019-07-19 13:47:38', 'QUESTIONNAIRE_MIGRATION_2019', '2019-07-19 13:47:38', 'QUESTIONNAIRE_MIGRATION_2019'),
	(594, 19, 19, 858, 4, 95, -1, 3, 1, 0, 0, '', '2019-07-19 13:47:38', 'QUESTIONNAIRE_MIGRATION_2019', '2019-07-19 13:47:38', 'QUESTIONNAIRE_MIGRATION_2019'),
	(595, 19, 19, 859, 3, 95, -1, 3, 1, 0, 0, '', '2019-07-19 13:47:38', 'QUESTIONNAIRE_MIGRATION_2019', '2019-07-19 13:47:38', 'QUESTIONNAIRE_MIGRATION_2019'),
	(596, 19, 19, 853, 2, 96, -1, 3, 1, 0, 0, '', '2019-07-19 13:47:38', 'QUESTIONNAIRE_MIGRATION_2019', '2019-07-19 13:47:38', 'QUESTIONNAIRE_MIGRATION_2019'),
	(597, 19, 19, 854, 2, 96, -1, 3, 1, 0, 0, '', '2019-07-19 13:47:38', 'QUESTIONNAIRE_MIGRATION_2019', '2019-07-19 13:47:38', 'QUESTIONNAIRE_MIGRATION_2019'),
	(598, 19, 19, 855, 4, 96, -1, 3, 1, 0, 0, '', '2019-07-19 13:47:38', 'QUESTIONNAIRE_MIGRATION_2019', '2019-07-19 13:47:38', 'QUESTIONNAIRE_MIGRATION_2019'),
	(599, 19, 19, 856, 4, 96, -1, 3, 1, 0, 0, '', '2019-07-19 13:47:38', 'QUESTIONNAIRE_MIGRATION_2019', '2019-07-19 13:47:38', 'QUESTIONNAIRE_MIGRATION_2019'),
	(600, 19, 19, 857, 1, 96, -1, 3, 1, 0, 0, '', '2019-07-19 13:47:38', 'QUESTIONNAIRE_MIGRATION_2019', '2019-07-19 13:47:38', 'QUESTIONNAIRE_MIGRATION_2019'),
	(601, 19, 19, 858, 4, 96, -1, 3, 1, 0, 0, '', '2019-07-19 13:47:38', 'QUESTIONNAIRE_MIGRATION_2019', '2019-07-19 13:47:38', 'QUESTIONNAIRE_MIGRATION_2019'),
	(602, 19, 19, 859, 3, 96, -1, 3, 1, 0, 0, '', '2019-07-19 13:47:38', 'QUESTIONNAIRE_MIGRATION_2019', '2019-07-19 13:47:38', 'QUESTIONNAIRE_MIGRATION_2019'),
	(603, 19, 19, 853, 2, 97, -1, 3, 1, 0, 0, '', '2019-07-19 13:47:38', 'QUESTIONNAIRE_MIGRATION_2019', '2019-07-19 13:47:38', 'QUESTIONNAIRE_MIGRATION_2019'),
	(604, 19, 19, 854, 2, 97, -1, 3, 1, 0, 0, '', '2019-07-19 13:47:38', 'QUESTIONNAIRE_MIGRATION_2019', '2019-07-19 13:47:38', 'QUESTIONNAIRE_MIGRATION_2019'),
	(605, 19, 19, 855, 4, 97, -1, 3, 1, 0, 0, '', '2019-07-19 13:47:38', 'QUESTIONNAIRE_MIGRATION_2019', '2019-07-19 13:47:38', 'QUESTIONNAIRE_MIGRATION_2019'),
	(606, 19, 19, 856, 4, 97, -1, 3, 1, 0, 0, '', '2019-07-19 13:47:38', 'QUESTIONNAIRE_MIGRATION_2019', '2019-07-19 13:47:38', 'QUESTIONNAIRE_MIGRATION_2019'),
	(607, 19, 19, 857, 1, 97, -1, 3, 1, 0, 0, '', '2019-07-19 13:47:38', 'QUESTIONNAIRE_MIGRATION_2019', '2019-07-19 13:47:38', 'QUESTIONNAIRE_MIGRATION_2019'),
	(608, 19, 19, 858, 4, 97, -1, 3, 1, 0, 0, '', '2019-07-19 13:47:38', 'QUESTIONNAIRE_MIGRATION_2019', '2019-07-19 13:47:38', 'QUESTIONNAIRE_MIGRATION_2019'),
	(609, 19, 19, 859, 3, 97, -1, 3, 1, 0, 0, '', '2019-07-19 13:47:38', 'QUESTIONNAIRE_MIGRATION_2019', '2019-07-19 13:47:38', 'QUESTIONNAIRE_MIGRATION_2019'),
	(610, 19, 19, 853, 2, 98, -1, 3, 1, 0, 0, '', '2019-07-19 13:47:38', 'QUESTIONNAIRE_MIGRATION_2019', '2019-07-19 13:47:38', 'QUESTIONNAIRE_MIGRATION_2019'),
	(611, 19, 19, 854, 2, 98, -1, 3, 1, 0, 0, '', '2019-07-19 13:47:38', 'QUESTIONNAIRE_MIGRATION_2019', '2019-07-19 13:47:38', 'QUESTIONNAIRE_MIGRATION_2019'),
	(612, 19, 19, 855, 4, 98, -1, 3, 1, 0, 0, '', '2019-07-19 13:47:38', 'QUESTIONNAIRE_MIGRATION_2019', '2019-07-19 13:47:38', 'QUESTIONNAIRE_MIGRATION_2019'),
	(613, 19, 19, 856, 4, 98, -1, 3, 1, 0, 0, '', '2019-07-19 13:47:38', 'QUESTIONNAIRE_MIGRATION_2019', '2019-07-19 13:47:38', 'QUESTIONNAIRE_MIGRATION_2019'),
	(614, 19, 19, 857, 1, 98, -1, 3, 1, 0, 0, '', '2019-07-19 13:47:38', 'QUESTIONNAIRE_MIGRATION_2019', '2019-07-19 13:47:38', 'QUESTIONNAIRE_MIGRATION_2019'),
	(615, 19, 19, 858, 4, 98, -1, 3, 1, 0, 0, '', '2019-07-19 13:47:38', 'QUESTIONNAIRE_MIGRATION_2019', '2019-07-19 13:47:38', 'QUESTIONNAIRE_MIGRATION_2019'),
	(616, 19, 19, 859, 3, 98, -1, 3, 1, 0, 0, '', '2019-07-19 13:47:38', 'QUESTIONNAIRE_MIGRATION_2019', '2019-07-19 13:47:38', 'QUESTIONNAIRE_MIGRATION_2019'),
	(617, 19, 19, 853, 2, 99, -1, 3, 1, 0, 0, '', '2019-07-19 13:47:38', 'QUESTIONNAIRE_MIGRATION_2019', '2019-07-19 13:47:38', 'QUESTIONNAIRE_MIGRATION_2019'),
	(618, 19, 19, 854, 2, 99, -1, 3, 1, 0, 0, '', '2019-07-19 13:47:38', 'QUESTIONNAIRE_MIGRATION_2019', '2019-07-19 13:47:38', 'QUESTIONNAIRE_MIGRATION_2019'),
	(619, 19, 19, 855, 4, 99, -1, 3, 1, 0, 0, '', '2019-07-19 13:47:38', 'QUESTIONNAIRE_MIGRATION_2019', '2019-07-19 13:47:38', 'QUESTIONNAIRE_MIGRATION_2019'),
	(620, 19, 19, 856, 4, 99, -1, 3, 1, 0, 0, '', '2019-07-19 13:47:38', 'QUESTIONNAIRE_MIGRATION_2019', '2019-07-19 13:47:38', 'QUESTIONNAIRE_MIGRATION_2019'),
	(621, 19, 19, 857, 1, 99, -1, 3, 1, 0, 0, '', '2019-07-19 13:47:38', 'QUESTIONNAIRE_MIGRATION_2019', '2019-07-19 13:47:38', 'QUESTIONNAIRE_MIGRATION_2019'),
	(622, 19, 19, 858, 4, 99, -1, 3, 1, 0, 0, '', '2019-07-19 13:47:38', 'QUESTIONNAIRE_MIGRATION_2019', '2019-07-19 13:47:38', 'QUESTIONNAIRE_MIGRATION_2019'),
	(623, 19, 19, 853, 2, 100, -1, 3, 1, 0, 0, '', '2019-07-19 13:47:38', 'QUESTIONNAIRE_MIGRATION_2019', '2019-07-19 13:47:38', 'QUESTIONNAIRE_MIGRATION_2019'),
	(624, 19, 19, 854, 2, 100, -1, 3, 1, 0, 0, '', '2019-07-19 13:47:38', 'QUESTIONNAIRE_MIGRATION_2019', '2019-07-19 13:47:38', 'QUESTIONNAIRE_MIGRATION_2019'),
	(625, 19, 19, 855, 4, 100, -1, 3, 1, 0, 0, '', '2019-07-19 13:47:38', 'QUESTIONNAIRE_MIGRATION_2019', '2019-07-19 13:47:38', 'QUESTIONNAIRE_MIGRATION_2019'),
	(626, 19, 19, 856, 4, 100, -1, 3, 1, 0, 0, '', '2019-07-19 13:47:38', 'QUESTIONNAIRE_MIGRATION_2019', '2019-07-19 13:47:38', 'QUESTIONNAIRE_MIGRATION_2019'),
	(627, 19, 19, 857, 1, 100, -1, 3, 1, 0, 0, '', '2019-07-19 13:47:38', 'QUESTIONNAIRE_MIGRATION_2019', '2019-07-19 13:47:38', 'QUESTIONNAIRE_MIGRATION_2019'),
	(628, 19, 19, 858, 4, 100, -1, 3, 1, 0, 0, '', '2019-07-19 13:47:38', 'QUESTIONNAIRE_MIGRATION_2019', '2019-07-19 13:47:38', 'QUESTIONNAIRE_MIGRATION_2019'),
	(629, 19, 19, 853, 2, 101, -1, 3, 1, 0, 0, '', '2019-07-19 13:47:38', 'QUESTIONNAIRE_MIGRATION_2019', '2019-07-19 13:47:38', 'QUESTIONNAIRE_MIGRATION_2019'),
	(630, 19, 19, 854, 2, 101, -1, 3, 1, 0, 0, '', '2019-07-19 13:47:38', 'QUESTIONNAIRE_MIGRATION_2019', '2019-07-19 13:47:38', 'QUESTIONNAIRE_MIGRATION_2019'),
	(631, 19, 19, 855, 4, 101, -1, 3, 1, 0, 0, '', '2019-07-19 13:47:38', 'QUESTIONNAIRE_MIGRATION_2019', '2019-07-19 13:47:38', 'QUESTIONNAIRE_MIGRATION_2019'),
	(632, 19, 19, 856, 4, 101, -1, 3, 1, 0, 0, '', '2019-07-19 13:47:38', 'QUESTIONNAIRE_MIGRATION_2019', '2019-07-19 13:47:38', 'QUESTIONNAIRE_MIGRATION_2019'),
	(633, 19, 19, 857, 1, 101, -1, 3, 1, 0, 0, '', '2019-07-19 13:47:38', 'QUESTIONNAIRE_MIGRATION_2019', '2019-07-19 13:47:38', 'QUESTIONNAIRE_MIGRATION_2019'),
	(634, 19, 19, 858, 4, 101, -1, 3, 1, 0, 0, '', '2019-07-19 13:47:38', 'QUESTIONNAIRE_MIGRATION_2019', '2019-07-19 13:47:38', 'QUESTIONNAIRE_MIGRATION_2019'),
	(635, 18, 18, 842, 2, 102, -1, 3, 1, 0, 0, '', '2019-07-19 13:47:38', 'QUESTIONNAIRE_MIGRATION_2019', '2019-07-19 13:47:38', 'QUESTIONNAIRE_MIGRATION_2019'),
	(636, 18, 18, 843, 2, 102, -1, 3, 1, 0, 0, '', '2019-07-19 13:47:38', 'QUESTIONNAIRE_MIGRATION_2019', '2019-07-19 13:47:38', 'QUESTIONNAIRE_MIGRATION_2019'),
	(637, 18, 18, 844, 2, 102, -1, 3, 1, 0, 0, '', '2019-07-19 13:47:38', 'QUESTIONNAIRE_MIGRATION_2019', '2019-07-19 13:47:38', 'QUESTIONNAIRE_MIGRATION_2019'),
	(638, 18, 18, 845, 2, 102, -1, 3, 1, 0, 0, '', '2019-07-19 13:47:38', 'QUESTIONNAIRE_MIGRATION_2019', '2019-07-19 13:47:38', 'QUESTIONNAIRE_MIGRATION_2019'),
	(639, 18, 18, 846, 2, 102, -1, 3, 1, 0, 0, '', '2019-07-19 13:47:38', 'QUESTIONNAIRE_MIGRATION_2019', '2019-07-19 13:47:38', 'QUESTIONNAIRE_MIGRATION_2019'),
	(640, 18, 18, 847, 2, 102, -1, 3, 1, 0, 0, '', '2019-07-19 13:47:38', 'QUESTIONNAIRE_MIGRATION_2019', '2019-07-19 13:47:38', 'QUESTIONNAIRE_MIGRATION_2019'),
	(641, 18, 18, 848, 2, 102, -1, 3, 1, 0, 0, '', '2019-07-19 13:47:38', 'QUESTIONNAIRE_MIGRATION_2019', '2019-07-19 13:47:38', 'QUESTIONNAIRE_MIGRATION_2019'),
	(642, 18, 18, 849, 2, 102, -1, 3, 1, 0, 0, '', '2019-07-19 13:47:38', 'QUESTIONNAIRE_MIGRATION_2019', '2019-07-19 13:47:38', 'QUESTIONNAIRE_MIGRATION_2019'),
	(643, 18, 18, 850, 2, 102, -1, 3, 1, 0, 0, '', '2019-07-19 13:47:38', 'QUESTIONNAIRE_MIGRATION_2019', '2019-07-19 13:47:38', 'QUESTIONNAIRE_MIGRATION_2019'),
	(644, 18, 18, 851, 2, 102, -1, 3, 1, 0, 0, '', '2019-07-19 13:47:38', 'QUESTIONNAIRE_MIGRATION_2019', '2019-07-19 13:47:38', 'QUESTIONNAIRE_MIGRATION_2019'),
	(645, 18, 18, 852, 2, 102, -1, 3, 1, 0, 0, '', '2019-07-19 13:47:38', 'QUESTIONNAIRE_MIGRATION_2019', '2019-07-19 13:47:38', 'QUESTIONNAIRE_MIGRATION_2019'),
	(646, 19, 19, 853, 2, 103, -1, 3, 1, 0, 0, '', '2019-07-19 13:47:38', 'QUESTIONNAIRE_MIGRATION_2019', '2019-07-19 13:47:38', 'QUESTIONNAIRE_MIGRATION_2019'),
	(647, 19, 19, 854, 2, 103, -1, 3, 1, 0, 0, '', '2019-07-19 13:47:38', 'QUESTIONNAIRE_MIGRATION_2019', '2019-07-19 13:47:38', 'QUESTIONNAIRE_MIGRATION_2019'),
	(648, 19, 19, 855, 4, 103, -1, 3, 1, 0, 0, '', '2019-07-19 13:47:38', 'QUESTIONNAIRE_MIGRATION_2019', '2019-07-19 13:47:38', 'QUESTIONNAIRE_MIGRATION_2019'),
	(649, 19, 19, 856, 4, 103, -1, 3, 1, 0, 0, '', '2019-07-19 13:47:38', 'QUESTIONNAIRE_MIGRATION_2019', '2019-07-19 13:47:38', 'QUESTIONNAIRE_MIGRATION_2019'),
	(650, 19, 19, 857, 1, 103, -1, 3, 1, 0, 0, '', '2019-07-19 13:47:38', 'QUESTIONNAIRE_MIGRATION_2019', '2019-07-19 13:47:38', 'QUESTIONNAIRE_MIGRATION_2019'),
	(651, 19, 19, 858, 4, 103, -1, 3, 1, 0, 0, '', '2019-07-19 13:47:38', 'QUESTIONNAIRE_MIGRATION_2019', '2019-07-19 13:47:38', 'QUESTIONNAIRE_MIGRATION_2019'),
	(652, 19, 19, 859, 3, 103, -1, 3, 1, 0, 0, '', '2019-07-19 13:47:38', 'QUESTIONNAIRE_MIGRATION_2019', '2019-07-19 13:47:38', 'QUESTIONNAIRE_MIGRATION_2019'),
	(653, 20, 20, 860, 4, 104, -1, 3, 1, 0, 0, '', '2019-07-19 13:47:38', 'QUESTIONNAIRE_MIGRATION_2019', '2019-07-19 13:47:38', 'QUESTIONNAIRE_MIGRATION_2019'),
	(654, 20, 20, 861, 4, 104, -1, 3, 1, 0, 0, '', '2019-07-19 13:47:38', 'QUESTIONNAIRE_MIGRATION_2019', '2019-07-19 13:47:38', 'QUESTIONNAIRE_MIGRATION_2019'),
	(655, 20, 20, 862, 4, 104, -1, 3, 1, 0, 0, '', '2019-07-19 13:47:38', 'QUESTIONNAIRE_MIGRATION_2019', '2019-07-19 13:47:38', 'QUESTIONNAIRE_MIGRATION_2019'),
	(656, 19, 19, 853, 2, 105, -1, 3, 1, 0, 0, '', '2019-07-19 13:47:38', 'QUESTIONNAIRE_MIGRATION_2019', '2019-07-19 13:47:38', 'QUESTIONNAIRE_MIGRATION_2019'),
	(657, 19, 19, 854, 2, 105, -1, 3, 1, 0, 0, '', '2019-07-19 13:47:38', 'QUESTIONNAIRE_MIGRATION_2019', '2019-07-19 13:47:38', 'QUESTIONNAIRE_MIGRATION_2019'),
	(658, 19, 19, 855, 4, 105, -1, 3, 1, 0, 0, '', '2019-07-19 13:47:38', 'QUESTIONNAIRE_MIGRATION_2019', '2019-07-19 13:47:38', 'QUESTIONNAIRE_MIGRATION_2019'),
	(659, 19, 19, 856, 4, 105, -1, 3, 1, 0, 0, '', '2019-07-19 13:47:38', 'QUESTIONNAIRE_MIGRATION_2019', '2019-07-19 13:47:38', 'QUESTIONNAIRE_MIGRATION_2019'),
	(660, 19, 19, 857, 1, 105, -1, 3, 1, 0, 0, '', '2019-07-19 13:47:38', 'QUESTIONNAIRE_MIGRATION_2019', '2019-07-19 13:47:38', 'QUESTIONNAIRE_MIGRATION_2019'),
	(661, 19, 19, 858, 4, 105, -1, 3, 1, 0, 0, '', '2019-07-19 13:47:38', 'QUESTIONNAIRE_MIGRATION_2019', '2019-07-19 13:47:38', 'QUESTIONNAIRE_MIGRATION_2019'),
	(662, 12, 12, 793, 2, 106, -1, 3, 1, 0, 0, '', '2019-07-19 13:47:38', 'QUESTIONNAIRE_MIGRATION_2019', '2019-07-19 13:47:38', 'QUESTIONNAIRE_MIGRATION_2019'),
	(663, 12, 12, 794, 2, 106, -1, 3, 1, 0, 0, '', '2019-07-19 13:47:38', 'QUESTIONNAIRE_MIGRATION_2019', '2019-07-19 13:47:38', 'QUESTIONNAIRE_MIGRATION_2019'),
	(664, 12, 12, 795, 2, 106, -1, 3, 1, 0, 0, '', '2019-07-19 13:47:38', 'QUESTIONNAIRE_MIGRATION_2019', '2019-07-19 13:47:38', 'QUESTIONNAIRE_MIGRATION_2019'),
	(665, 12, 12, 791, 2, 106, -1, 3, 1, 0, 0, '', '2019-07-19 13:47:38', 'QUESTIONNAIRE_MIGRATION_2019', '2019-07-19 13:47:38', 'QUESTIONNAIRE_MIGRATION_2019'),
	(666, 12, 12, 796, 2, 106, -1, 3, 1, 0, 0, '', '2019-07-19 13:47:38', 'QUESTIONNAIRE_MIGRATION_2019', '2019-07-19 13:47:38', 'QUESTIONNAIRE_MIGRATION_2019'),
	(667, 12, 12, 792, 2, 106, -1, 3, 1, 0, 0, '', '2019-07-19 13:47:38', 'QUESTIONNAIRE_MIGRATION_2019', '2019-07-19 13:47:38', 'QUESTIONNAIRE_MIGRATION_2019'),
	(668, 12, 12, 799, 2, 106, -1, 3, 1, 0, 0, '', '2019-07-19 13:47:38', 'QUESTIONNAIRE_MIGRATION_2019', '2019-07-19 13:47:38', 'QUESTIONNAIRE_MIGRATION_2019'),
	(669, 12, 12, 797, 2, 106, -1, 3, 1, 0, 0, '', '2019-07-19 13:47:38', 'QUESTIONNAIRE_MIGRATION_2019', '2019-07-19 13:47:38', 'QUESTIONNAIRE_MIGRATION_2019'),
	(670, 12, 12, 798, 2, 106, -1, 3, 1, 0, 0, '', '2019-07-19 13:47:38', 'QUESTIONNAIRE_MIGRATION_2019', '2019-07-19 13:47:38', 'QUESTIONNAIRE_MIGRATION_2019'),
	(671, 21, 21, 863, 4, 107, -1, 3, 1, 0, 0, '', '2019-07-19 13:47:38', 'QUESTIONNAIRE_MIGRATION_2019', '2019-07-19 13:47:38', 'QUESTIONNAIRE_MIGRATION_2019'),
	(672, 21, 21, 864, 4, 107, -1, 3, 1, 0, 0, '', '2019-07-19 13:47:38', 'QUESTIONNAIRE_MIGRATION_2019', '2019-07-19 13:47:38', 'QUESTIONNAIRE_MIGRATION_2019'),
	(673, 21, 21, 865, 4, 107, -1, 3, 1, 0, 0, '', '2019-07-19 13:47:38', 'QUESTIONNAIRE_MIGRATION_2019', '2019-07-19 13:47:38', 'QUESTIONNAIRE_MIGRATION_2019'),
	(674, 21, 21, 866, 4, 107, -1, 3, 1, 0, 0, '', '2019-07-19 13:47:38', 'QUESTIONNAIRE_MIGRATION_2019', '2019-07-19 13:47:38', 'QUESTIONNAIRE_MIGRATION_2019'),
	(675, 21, 21, 867, 4, 107, -1, 3, 1, 0, 0, '', '2019-07-19 13:47:38', 'QUESTIONNAIRE_MIGRATION_2019', '2019-07-19 13:47:38', 'QUESTIONNAIRE_MIGRATION_2019'),
	(676, 19, 19, 853, 2, 108, -1, 3, 1, 0, 0, '', '2019-07-19 13:47:38', 'QUESTIONNAIRE_MIGRATION_2019', '2019-07-19 13:47:38', 'QUESTIONNAIRE_MIGRATION_2019'),
	(677, 19, 19, 854, 2, 108, -1, 3, 1, 0, 0, '', '2019-07-19 13:47:38', 'QUESTIONNAIRE_MIGRATION_2019', '2019-07-19 13:47:38', 'QUESTIONNAIRE_MIGRATION_2019'),
	(678, 19, 19, 855, 4, 108, -1, 3, 1, 0, 0, '', '2019-07-19 13:47:38', 'QUESTIONNAIRE_MIGRATION_2019', '2019-07-19 13:47:38', 'QUESTIONNAIRE_MIGRATION_2019'),
	(679, 19, 19, 856, 4, 108, -1, 3, 1, 0, 0, '', '2019-07-19 13:47:38', 'QUESTIONNAIRE_MIGRATION_2019', '2019-07-19 13:47:38', 'QUESTIONNAIRE_MIGRATION_2019'),
	(680, 19, 19, 857, 1, 108, -1, 3, 1, 0, 0, '', '2019-07-19 13:47:38', 'QUESTIONNAIRE_MIGRATION_2019', '2019-07-19 13:47:38', 'QUESTIONNAIRE_MIGRATION_2019'),
	(681, 19, 19, 858, 4, 108, -1, 3, 1, 0, 0, '', '2019-07-19 13:47:38', 'QUESTIONNAIRE_MIGRATION_2019', '2019-07-19 13:47:38', 'QUESTIONNAIRE_MIGRATION_2019'),
	(682, 18, 18, 842, 2, 109, -1, 3, 1, 0, 0, '', '2019-07-19 13:47:38', 'QUESTIONNAIRE_MIGRATION_2019', '2019-07-19 13:47:38', 'QUESTIONNAIRE_MIGRATION_2019'),
	(683, 18, 18, 843, 2, 109, -1, 3, 1, 0, 0, '', '2019-07-19 13:47:38', 'QUESTIONNAIRE_MIGRATION_2019', '2019-07-19 13:47:38', 'QUESTIONNAIRE_MIGRATION_2019'),
	(684, 18, 18, 844, 2, 109, -1, 3, 1, 0, 0, '', '2019-07-19 13:47:38', 'QUESTIONNAIRE_MIGRATION_2019', '2019-07-19 13:47:38', 'QUESTIONNAIRE_MIGRATION_2019'),
	(685, 18, 18, 845, 2, 109, -1, 3, 1, 0, 0, '', '2019-07-19 13:47:38', 'QUESTIONNAIRE_MIGRATION_2019', '2019-07-19 13:47:38', 'QUESTIONNAIRE_MIGRATION_2019'),
	(686, 18, 18, 846, 2, 109, -1, 3, 1, 0, 0, '', '2019-07-19 13:47:38', 'QUESTIONNAIRE_MIGRATION_2019', '2019-07-19 13:47:38', 'QUESTIONNAIRE_MIGRATION_2019'),
	(687, 18, 18, 847, 2, 109, -1, 3, 1, 0, 0, '', '2019-07-19 13:47:38', 'QUESTIONNAIRE_MIGRATION_2019', '2019-07-19 13:47:38', 'QUESTIONNAIRE_MIGRATION_2019'),
	(688, 18, 18, 848, 2, 109, -1, 3, 1, 0, 0, '', '2019-07-19 13:47:38', 'QUESTIONNAIRE_MIGRATION_2019', '2019-07-19 13:47:38', 'QUESTIONNAIRE_MIGRATION_2019'),
	(689, 18, 18, 849, 2, 109, -1, 3, 1, 0, 0, '', '2019-07-19 13:47:38', 'QUESTIONNAIRE_MIGRATION_2019', '2019-07-19 13:47:38', 'QUESTIONNAIRE_MIGRATION_2019'),
	(690, 18, 18, 850, 2, 109, -1, 3, 1, 0, 0, '', '2019-07-19 13:47:38', 'QUESTIONNAIRE_MIGRATION_2019', '2019-07-19 13:47:38', 'QUESTIONNAIRE_MIGRATION_2019'),
	(691, 18, 18, 851, 2, 109, -1, 3, 1, 0, 0, '', '2019-07-19 13:47:38', 'QUESTIONNAIRE_MIGRATION_2019', '2019-07-19 13:47:38', 'QUESTIONNAIRE_MIGRATION_2019'),
	(692, 18, 18, 852, 2, 109, -1, 3, 1, 0, 0, '', '2019-07-19 13:47:38', 'QUESTIONNAIRE_MIGRATION_2019', '2019-07-19 13:47:38', 'QUESTIONNAIRE_MIGRATION_2019'),
	(693, 19, 19, 853, 2, 110, -1, 3, 1, 0, 0, '', '2019-07-19 13:47:38', 'QUESTIONNAIRE_MIGRATION_2019', '2019-07-19 13:47:38', 'QUESTIONNAIRE_MIGRATION_2019'),
	(694, 19, 19, 854, 2, 110, -1, 3, 1, 0, 0, '', '2019-07-19 13:47:38', 'QUESTIONNAIRE_MIGRATION_2019', '2019-07-19 13:47:38', 'QUESTIONNAIRE_MIGRATION_2019'),
	(695, 19, 19, 855, 4, 110, -1, 3, 1, 0, 0, '', '2019-07-19 13:47:38', 'QUESTIONNAIRE_MIGRATION_2019', '2019-07-19 13:47:38', 'QUESTIONNAIRE_MIGRATION_2019'),
	(696, 19, 19, 856, 4, 110, -1, 3, 1, 0, 0, '', '2019-07-19 13:47:38', 'QUESTIONNAIRE_MIGRATION_2019', '2019-07-19 13:47:38', 'QUESTIONNAIRE_MIGRATION_2019'),
	(697, 19, 19, 857, 1, 110, -1, 3, 1, 0, 0, '', '2019-07-19 13:47:38', 'QUESTIONNAIRE_MIGRATION_2019', '2019-07-19 13:47:38', 'QUESTIONNAIRE_MIGRATION_2019'),
	(698, 19, 19, 858, 4, 110, -1, 3, 1, 0, 0, '', '2019-07-19 13:47:38', 'QUESTIONNAIRE_MIGRATION_2019', '2019-07-19 13:47:38', 'QUESTIONNAIRE_MIGRATION_2019'),
	(699, 19, 19, 853, 2, 111, -1, 3, 1, 0, 0, '', '2019-07-19 13:47:38', 'QUESTIONNAIRE_MIGRATION_2019', '2019-07-19 13:47:38', 'QUESTIONNAIRE_MIGRATION_2019'),
	(700, 19, 19, 854, 2, 111, -1, 3, 1, 0, 0, '', '2019-07-19 13:47:38', 'QUESTIONNAIRE_MIGRATION_2019', '2019-07-19 13:47:38', 'QUESTIONNAIRE_MIGRATION_2019'),
	(701, 19, 19, 855, 4, 111, -1, 3, 1, 0, 0, '', '2019-07-19 13:47:38', 'QUESTIONNAIRE_MIGRATION_2019', '2019-07-19 13:47:38', 'QUESTIONNAIRE_MIGRATION_2019'),
	(702, 19, 19, 856, 4, 111, -1, 3, 1, 0, 0, '', '2019-07-19 13:47:38', 'QUESTIONNAIRE_MIGRATION_2019', '2019-07-19 13:47:38', 'QUESTIONNAIRE_MIGRATION_2019'),
	(703, 19, 19, 857, 1, 111, -1, 3, 1, 0, 0, '', '2019-07-19 13:47:38', 'QUESTIONNAIRE_MIGRATION_2019', '2019-07-19 13:47:38', 'QUESTIONNAIRE_MIGRATION_2019'),
	(704, 19, 19, 858, 4, 111, -1, 3, 1, 0, 0, '', '2019-07-19 13:47:38', 'QUESTIONNAIRE_MIGRATION_2019', '2019-07-19 13:47:38', 'QUESTIONNAIRE_MIGRATION_2019'),
	(705, 19, 19, 853, 2, 112, -1, 3, 1, 0, 0, '', '2019-07-19 13:47:38', 'QUESTIONNAIRE_MIGRATION_2019', '2019-07-19 13:47:38', 'QUESTIONNAIRE_MIGRATION_2019'),
	(706, 19, 19, 854, 2, 112, -1, 3, 1, 0, 0, '', '2019-07-19 13:47:38', 'QUESTIONNAIRE_MIGRATION_2019', '2019-07-19 13:47:38', 'QUESTIONNAIRE_MIGRATION_2019'),
	(707, 19, 19, 855, 4, 112, -1, 3, 1, 0, 0, '', '2019-07-19 13:47:39', 'QUESTIONNAIRE_MIGRATION_2019', '2019-07-19 13:47:39', 'QUESTIONNAIRE_MIGRATION_2019'),
	(708, 19, 19, 856, 4, 112, -1, 3, 1, 0, 0, '', '2019-07-19 13:47:39', 'QUESTIONNAIRE_MIGRATION_2019', '2019-07-19 13:47:39', 'QUESTIONNAIRE_MIGRATION_2019'),
	(709, 19, 19, 857, 1, 112, -1, 3, 1, 0, 0, '', '2019-07-19 13:47:39', 'QUESTIONNAIRE_MIGRATION_2019', '2019-07-19 13:47:39', 'QUESTIONNAIRE_MIGRATION_2019'),
	(710, 19, 19, 858, 4, 112, -1, 3, 1, 0, 0, '', '2019-07-19 13:47:39', 'QUESTIONNAIRE_MIGRATION_2019', '2019-07-19 13:47:39', 'QUESTIONNAIRE_MIGRATION_2019'),
	(711, 19, 19, 853, 2, 113, -1, 3, 1, 0, 0, '', '2019-07-19 13:47:39', 'QUESTIONNAIRE_MIGRATION_2019', '2019-07-19 13:47:39', 'QUESTIONNAIRE_MIGRATION_2019'),
	(712, 19, 19, 854, 2, 113, -1, 3, 1, 0, 0, '', '2019-07-19 13:47:39', 'QUESTIONNAIRE_MIGRATION_2019', '2019-07-19 13:47:39', 'QUESTIONNAIRE_MIGRATION_2019'),
	(713, 19, 19, 855, 4, 113, -1, 3, 1, 0, 0, '', '2019-07-19 13:47:39', 'QUESTIONNAIRE_MIGRATION_2019', '2019-07-19 13:47:39', 'QUESTIONNAIRE_MIGRATION_2019'),
	(714, 19, 19, 856, 4, 113, -1, 3, 1, 0, 0, '', '2019-07-19 13:47:39', 'QUESTIONNAIRE_MIGRATION_2019', '2019-07-19 13:47:39', 'QUESTIONNAIRE_MIGRATION_2019'),
	(715, 19, 19, 857, 1, 113, -1, 3, 1, 0, 0, '', '2019-07-19 13:47:39', 'QUESTIONNAIRE_MIGRATION_2019', '2019-07-19 13:47:39', 'QUESTIONNAIRE_MIGRATION_2019'),
	(716, 19, 19, 858, 4, 113, -1, 3, 1, 0, 0, '', '2019-07-19 13:47:39', 'QUESTIONNAIRE_MIGRATION_2019', '2019-07-19 13:47:39', 'QUESTIONNAIRE_MIGRATION_2019'),
	(717, 19, 19, 859, 3, 113, -1, 3, 1, 0, 0, '', '2019-07-19 13:47:39', 'QUESTIONNAIRE_MIGRATION_2019', '2019-07-19 13:47:39', 'QUESTIONNAIRE_MIGRATION_2019'),
	(718, 19, 19, 853, 2, 114, -1, 3, 1, 0, 0, '', '2019-07-19 13:47:39', 'QUESTIONNAIRE_MIGRATION_2019', '2019-07-19 13:47:39', 'QUESTIONNAIRE_MIGRATION_2019'),
	(719, 19, 19, 854, 2, 114, -1, 3, 1, 0, 0, '', '2019-07-19 13:47:39', 'QUESTIONNAIRE_MIGRATION_2019', '2019-07-19 13:47:39', 'QUESTIONNAIRE_MIGRATION_2019'),
	(720, 19, 19, 855, 4, 114, -1, 3, 1, 0, 0, '', '2019-07-19 13:47:39', 'QUESTIONNAIRE_MIGRATION_2019', '2019-07-19 13:47:39', 'QUESTIONNAIRE_MIGRATION_2019'),
	(721, 19, 19, 856, 4, 114, -1, 3, 1, 0, 0, '', '2019-07-19 13:47:39', 'QUESTIONNAIRE_MIGRATION_2019', '2019-07-19 13:47:39', 'QUESTIONNAIRE_MIGRATION_2019'),
	(722, 19, 19, 857, 1, 114, -1, 3, 1, 0, 0, '', '2019-07-19 13:47:39', 'QUESTIONNAIRE_MIGRATION_2019', '2019-07-19 13:47:39', 'QUESTIONNAIRE_MIGRATION_2019'),
	(723, 19, 19, 858, 4, 114, -1, 3, 1, 0, 0, '', '2019-07-19 13:47:39', 'QUESTIONNAIRE_MIGRATION_2019', '2019-07-19 13:47:39', 'QUESTIONNAIRE_MIGRATION_2019'),
	(724, 19, 19, 859, 3, 114, -1, 3, 1, 0, 0, '', '2019-07-19 13:47:39', 'QUESTIONNAIRE_MIGRATION_2019', '2019-07-19 13:47:39', 'QUESTIONNAIRE_MIGRATION_2019'),
	(725, 19, 19, 853, 2, 115, -1, 3, 1, 0, 0, '', '2019-07-19 13:47:39', 'QUESTIONNAIRE_MIGRATION_2019', '2019-07-19 13:47:39', 'QUESTIONNAIRE_MIGRATION_2019'),
	(726, 19, 19, 854, 2, 115, -1, 3, 1, 0, 0, '', '2019-07-19 13:47:39', 'QUESTIONNAIRE_MIGRATION_2019', '2019-07-19 13:47:39', 'QUESTIONNAIRE_MIGRATION_2019'),
	(727, 19, 19, 855, 4, 115, -1, 3, 1, 0, 0, '', '2019-07-19 13:47:39', 'QUESTIONNAIRE_MIGRATION_2019', '2019-07-19 13:47:39', 'QUESTIONNAIRE_MIGRATION_2019'),
	(728, 19, 19, 856, 4, 115, -1, 3, 1, 0, 0, '', '2019-07-19 13:47:39', 'QUESTIONNAIRE_MIGRATION_2019', '2019-07-19 13:47:39', 'QUESTIONNAIRE_MIGRATION_2019'),
	(729, 19, 19, 857, 1, 115, -1, 3, 1, 0, 0, '', '2019-07-19 13:47:39', 'QUESTIONNAIRE_MIGRATION_2019', '2019-07-19 13:47:39', 'QUESTIONNAIRE_MIGRATION_2019'),
	(730, 19, 19, 858, 4, 115, -1, 3, 1, 0, 0, '', '2019-07-19 13:47:39', 'QUESTIONNAIRE_MIGRATION_2019', '2019-07-19 13:47:39', 'QUESTIONNAIRE_MIGRATION_2019'),
	(731, 19, 19, 859, 3, 115, -1, 3, 1, 0, 0, '', '2019-07-19 13:47:39', 'QUESTIONNAIRE_MIGRATION_2019', '2019-07-19 13:47:39', 'QUESTIONNAIRE_MIGRATION_2019'),
	(732, 18, 18, 842, 2, 116, -1, 3, 1, 0, 0, '', '2019-07-19 13:47:39', 'QUESTIONNAIRE_MIGRATION_2019', '2019-07-19 13:47:39', 'QUESTIONNAIRE_MIGRATION_2019'),
	(733, 18, 18, 843, 2, 116, -1, 3, 1, 0, 0, '', '2019-07-19 13:47:39', 'QUESTIONNAIRE_MIGRATION_2019', '2019-07-19 13:47:39', 'QUESTIONNAIRE_MIGRATION_2019'),
	(734, 18, 18, 844, 2, 116, -1, 3, 1, 0, 0, '', '2019-07-19 13:47:39', 'QUESTIONNAIRE_MIGRATION_2019', '2019-07-19 13:47:39', 'QUESTIONNAIRE_MIGRATION_2019'),
	(735, 18, 18, 845, 2, 116, -1, 3, 1, 0, 0, '', '2019-07-19 13:47:39', 'QUESTIONNAIRE_MIGRATION_2019', '2019-07-19 13:47:39', 'QUESTIONNAIRE_MIGRATION_2019'),
	(736, 18, 18, 846, 2, 116, -1, 3, 1, 0, 0, '', '2019-07-19 13:47:39', 'QUESTIONNAIRE_MIGRATION_2019', '2019-07-19 13:47:39', 'QUESTIONNAIRE_MIGRATION_2019'),
	(737, 18, 18, 847, 2, 116, -1, 3, 1, 0, 0, '', '2019-07-19 13:47:39', 'QUESTIONNAIRE_MIGRATION_2019', '2019-07-19 13:47:39', 'QUESTIONNAIRE_MIGRATION_2019'),
	(738, 18, 18, 848, 2, 116, -1, 3, 1, 0, 0, '', '2019-07-19 13:47:39', 'QUESTIONNAIRE_MIGRATION_2019', '2019-07-19 13:47:39', 'QUESTIONNAIRE_MIGRATION_2019'),
	(739, 18, 18, 849, 2, 116, -1, 3, 1, 0, 0, '', '2019-07-19 13:47:39', 'QUESTIONNAIRE_MIGRATION_2019', '2019-07-19 13:47:39', 'QUESTIONNAIRE_MIGRATION_2019'),
	(740, 18, 18, 850, 2, 116, -1, 3, 1, 0, 0, '', '2019-07-19 13:47:39', 'QUESTIONNAIRE_MIGRATION_2019', '2019-07-19 13:47:39', 'QUESTIONNAIRE_MIGRATION_2019'),
	(741, 18, 18, 851, 2, 116, -1, 3, 1, 0, 0, '', '2019-07-19 13:47:39', 'QUESTIONNAIRE_MIGRATION_2019', '2019-07-19 13:47:39', 'QUESTIONNAIRE_MIGRATION_2019'),
	(742, 18, 18, 852, 2, 116, -1, 3, 1, 0, 0, '', '2019-07-19 13:47:39', 'QUESTIONNAIRE_MIGRATION_2019', '2019-07-19 13:47:39', 'QUESTIONNAIRE_MIGRATION_2019'),
	(743, 11, 11, 823, 2, 117, -1, 3, 1, 0, 0, '', '2019-07-19 13:47:39', 'QUESTIONNAIRE_MIGRATION_2019', '2019-07-19 13:47:39', 'QUESTIONNAIRE_MIGRATION_2019'),
	(744, 11, 11, 824, 2, 117, -1, 3, 1, 0, 0, '', '2019-07-19 13:47:39', 'QUESTIONNAIRE_MIGRATION_2019', '2019-07-19 13:47:39', 'QUESTIONNAIRE_MIGRATION_2019'),
	(745, 11, 11, 811, 1, 117, -1, 3, 1, 0, 0, '', '2019-07-19 13:47:39', 'QUESTIONNAIRE_MIGRATION_2019', '2019-07-19 13:47:39', 'QUESTIONNAIRE_MIGRATION_2019'),
	(746, 20, 20, 860, 4, 118, -1, 3, 1, 0, 0, '', '2019-07-19 13:47:39', 'QUESTIONNAIRE_MIGRATION_2019', '2019-07-19 13:47:39', 'QUESTIONNAIRE_MIGRATION_2019'),
	(747, 20, 20, 861, 4, 118, -1, 3, 1, 0, 0, '', '2019-07-19 13:47:39', 'QUESTIONNAIRE_MIGRATION_2019', '2019-07-19 13:47:39', 'QUESTIONNAIRE_MIGRATION_2019'),
	(748, 20, 20, 862, 4, 118, -1, 3, 1, 0, 0, '', '2019-07-19 13:47:39', 'QUESTIONNAIRE_MIGRATION_2019', '2019-07-19 13:47:39', 'QUESTIONNAIRE_MIGRATION_2019'),
	(749, 19, 19, 853, 2, 119, -1, 3, 1, 0, 0, '', '2019-07-19 13:47:39', 'QUESTIONNAIRE_MIGRATION_2019', '2019-07-19 13:47:39', 'QUESTIONNAIRE_MIGRATION_2019'),
	(750, 19, 19, 854, 2, 119, -1, 3, 1, 0, 0, '', '2019-07-19 13:47:39', 'QUESTIONNAIRE_MIGRATION_2019', '2019-07-19 13:47:39', 'QUESTIONNAIRE_MIGRATION_2019'),
	(751, 19, 19, 855, 4, 119, -1, 3, 1, 0, 0, '', '2019-07-19 13:47:39', 'QUESTIONNAIRE_MIGRATION_2019', '2019-07-19 13:47:39', 'QUESTIONNAIRE_MIGRATION_2019'),
	(752, 19, 19, 856, 4, 119, -1, 3, 1, 0, 0, '', '2019-07-19 13:47:39', 'QUESTIONNAIRE_MIGRATION_2019', '2019-07-19 13:47:39', 'QUESTIONNAIRE_MIGRATION_2019'),
	(753, 19, 19, 857, 1, 119, -1, 3, 1, 0, 0, '', '2019-07-19 13:47:39', 'QUESTIONNAIRE_MIGRATION_2019', '2019-07-19 13:47:39', 'QUESTIONNAIRE_MIGRATION_2019'),
	(754, 19, 19, 858, 4, 119, -1, 3, 1, 0, 0, '', '2019-07-19 13:47:39', 'QUESTIONNAIRE_MIGRATION_2019', '2019-07-19 13:47:39', 'QUESTIONNAIRE_MIGRATION_2019'),
	(755, 11, 11, 823, 2, 120, -1, 3, 1, 0, 0, '', '2019-07-19 13:47:39', 'QUESTIONNAIRE_MIGRATION_2019', '2019-07-19 13:47:39', 'QUESTIONNAIRE_MIGRATION_2019'),
	(756, 11, 11, 824, 2, 120, -1, 3, 1, 0, 0, '', '2019-07-19 13:47:39', 'QUESTIONNAIRE_MIGRATION_2019', '2019-07-19 13:47:39', 'QUESTIONNAIRE_MIGRATION_2019'),
	(757, 11, 11, 811, 1, 120, -1, 3, 1, 0, 0, '', '2019-07-19 13:47:39', 'QUESTIONNAIRE_MIGRATION_2019', '2019-07-19 13:47:39', 'QUESTIONNAIRE_MIGRATION_2019'),
	(758, 20, 20, 860, 4, 121, -1, 3, 1, 0, 0, '', '2019-07-19 13:47:39', 'QUESTIONNAIRE_MIGRATION_2019', '2019-07-19 13:47:39', 'QUESTIONNAIRE_MIGRATION_2019'),
	(759, 20, 20, 861, 4, 121, -1, 3, 1, 0, 0, '', '2019-07-19 13:47:39', 'QUESTIONNAIRE_MIGRATION_2019', '2019-07-19 13:47:39', 'QUESTIONNAIRE_MIGRATION_2019'),
	(760, 20, 20, 862, 4, 121, -1, 3, 1, 0, 0, '', '2019-07-19 13:47:39', 'QUESTIONNAIRE_MIGRATION_2019', '2019-07-19 13:47:39', 'QUESTIONNAIRE_MIGRATION_2019'),
	(761, 21, 21, 863, 4, 122, -1, 3, 1, 0, 0, '', '2019-07-19 13:47:39', 'QUESTIONNAIRE_MIGRATION_2019', '2019-07-19 13:47:39', 'QUESTIONNAIRE_MIGRATION_2019'),
	(762, 21, 21, 864, 4, 122, -1, 3, 1, 0, 0, '', '2019-07-19 13:47:39', 'QUESTIONNAIRE_MIGRATION_2019', '2019-07-19 13:47:39', 'QUESTIONNAIRE_MIGRATION_2019'),
	(763, 21, 21, 865, 4, 122, -1, 3, 1, 0, 0, '', '2019-07-19 13:47:39', 'QUESTIONNAIRE_MIGRATION_2019', '2019-07-19 13:47:39', 'QUESTIONNAIRE_MIGRATION_2019'),
	(764, 21, 21, 866, 4, 122, -1, 3, 1, 0, 0, '', '2019-07-19 13:47:39', 'QUESTIONNAIRE_MIGRATION_2019', '2019-07-19 13:47:39', 'QUESTIONNAIRE_MIGRATION_2019'),
	(765, 21, 21, 867, 4, 122, -1, 3, 1, 0, 0, '', '2019-07-19 13:47:39', 'QUESTIONNAIRE_MIGRATION_2019', '2019-07-19 13:47:39', 'QUESTIONNAIRE_MIGRATION_2019'),
	(766, 19, 19, 853, 2, 123, -1, 3, 1, 0, 0, '', '2019-07-19 13:47:39', 'QUESTIONNAIRE_MIGRATION_2019', '2019-07-19 13:47:39', 'QUESTIONNAIRE_MIGRATION_2019'),
	(767, 19, 19, 854, 2, 123, -1, 3, 1, 0, 0, '', '2019-07-19 13:47:39', 'QUESTIONNAIRE_MIGRATION_2019', '2019-07-19 13:47:39', 'QUESTIONNAIRE_MIGRATION_2019'),
	(768, 19, 19, 855, 4, 123, -1, 3, 1, 0, 0, '', '2019-07-19 13:47:39', 'QUESTIONNAIRE_MIGRATION_2019', '2019-07-19 13:47:39', 'QUESTIONNAIRE_MIGRATION_2019'),
	(769, 19, 19, 856, 4, 123, -1, 3, 1, 0, 0, '', '2019-07-19 13:47:39', 'QUESTIONNAIRE_MIGRATION_2019', '2019-07-19 13:47:39', 'QUESTIONNAIRE_MIGRATION_2019'),
	(770, 19, 19, 857, 1, 123, -1, 3, 1, 0, 0, '', '2019-07-19 13:47:39', 'QUESTIONNAIRE_MIGRATION_2019', '2019-07-19 13:47:39', 'QUESTIONNAIRE_MIGRATION_2019'),
	(771, 19, 19, 858, 4, 123, -1, 3, 1, 0, 0, '', '2019-07-19 13:47:39', 'QUESTIONNAIRE_MIGRATION_2019', '2019-07-19 13:47:39', 'QUESTIONNAIRE_MIGRATION_2019'),
	(772, 21, 21, 863, 4, 124, -1, 3, 1, 0, 0, '', '2019-07-19 13:47:39', 'QUESTIONNAIRE_MIGRATION_2019', '2019-07-19 13:47:39', 'QUESTIONNAIRE_MIGRATION_2019'),
	(773, 21, 21, 864, 4, 124, -1, 3, 1, 0, 0, '', '2019-07-19 13:47:39', 'QUESTIONNAIRE_MIGRATION_2019', '2019-07-19 13:47:39', 'QUESTIONNAIRE_MIGRATION_2019'),
	(774, 21, 21, 865, 4, 124, -1, 3, 1, 0, 0, '', '2019-07-19 13:47:39', 'QUESTIONNAIRE_MIGRATION_2019', '2019-07-19 13:47:39', 'QUESTIONNAIRE_MIGRATION_2019'),
	(775, 21, 21, 866, 4, 124, -1, 3, 1, 0, 0, '', '2019-07-19 13:47:39', 'QUESTIONNAIRE_MIGRATION_2019', '2019-07-19 13:47:39', 'QUESTIONNAIRE_MIGRATION_2019'),
	(776, 21, 21, 867, 4, 124, -1, 3, 1, 0, 0, '', '2019-07-19 13:47:39', 'QUESTIONNAIRE_MIGRATION_2019', '2019-07-19 13:47:39', 'QUESTIONNAIRE_MIGRATION_2019'),
	(777, 12, 12, 793, 2, 125, -1, 3, 1, 0, 0, '', '2019-07-19 13:47:39', 'QUESTIONNAIRE_MIGRATION_2019', '2019-07-19 13:47:39', 'QUESTIONNAIRE_MIGRATION_2019'),
	(778, 12, 12, 794, 2, 125, -1, 3, 1, 0, 0, '', '2019-07-19 13:47:39', 'QUESTIONNAIRE_MIGRATION_2019', '2019-07-19 13:47:39', 'QUESTIONNAIRE_MIGRATION_2019'),
	(779, 12, 12, 795, 2, 125, -1, 3, 1, 0, 0, '', '2019-07-19 13:47:39', 'QUESTIONNAIRE_MIGRATION_2019', '2019-07-19 13:47:39', 'QUESTIONNAIRE_MIGRATION_2019'),
	(780, 12, 12, 791, 2, 125, -1, 3, 1, 0, 0, '', '2019-07-19 13:47:39', 'QUESTIONNAIRE_MIGRATION_2019', '2019-07-19 13:47:39', 'QUESTIONNAIRE_MIGRATION_2019'),
	(781, 12, 12, 796, 2, 125, -1, 3, 1, 0, 0, '', '2019-07-19 13:47:39', 'QUESTIONNAIRE_MIGRATION_2019', '2019-07-19 13:47:39', 'QUESTIONNAIRE_MIGRATION_2019'),
	(782, 12, 12, 792, 2, 125, -1, 3, 1, 0, 0, '', '2019-07-19 13:47:39', 'QUESTIONNAIRE_MIGRATION_2019', '2019-07-19 13:47:39', 'QUESTIONNAIRE_MIGRATION_2019'),
	(783, 12, 12, 799, 2, 125, -1, 3, 1, 0, 0, '', '2019-07-19 13:47:39', 'QUESTIONNAIRE_MIGRATION_2019', '2019-07-19 13:47:39', 'QUESTIONNAIRE_MIGRATION_2019'),
	(784, 12, 12, 797, 2, 125, -1, 3, 1, 0, 0, '', '2019-07-19 13:47:39', 'QUESTIONNAIRE_MIGRATION_2019', '2019-07-19 13:47:39', 'QUESTIONNAIRE_MIGRATION_2019'),
	(785, 12, 12, 798, 2, 125, -1, 3, 1, 0, 0, '', '2019-07-19 13:47:39', 'QUESTIONNAIRE_MIGRATION_2019', '2019-07-19 13:47:39', 'QUESTIONNAIRE_MIGRATION_2019'),
	(786, 19, 19, 853, 2, 126, -1, 3, 1, 0, 0, '', '2019-07-19 13:47:39', 'QUESTIONNAIRE_MIGRATION_2019', '2019-07-19 13:47:39', 'QUESTIONNAIRE_MIGRATION_2019'),
	(787, 19, 19, 854, 2, 126, -1, 3, 1, 0, 0, '', '2019-07-19 13:47:39', 'QUESTIONNAIRE_MIGRATION_2019', '2019-07-19 13:47:39', 'QUESTIONNAIRE_MIGRATION_2019'),
	(788, 19, 19, 855, 4, 126, -1, 3, 1, 0, 0, '', '2019-07-19 13:47:39', 'QUESTIONNAIRE_MIGRATION_2019', '2019-07-19 13:47:39', 'QUESTIONNAIRE_MIGRATION_2019'),
	(789, 19, 19, 856, 4, 126, -1, 3, 1, 0, 0, '', '2019-07-19 13:47:39', 'QUESTIONNAIRE_MIGRATION_2019', '2019-07-19 13:47:39', 'QUESTIONNAIRE_MIGRATION_2019'),
	(790, 19, 19, 857, 1, 126, -1, 3, 1, 0, 0, '', '2019-07-19 13:47:39', 'QUESTIONNAIRE_MIGRATION_2019', '2019-07-19 13:47:39', 'QUESTIONNAIRE_MIGRATION_2019'),
	(791, 19, 19, 858, 4, 126, -1, 3, 1, 0, 0, '', '2019-07-19 13:47:39', 'QUESTIONNAIRE_MIGRATION_2019', '2019-07-19 13:47:39', 'QUESTIONNAIRE_MIGRATION_2019'),
	(792, 19, 19, 859, 3, 126, -1, 3, 1, 0, 0, '', '2019-07-19 13:47:39', 'QUESTIONNAIRE_MIGRATION_2019', '2019-07-19 13:47:39', 'QUESTIONNAIRE_MIGRATION_2019'),
	(793, 18, 18, 842, 2, 127, -1, 3, 1, 0, 0, '', '2019-07-19 13:47:39', 'QUESTIONNAIRE_MIGRATION_2019', '2019-07-19 13:47:39', 'QUESTIONNAIRE_MIGRATION_2019'),
	(794, 18, 18, 843, 2, 127, -1, 3, 1, 0, 0, '', '2019-07-19 13:47:39', 'QUESTIONNAIRE_MIGRATION_2019', '2019-07-19 13:47:39', 'QUESTIONNAIRE_MIGRATION_2019'),
	(795, 18, 18, 844, 2, 127, -1, 3, 1, 0, 0, '', '2019-07-19 13:47:39', 'QUESTIONNAIRE_MIGRATION_2019', '2019-07-19 13:47:39', 'QUESTIONNAIRE_MIGRATION_2019'),
	(796, 18, 18, 845, 2, 127, -1, 3, 1, 0, 0, '', '2019-07-19 13:47:39', 'QUESTIONNAIRE_MIGRATION_2019', '2019-07-19 13:47:39', 'QUESTIONNAIRE_MIGRATION_2019'),
	(797, 18, 18, 846, 2, 127, -1, 3, 1, 0, 0, '', '2019-07-19 13:47:39', 'QUESTIONNAIRE_MIGRATION_2019', '2019-07-19 13:47:39', 'QUESTIONNAIRE_MIGRATION_2019'),
	(798, 18, 18, 847, 2, 127, -1, 3, 1, 0, 0, '', '2019-07-19 13:47:39', 'QUESTIONNAIRE_MIGRATION_2019', '2019-07-19 13:47:39', 'QUESTIONNAIRE_MIGRATION_2019'),
	(799, 18, 18, 848, 2, 127, -1, 3, 1, 0, 0, '', '2019-07-19 13:47:39', 'QUESTIONNAIRE_MIGRATION_2019', '2019-07-19 13:47:39', 'QUESTIONNAIRE_MIGRATION_2019'),
	(800, 18, 18, 849, 2, 127, -1, 3, 1, 0, 0, '', '2019-07-19 13:47:39', 'QUESTIONNAIRE_MIGRATION_2019', '2019-07-19 13:47:39', 'QUESTIONNAIRE_MIGRATION_2019'),
	(801, 18, 18, 850, 2, 127, -1, 3, 1, 0, 0, '', '2019-07-19 13:47:39', 'QUESTIONNAIRE_MIGRATION_2019', '2019-07-19 13:47:39', 'QUESTIONNAIRE_MIGRATION_2019'),
	(802, 18, 18, 851, 2, 127, -1, 3, 1, 0, 0, '', '2019-07-19 13:47:39', 'QUESTIONNAIRE_MIGRATION_2019', '2019-07-19 13:47:39', 'QUESTIONNAIRE_MIGRATION_2019'),
	(803, 18, 18, 852, 2, 127, -1, 3, 1, 0, 0, '', '2019-07-19 13:47:39', 'QUESTIONNAIRE_MIGRATION_2019', '2019-07-19 13:47:39', 'QUESTIONNAIRE_MIGRATION_2019'),
	(804, 21, 21, 863, 4, 128, -1, 3, 1, 0, 0, '', '2019-07-19 13:47:39', 'QUESTIONNAIRE_MIGRATION_2019', '2019-07-19 13:47:39', 'QUESTIONNAIRE_MIGRATION_2019'),
	(805, 21, 21, 864, 4, 128, -1, 3, 1, 0, 0, '', '2019-07-19 13:47:39', 'QUESTIONNAIRE_MIGRATION_2019', '2019-07-19 13:47:39', 'QUESTIONNAIRE_MIGRATION_2019'),
	(806, 21, 21, 865, 4, 128, -1, 3, 1, 0, 0, '', '2019-07-19 13:47:39', 'QUESTIONNAIRE_MIGRATION_2019', '2019-07-19 13:47:39', 'QUESTIONNAIRE_MIGRATION_2019'),
	(807, 21, 21, 866, 4, 128, -1, 3, 1, 0, 0, '', '2019-07-19 13:47:39', 'QUESTIONNAIRE_MIGRATION_2019', '2019-07-19 13:47:39', 'QUESTIONNAIRE_MIGRATION_2019'),
	(808, 21, 21, 867, 4, 128, -1, 3, 1, 0, 0, '', '2019-07-19 13:47:39', 'QUESTIONNAIRE_MIGRATION_2019', '2019-07-19 13:47:39', 'QUESTIONNAIRE_MIGRATION_2019'),
	(809, 12, 12, 793, 2, 129, -1, 3, 1, 0, 0, '', '2019-07-19 13:47:39', 'QUESTIONNAIRE_MIGRATION_2019', '2019-07-19 13:47:39', 'QUESTIONNAIRE_MIGRATION_2019'),
	(810, 12, 12, 794, 2, 129, -1, 3, 1, 0, 0, '', '2019-07-19 13:47:39', 'QUESTIONNAIRE_MIGRATION_2019', '2019-07-19 13:47:39', 'QUESTIONNAIRE_MIGRATION_2019'),
	(811, 12, 12, 795, 2, 129, -1, 3, 1, 0, 0, '', '2019-07-19 13:47:39', 'QUESTIONNAIRE_MIGRATION_2019', '2019-07-19 13:47:39', 'QUESTIONNAIRE_MIGRATION_2019'),
	(812, 12, 12, 791, 2, 129, -1, 3, 1, 0, 0, '', '2019-07-19 13:47:39', 'QUESTIONNAIRE_MIGRATION_2019', '2019-07-19 13:47:39', 'QUESTIONNAIRE_MIGRATION_2019'),
	(813, 12, 12, 796, 2, 129, -1, 3, 1, 0, 0, '', '2019-07-19 13:47:39', 'QUESTIONNAIRE_MIGRATION_2019', '2019-07-19 13:47:39', 'QUESTIONNAIRE_MIGRATION_2019'),
	(814, 12, 12, 792, 2, 129, -1, 3, 1, 0, 0, '', '2019-07-19 13:47:39', 'QUESTIONNAIRE_MIGRATION_2019', '2019-07-19 13:47:39', 'QUESTIONNAIRE_MIGRATION_2019'),
	(815, 12, 12, 799, 2, 129, -1, 3, 1, 0, 0, '', '2019-07-19 13:47:39', 'QUESTIONNAIRE_MIGRATION_2019', '2019-07-19 13:47:39', 'QUESTIONNAIRE_MIGRATION_2019'),
	(816, 12, 12, 797, 2, 129, -1, 3, 1, 0, 0, '', '2019-07-19 13:47:39', 'QUESTIONNAIRE_MIGRATION_2019', '2019-07-19 13:47:39', 'QUESTIONNAIRE_MIGRATION_2019'),
	(817, 12, 12, 798, 2, 129, -1, 3, 1, 0, 0, '', '2019-07-19 13:47:39', 'QUESTIONNAIRE_MIGRATION_2019', '2019-07-19 13:47:39', 'QUESTIONNAIRE_MIGRATION_2019'),
	(818, 18, 18, 842, 2, 130, -1, 3, 1, 0, 0, '', '2019-07-19 13:47:39', 'QUESTIONNAIRE_MIGRATION_2019', '2019-07-19 13:47:39', 'QUESTIONNAIRE_MIGRATION_2019'),
	(819, 18, 18, 843, 2, 130, -1, 3, 1, 0, 0, '', '2019-07-19 13:47:39', 'QUESTIONNAIRE_MIGRATION_2019', '2019-07-19 13:47:39', 'QUESTIONNAIRE_MIGRATION_2019'),
	(820, 18, 18, 844, 2, 130, -1, 3, 1, 0, 0, '', '2019-07-19 13:47:39', 'QUESTIONNAIRE_MIGRATION_2019', '2019-07-19 13:47:39', 'QUESTIONNAIRE_MIGRATION_2019'),
	(821, 18, 18, 845, 2, 130, -1, 3, 1, 0, 0, '', '2019-07-19 13:47:39', 'QUESTIONNAIRE_MIGRATION_2019', '2019-07-19 13:47:39', 'QUESTIONNAIRE_MIGRATION_2019'),
	(822, 18, 18, 846, 2, 130, -1, 3, 1, 0, 0, '', '2019-07-19 13:47:39', 'QUESTIONNAIRE_MIGRATION_2019', '2019-07-19 13:47:39', 'QUESTIONNAIRE_MIGRATION_2019'),
	(823, 18, 18, 847, 2, 130, -1, 3, 1, 0, 0, '', '2019-07-19 13:47:39', 'QUESTIONNAIRE_MIGRATION_2019', '2019-07-19 13:47:39', 'QUESTIONNAIRE_MIGRATION_2019'),
	(824, 18, 18, 848, 2, 130, -1, 3, 1, 0, 0, '', '2019-07-19 13:47:39', 'QUESTIONNAIRE_MIGRATION_2019', '2019-07-19 13:47:39', 'QUESTIONNAIRE_MIGRATION_2019'),
	(825, 18, 18, 849, 2, 130, -1, 3, 1, 0, 0, '', '2019-07-19 13:47:39', 'QUESTIONNAIRE_MIGRATION_2019', '2019-07-19 13:47:39', 'QUESTIONNAIRE_MIGRATION_2019'),
	(826, 18, 18, 850, 2, 130, -1, 3, 1, 0, 0, '', '2019-07-19 13:47:39', 'QUESTIONNAIRE_MIGRATION_2019', '2019-07-19 13:47:39', 'QUESTIONNAIRE_MIGRATION_2019'),
	(827, 18, 18, 851, 2, 130, -1, 3, 1, 0, 0, '', '2019-07-19 13:47:39', 'QUESTIONNAIRE_MIGRATION_2019', '2019-07-19 13:47:39', 'QUESTIONNAIRE_MIGRATION_2019'),
	(828, 18, 18, 852, 2, 130, -1, 3, 1, 0, 0, '', '2019-07-19 13:47:39', 'QUESTIONNAIRE_MIGRATION_2019', '2019-07-19 13:47:39', 'QUESTIONNAIRE_MIGRATION_2019'),
	(829, 18, 18, 842, 2, 131, -1, 3, 1, 0, 0, '', '2019-07-19 13:47:39', 'QUESTIONNAIRE_MIGRATION_2019', '2019-07-19 13:47:39', 'QUESTIONNAIRE_MIGRATION_2019'),
	(830, 18, 18, 843, 2, 131, -1, 3, 1, 0, 0, '', '2019-07-19 13:47:39', 'QUESTIONNAIRE_MIGRATION_2019', '2019-07-19 13:47:39', 'QUESTIONNAIRE_MIGRATION_2019'),
	(831, 18, 18, 844, 2, 131, -1, 3, 1, 0, 0, '', '2019-07-19 13:47:39', 'QUESTIONNAIRE_MIGRATION_2019', '2019-07-19 13:47:39', 'QUESTIONNAIRE_MIGRATION_2019'),
	(832, 18, 18, 845, 2, 131, -1, 3, 1, 0, 0, '', '2019-07-19 13:47:39', 'QUESTIONNAIRE_MIGRATION_2019', '2019-07-19 13:47:39', 'QUESTIONNAIRE_MIGRATION_2019'),
	(833, 18, 18, 846, 2, 131, -1, 3, 1, 0, 0, '', '2019-07-19 13:47:39', 'QUESTIONNAIRE_MIGRATION_2019', '2019-07-19 13:47:39', 'QUESTIONNAIRE_MIGRATION_2019'),
	(834, 18, 18, 847, 2, 131, -1, 3, 1, 0, 0, '', '2019-07-19 13:47:39', 'QUESTIONNAIRE_MIGRATION_2019', '2019-07-19 13:47:39', 'QUESTIONNAIRE_MIGRATION_2019'),
	(835, 18, 18, 848, 2, 131, -1, 3, 1, 0, 0, '', '2019-07-19 13:47:39', 'QUESTIONNAIRE_MIGRATION_2019', '2019-07-19 13:47:39', 'QUESTIONNAIRE_MIGRATION_2019'),
	(836, 18, 18, 849, 2, 131, -1, 3, 1, 0, 0, '', '2019-07-19 13:47:39', 'QUESTIONNAIRE_MIGRATION_2019', '2019-07-19 13:47:39', 'QUESTIONNAIRE_MIGRATION_2019'),
	(837, 18, 18, 850, 2, 131, -1, 3, 1, 0, 0, '', '2019-07-19 13:47:39', 'QUESTIONNAIRE_MIGRATION_2019', '2019-07-19 13:47:39', 'QUESTIONNAIRE_MIGRATION_2019'),
	(838, 18, 18, 851, 2, 131, -1, 3, 1, 0, 0, '', '2019-07-19 13:47:39', 'QUESTIONNAIRE_MIGRATION_2019', '2019-07-19 13:47:39', 'QUESTIONNAIRE_MIGRATION_2019'),
	(839, 18, 18, 852, 2, 131, -1, 3, 1, 0, 0, '', '2019-07-19 13:47:39', 'QUESTIONNAIRE_MIGRATION_2019', '2019-07-19 13:47:39', 'QUESTIONNAIRE_MIGRATION_2019'),
	(840, 18, 18, 842, 2, 132, -1, 3, 1, 0, 0, '', '2019-07-19 13:47:39', 'QUESTIONNAIRE_MIGRATION_2019', '2019-07-19 13:47:39', 'QUESTIONNAIRE_MIGRATION_2019'),
	(841, 18, 18, 843, 2, 132, -1, 3, 1, 0, 0, '', '2019-07-19 13:47:39', 'QUESTIONNAIRE_MIGRATION_2019', '2019-07-19 13:47:39', 'QUESTIONNAIRE_MIGRATION_2019'),
	(842, 18, 18, 844, 2, 132, -1, 3, 1, 0, 0, '', '2019-07-19 13:47:39', 'QUESTIONNAIRE_MIGRATION_2019', '2019-07-19 13:47:39', 'QUESTIONNAIRE_MIGRATION_2019'),
	(843, 18, 18, 845, 2, 132, -1, 3, 1, 0, 0, '', '2019-07-19 13:47:39', 'QUESTIONNAIRE_MIGRATION_2019', '2019-07-19 13:47:39', 'QUESTIONNAIRE_MIGRATION_2019'),
	(844, 18, 18, 846, 2, 132, -1, 3, 1, 0, 0, '', '2019-07-19 13:47:39', 'QUESTIONNAIRE_MIGRATION_2019', '2019-07-19 13:47:39', 'QUESTIONNAIRE_MIGRATION_2019'),
	(845, 18, 18, 847, 2, 132, -1, 3, 1, 0, 0, '', '2019-07-19 13:47:39', 'QUESTIONNAIRE_MIGRATION_2019', '2019-07-19 13:47:39', 'QUESTIONNAIRE_MIGRATION_2019'),
	(846, 18, 18, 848, 2, 132, -1, 3, 1, 0, 0, '', '2019-07-19 13:47:39', 'QUESTIONNAIRE_MIGRATION_2019', '2019-07-19 13:47:39', 'QUESTIONNAIRE_MIGRATION_2019'),
	(847, 18, 18, 849, 2, 132, -1, 3, 1, 0, 0, '', '2019-07-19 13:47:39', 'QUESTIONNAIRE_MIGRATION_2019', '2019-07-19 13:47:39', 'QUESTIONNAIRE_MIGRATION_2019'),
	(848, 18, 18, 850, 2, 132, -1, 3, 1, 0, 0, '', '2019-07-19 13:47:39', 'QUESTIONNAIRE_MIGRATION_2019', '2019-07-19 13:47:39', 'QUESTIONNAIRE_MIGRATION_2019'),
	(849, 18, 18, 851, 2, 132, -1, 3, 1, 0, 0, '', '2019-07-19 13:47:39', 'QUESTIONNAIRE_MIGRATION_2019', '2019-07-19 13:47:39', 'QUESTIONNAIRE_MIGRATION_2019'),
	(850, 18, 18, 852, 2, 132, -1, 3, 1, 0, 0, '', '2019-07-19 13:47:39', 'QUESTIONNAIRE_MIGRATION_2019', '2019-07-19 13:47:39', 'QUESTIONNAIRE_MIGRATION_2019'),
	(851, 25, 25, 869, 4, 133, -1, 3, 1, 0, 0, '', '2019-07-19 13:47:39', 'QUESTIONNAIRE_MIGRATION_2019', '2019-07-19 13:47:39', 'QUESTIONNAIRE_MIGRATION_2019'),
	(852, 25, 25, 871, 1, 133, -1, 3, 1, 0, 0, '', '2019-07-19 13:47:39', 'QUESTIONNAIRE_MIGRATION_2019', '2019-07-19 13:47:39', 'QUESTIONNAIRE_MIGRATION_2019'),
	(853, 25, 25, 874, 4, 133, -1, 3, 1, 0, 0, '', '2019-07-19 13:47:39', 'QUESTIONNAIRE_MIGRATION_2019', '2019-07-19 13:47:39', 'QUESTIONNAIRE_MIGRATION_2019'),
	(854, 25, 25, 876, 4, 133, -1, 3, 1, 0, 0, '', '2019-07-19 13:47:39', 'QUESTIONNAIRE_MIGRATION_2019', '2019-07-19 13:47:39', 'QUESTIONNAIRE_MIGRATION_2019'),
	(855, 25, 25, 877, 4, 133, -1, 3, 1, 0, 0, '', '2019-07-19 13:47:39', 'QUESTIONNAIRE_MIGRATION_2019', '2019-07-19 13:47:39', 'QUESTIONNAIRE_MIGRATION_2019'),
	(856, 25, 25, 879, 4, 133, -1, 3, 1, 0, 0, '', '2019-07-19 13:47:39', 'QUESTIONNAIRE_MIGRATION_2019', '2019-07-19 13:47:39', 'QUESTIONNAIRE_MIGRATION_2019'),
	(857, 25, 25, 880, 4, 133, -1, 3, 1, 0, 0, '', '2019-07-19 13:47:39', 'QUESTIONNAIRE_MIGRATION_2019', '2019-07-19 13:47:39', 'QUESTIONNAIRE_MIGRATION_2019'),
	(858, 25, 25, 883, 4, 133, -1, 3, 1, 0, 0, '', '2019-07-19 13:47:39', 'QUESTIONNAIRE_MIGRATION_2019', '2019-07-19 13:47:39', 'QUESTIONNAIRE_MIGRATION_2019'),
	(859, 18, 18, 842, 2, 134, -1, 3, 1, 0, 0, '', '2019-07-19 13:47:39', 'QUESTIONNAIRE_MIGRATION_2019', '2019-07-19 13:47:39', 'QUESTIONNAIRE_MIGRATION_2019'),
	(860, 18, 18, 843, 2, 134, -1, 3, 1, 0, 0, '', '2019-07-19 13:47:39', 'QUESTIONNAIRE_MIGRATION_2019', '2019-07-19 13:47:39', 'QUESTIONNAIRE_MIGRATION_2019'),
	(861, 18, 18, 844, 2, 134, -1, 3, 1, 0, 0, '', '2019-07-19 13:47:39', 'QUESTIONNAIRE_MIGRATION_2019', '2019-07-19 13:47:39', 'QUESTIONNAIRE_MIGRATION_2019'),
	(862, 18, 18, 845, 2, 134, -1, 3, 1, 0, 0, '', '2019-07-19 13:47:39', 'QUESTIONNAIRE_MIGRATION_2019', '2019-07-19 13:47:39', 'QUESTIONNAIRE_MIGRATION_2019'),
	(863, 18, 18, 846, 2, 134, -1, 3, 1, 0, 0, '', '2019-07-19 13:47:39', 'QUESTIONNAIRE_MIGRATION_2019', '2019-07-19 13:47:39', 'QUESTIONNAIRE_MIGRATION_2019'),
	(864, 18, 18, 847, 2, 134, -1, 3, 1, 0, 0, '', '2019-07-19 13:47:39', 'QUESTIONNAIRE_MIGRATION_2019', '2019-07-19 13:47:39', 'QUESTIONNAIRE_MIGRATION_2019'),
	(865, 18, 18, 848, 2, 134, -1, 3, 1, 0, 0, '', '2019-07-19 13:47:39', 'QUESTIONNAIRE_MIGRATION_2019', '2019-07-19 13:47:39', 'QUESTIONNAIRE_MIGRATION_2019'),
	(866, 18, 18, 849, 2, 134, -1, 3, 1, 0, 0, '', '2019-07-19 13:47:39', 'QUESTIONNAIRE_MIGRATION_2019', '2019-07-19 13:47:39', 'QUESTIONNAIRE_MIGRATION_2019'),
	(867, 18, 18, 850, 2, 134, -1, 3, 1, 0, 0, '', '2019-07-19 13:47:39', 'QUESTIONNAIRE_MIGRATION_2019', '2019-07-19 13:47:39', 'QUESTIONNAIRE_MIGRATION_2019'),
	(868, 18, 18, 851, 2, 134, -1, 3, 1, 0, 0, '', '2019-07-19 13:47:39', 'QUESTIONNAIRE_MIGRATION_2019', '2019-07-19 13:47:39', 'QUESTIONNAIRE_MIGRATION_2019'),
	(869, 18, 18, 852, 2, 134, -1, 3, 1, 0, 0, '', '2019-07-19 13:47:39', 'QUESTIONNAIRE_MIGRATION_2019', '2019-07-19 13:47:39', 'QUESTIONNAIRE_MIGRATION_2019'),
	(870, 18, 18, 842, 2, 135, -1, 3, 1, 0, 0, '', '2019-07-19 13:47:39', 'QUESTIONNAIRE_MIGRATION_2019', '2019-07-19 13:47:39', 'QUESTIONNAIRE_MIGRATION_2019'),
	(871, 18, 18, 843, 2, 135, -1, 3, 1, 0, 0, '', '2019-07-19 13:47:39', 'QUESTIONNAIRE_MIGRATION_2019', '2019-07-19 13:47:39', 'QUESTIONNAIRE_MIGRATION_2019'),
	(872, 18, 18, 844, 2, 135, -1, 3, 1, 0, 0, '', '2019-07-19 13:47:39', 'QUESTIONNAIRE_MIGRATION_2019', '2019-07-19 13:47:39', 'QUESTIONNAIRE_MIGRATION_2019'),
	(873, 18, 18, 845, 2, 135, -1, 3, 1, 0, 0, '', '2019-07-19 13:47:39', 'QUESTIONNAIRE_MIGRATION_2019', '2019-07-19 13:47:39', 'QUESTIONNAIRE_MIGRATION_2019'),
	(874, 18, 18, 846, 2, 135, -1, 3, 1, 0, 0, '', '2019-07-19 13:47:39', 'QUESTIONNAIRE_MIGRATION_2019', '2019-07-19 13:47:39', 'QUESTIONNAIRE_MIGRATION_2019'),
	(875, 18, 18, 847, 2, 135, -1, 3, 1, 0, 0, '', '2019-07-19 13:47:39', 'QUESTIONNAIRE_MIGRATION_2019', '2019-07-19 13:47:39', 'QUESTIONNAIRE_MIGRATION_2019'),
	(876, 18, 18, 848, 2, 135, -1, 3, 1, 0, 0, '', '2019-07-19 13:47:39', 'QUESTIONNAIRE_MIGRATION_2019', '2019-07-19 13:47:39', 'QUESTIONNAIRE_MIGRATION_2019'),
	(877, 18, 18, 849, 2, 135, -1, 3, 1, 0, 0, '', '2019-07-19 13:47:39', 'QUESTIONNAIRE_MIGRATION_2019', '2019-07-19 13:47:39', 'QUESTIONNAIRE_MIGRATION_2019'),
	(878, 18, 18, 850, 2, 135, -1, 3, 1, 0, 0, '', '2019-07-19 13:47:39', 'QUESTIONNAIRE_MIGRATION_2019', '2019-07-19 13:47:39', 'QUESTIONNAIRE_MIGRATION_2019'),
	(879, 18, 18, 851, 2, 135, -1, 3, 1, 0, 0, '', '2019-07-19 13:47:39', 'QUESTIONNAIRE_MIGRATION_2019', '2019-07-19 13:47:39', 'QUESTIONNAIRE_MIGRATION_2019'),
	(880, 18, 18, 852, 2, 135, -1, 3, 1, 0, 0, '', '2019-07-19 13:47:39', 'QUESTIONNAIRE_MIGRATION_2019', '2019-07-19 13:47:39', 'QUESTIONNAIRE_MIGRATION_2019'),
	(881, 18, 18, 842, 2, 136, -1, 3, 1, 0, 0, '', '2019-07-19 13:47:39', 'QUESTIONNAIRE_MIGRATION_2019', '2019-07-19 13:47:39', 'QUESTIONNAIRE_MIGRATION_2019'),
	(882, 18, 18, 843, 2, 136, -1, 3, 1, 0, 0, '', '2019-07-19 13:47:39', 'QUESTIONNAIRE_MIGRATION_2019', '2019-07-19 13:47:39', 'QUESTIONNAIRE_MIGRATION_2019'),
	(883, 18, 18, 844, 2, 136, -1, 3, 1, 0, 0, '', '2019-07-19 13:47:39', 'QUESTIONNAIRE_MIGRATION_2019', '2019-07-19 13:47:39', 'QUESTIONNAIRE_MIGRATION_2019'),
	(884, 18, 18, 845, 2, 136, -1, 3, 1, 0, 0, '', '2019-07-19 13:47:39', 'QUESTIONNAIRE_MIGRATION_2019', '2019-07-19 13:47:39', 'QUESTIONNAIRE_MIGRATION_2019'),
	(885, 18, 18, 846, 2, 136, -1, 3, 1, 0, 0, '', '2019-07-19 13:47:39', 'QUESTIONNAIRE_MIGRATION_2019', '2019-07-19 13:47:39', 'QUESTIONNAIRE_MIGRATION_2019'),
	(886, 18, 18, 847, 2, 136, -1, 3, 1, 0, 0, '', '2019-07-19 13:47:39', 'QUESTIONNAIRE_MIGRATION_2019', '2019-07-19 13:47:39', 'QUESTIONNAIRE_MIGRATION_2019'),
	(887, 18, 18, 848, 2, 136, -1, 3, 1, 0, 0, '', '2019-07-19 13:47:39', 'QUESTIONNAIRE_MIGRATION_2019', '2019-07-19 13:47:39', 'QUESTIONNAIRE_MIGRATION_2019'),
	(888, 18, 18, 849, 2, 136, -1, 3, 1, 0, 0, '', '2019-07-19 13:47:39', 'QUESTIONNAIRE_MIGRATION_2019', '2019-07-19 13:47:39', 'QUESTIONNAIRE_MIGRATION_2019'),
	(889, 18, 18, 850, 2, 136, -1, 3, 1, 0, 0, '', '2019-07-19 13:47:39', 'QUESTIONNAIRE_MIGRATION_2019', '2019-07-19 13:47:39', 'QUESTIONNAIRE_MIGRATION_2019'),
	(890, 18, 18, 851, 2, 136, -1, 3, 1, 0, 0, '', '2019-07-19 13:47:39', 'QUESTIONNAIRE_MIGRATION_2019', '2019-07-19 13:47:39', 'QUESTIONNAIRE_MIGRATION_2019'),
	(891, 18, 18, 852, 2, 136, -1, 3, 1, 0, 0, '', '2019-07-19 13:47:39', 'QUESTIONNAIRE_MIGRATION_2019', '2019-07-19 13:47:39', 'QUESTIONNAIRE_MIGRATION_2019'),
	(892, 20, 20, 860, 4, 137, -1, 3, 1, 0, 0, '', '2019-07-19 13:47:39', 'QUESTIONNAIRE_MIGRATION_2019', '2019-07-19 13:47:39', 'QUESTIONNAIRE_MIGRATION_2019'),
	(893, 20, 20, 861, 4, 137, -1, 3, 1, 0, 0, '', '2019-07-19 13:47:39', 'QUESTIONNAIRE_MIGRATION_2019', '2019-07-19 13:47:39', 'QUESTIONNAIRE_MIGRATION_2019'),
	(894, 20, 20, 862, 4, 137, -1, 3, 1, 0, 0, '', '2019-07-19 13:47:39', 'QUESTIONNAIRE_MIGRATION_2019', '2019-07-19 13:47:39', 'QUESTIONNAIRE_MIGRATION_2019'),
	(895, 18, 18, 842, 2, 138, -1, 3, 1, 0, 0, '', '2019-07-19 13:47:39', 'QUESTIONNAIRE_MIGRATION_2019', '2019-07-19 13:47:39', 'QUESTIONNAIRE_MIGRATION_2019'),
	(896, 18, 18, 843, 2, 138, -1, 3, 1, 0, 0, '', '2019-07-19 13:47:39', 'QUESTIONNAIRE_MIGRATION_2019', '2019-07-19 13:47:39', 'QUESTIONNAIRE_MIGRATION_2019'),
	(897, 18, 18, 844, 2, 138, -1, 3, 1, 0, 0, '', '2019-07-19 13:47:39', 'QUESTIONNAIRE_MIGRATION_2019', '2019-07-19 13:47:39', 'QUESTIONNAIRE_MIGRATION_2019'),
	(898, 18, 18, 845, 2, 138, -1, 3, 1, 0, 0, '', '2019-07-19 13:47:39', 'QUESTIONNAIRE_MIGRATION_2019', '2019-07-19 13:47:39', 'QUESTIONNAIRE_MIGRATION_2019'),
	(899, 18, 18, 846, 2, 138, -1, 3, 1, 0, 0, '', '2019-07-19 13:47:39', 'QUESTIONNAIRE_MIGRATION_2019', '2019-07-19 13:47:39', 'QUESTIONNAIRE_MIGRATION_2019'),
	(900, 18, 18, 847, 2, 138, -1, 3, 1, 0, 0, '', '2019-07-19 13:47:39', 'QUESTIONNAIRE_MIGRATION_2019', '2019-07-19 13:47:39', 'QUESTIONNAIRE_MIGRATION_2019'),
	(901, 18, 18, 848, 2, 138, -1, 3, 1, 0, 0, '', '2019-07-19 13:47:39', 'QUESTIONNAIRE_MIGRATION_2019', '2019-07-19 13:47:39', 'QUESTIONNAIRE_MIGRATION_2019'),
	(902, 18, 18, 849, 2, 138, -1, 3, 1, 0, 0, '', '2019-07-19 13:47:39', 'QUESTIONNAIRE_MIGRATION_2019', '2019-07-19 13:47:39', 'QUESTIONNAIRE_MIGRATION_2019'),
	(903, 18, 18, 850, 2, 138, -1, 3, 1, 0, 0, '', '2019-07-19 13:47:39', 'QUESTIONNAIRE_MIGRATION_2019', '2019-07-19 13:47:39', 'QUESTIONNAIRE_MIGRATION_2019'),
	(904, 18, 18, 851, 2, 138, -1, 3, 1, 0, 0, '', '2019-07-19 13:47:39', 'QUESTIONNAIRE_MIGRATION_2019', '2019-07-19 13:47:39', 'QUESTIONNAIRE_MIGRATION_2019'),
	(905, 18, 18, 852, 2, 138, -1, 3, 1, 0, 0, '', '2019-07-19 13:47:39', 'QUESTIONNAIRE_MIGRATION_2019', '2019-07-19 13:47:39', 'QUESTIONNAIRE_MIGRATION_2019'),
	(906, 20, 20, 860, 4, 139, -1, 3, 1, 0, 0, '', '2019-07-19 13:47:39', 'QUESTIONNAIRE_MIGRATION_2019', '2019-07-19 13:47:39', 'QUESTIONNAIRE_MIGRATION_2019'),
	(907, 20, 20, 861, 4, 139, -1, 3, 1, 0, 0, '', '2019-07-19 13:47:39', 'QUESTIONNAIRE_MIGRATION_2019', '2019-07-19 13:47:39', 'QUESTIONNAIRE_MIGRATION_2019'),
	(908, 20, 20, 862, 4, 139, -1, 3, 1, 0, 0, '', '2019-07-19 13:47:39', 'QUESTIONNAIRE_MIGRATION_2019', '2019-07-19 13:47:39', 'QUESTIONNAIRE_MIGRATION_2019'),
	(909, 18, 18, 842, 2, 140, -1, 3, 1, 0, 0, '', '2019-07-19 13:47:39', 'QUESTIONNAIRE_MIGRATION_2019', '2019-07-19 13:47:39', 'QUESTIONNAIRE_MIGRATION_2019'),
	(910, 18, 18, 843, 2, 140, -1, 3, 1, 0, 0, '', '2019-07-19 13:47:39', 'QUESTIONNAIRE_MIGRATION_2019', '2019-07-19 13:47:39', 'QUESTIONNAIRE_MIGRATION_2019'),
	(911, 18, 18, 844, 2, 140, -1, 3, 1, 0, 0, '', '2019-07-19 13:47:39', 'QUESTIONNAIRE_MIGRATION_2019', '2019-07-19 13:47:39', 'QUESTIONNAIRE_MIGRATION_2019'),
	(912, 18, 18, 845, 2, 140, -1, 3, 1, 0, 0, '', '2019-07-19 13:47:39', 'QUESTIONNAIRE_MIGRATION_2019', '2019-07-19 13:47:39', 'QUESTIONNAIRE_MIGRATION_2019'),
	(913, 18, 18, 846, 2, 140, -1, 3, 1, 0, 0, '', '2019-07-19 13:47:39', 'QUESTIONNAIRE_MIGRATION_2019', '2019-07-19 13:47:39', 'QUESTIONNAIRE_MIGRATION_2019'),
	(914, 18, 18, 847, 2, 140, -1, 3, 1, 0, 0, '', '2019-07-19 13:47:39', 'QUESTIONNAIRE_MIGRATION_2019', '2019-07-19 13:47:39', 'QUESTIONNAIRE_MIGRATION_2019'),
	(915, 18, 18, 848, 2, 140, -1, 3, 1, 0, 0, '', '2019-07-19 13:47:39', 'QUESTIONNAIRE_MIGRATION_2019', '2019-07-19 13:47:39', 'QUESTIONNAIRE_MIGRATION_2019'),
	(916, 18, 18, 849, 2, 140, -1, 3, 1, 0, 0, '', '2019-07-19 13:47:39', 'QUESTIONNAIRE_MIGRATION_2019', '2019-07-19 13:47:39', 'QUESTIONNAIRE_MIGRATION_2019'),
	(917, 18, 18, 850, 2, 140, -1, 3, 1, 0, 0, '', '2019-07-19 13:47:39', 'QUESTIONNAIRE_MIGRATION_2019', '2019-07-19 13:47:39', 'QUESTIONNAIRE_MIGRATION_2019'),
	(918, 18, 18, 851, 2, 140, -1, 3, 1, 0, 0, '', '2019-07-19 13:47:39', 'QUESTIONNAIRE_MIGRATION_2019', '2019-07-19 13:47:39', 'QUESTIONNAIRE_MIGRATION_2019'),
	(919, 18, 18, 852, 2, 140, -1, 3, 1, 0, 0, '', '2019-07-19 13:47:39', 'QUESTIONNAIRE_MIGRATION_2019', '2019-07-19 13:47:39', 'QUESTIONNAIRE_MIGRATION_2019'),
	(920, 19, 19, 853, 2, 141, -1, 3, 1, 0, 0, '', '2019-07-19 13:47:39', 'QUESTIONNAIRE_MIGRATION_2019', '2019-07-19 13:47:39', 'QUESTIONNAIRE_MIGRATION_2019'),
	(921, 19, 19, 854, 2, 141, -1, 3, 1, 0, 0, '', '2019-07-19 13:47:39', 'QUESTIONNAIRE_MIGRATION_2019', '2019-07-19 13:47:39', 'QUESTIONNAIRE_MIGRATION_2019'),
	(922, 19, 19, 855, 4, 141, -1, 3, 1, 0, 0, '', '2019-07-19 13:47:39', 'QUESTIONNAIRE_MIGRATION_2019', '2019-07-19 13:47:39', 'QUESTIONNAIRE_MIGRATION_2019'),
	(923, 19, 19, 856, 4, 141, -1, 3, 1, 0, 0, '', '2019-07-19 13:47:39', 'QUESTIONNAIRE_MIGRATION_2019', '2019-07-19 13:47:39', 'QUESTIONNAIRE_MIGRATION_2019'),
	(924, 19, 19, 857, 1, 141, -1, 3, 1, 0, 0, '', '2019-07-19 13:47:39', 'QUESTIONNAIRE_MIGRATION_2019', '2019-07-19 13:47:39', 'QUESTIONNAIRE_MIGRATION_2019'),
	(925, 19, 19, 858, 4, 141, -1, 3, 1, 0, 0, '', '2019-07-19 13:47:39', 'QUESTIONNAIRE_MIGRATION_2019', '2019-07-19 13:47:39', 'QUESTIONNAIRE_MIGRATION_2019'),
	(926, 19, 19, 859, 3, 141, -1, 3, 1, 0, 0, '', '2019-07-19 13:47:39', 'QUESTIONNAIRE_MIGRATION_2019', '2019-07-19 13:47:39', 'QUESTIONNAIRE_MIGRATION_2019'),
	(927, 12, 12, 793, 2, 142, -1, 3, 1, 0, 0, '', '2019-07-19 13:47:39', 'QUESTIONNAIRE_MIGRATION_2019', '2019-07-19 13:47:39', 'QUESTIONNAIRE_MIGRATION_2019'),
	(928, 12, 12, 794, 2, 142, -1, 3, 1, 0, 0, '', '2019-07-19 13:47:39', 'QUESTIONNAIRE_MIGRATION_2019', '2019-07-19 13:47:39', 'QUESTIONNAIRE_MIGRATION_2019'),
	(929, 12, 12, 795, 2, 142, -1, 3, 1, 0, 0, '', '2019-07-19 13:47:39', 'QUESTIONNAIRE_MIGRATION_2019', '2019-07-19 13:47:39', 'QUESTIONNAIRE_MIGRATION_2019'),
	(930, 12, 12, 791, 2, 142, -1, 3, 1, 0, 0, '', '2019-07-19 13:47:39', 'QUESTIONNAIRE_MIGRATION_2019', '2019-07-19 13:47:39', 'QUESTIONNAIRE_MIGRATION_2019'),
	(931, 12, 12, 796, 2, 142, -1, 3, 1, 0, 0, '', '2019-07-19 13:47:39', 'QUESTIONNAIRE_MIGRATION_2019', '2019-07-19 13:47:39', 'QUESTIONNAIRE_MIGRATION_2019'),
	(932, 12, 12, 792, 2, 142, -1, 3, 1, 0, 0, '', '2019-07-19 13:47:39', 'QUESTIONNAIRE_MIGRATION_2019', '2019-07-19 13:47:39', 'QUESTIONNAIRE_MIGRATION_2019'),
	(933, 12, 12, 799, 2, 142, -1, 3, 1, 0, 0, '', '2019-07-19 13:47:39', 'QUESTIONNAIRE_MIGRATION_2019', '2019-07-19 13:47:39', 'QUESTIONNAIRE_MIGRATION_2019'),
	(934, 12, 12, 797, 2, 142, -1, 3, 1, 0, 0, '', '2019-07-19 13:47:39', 'QUESTIONNAIRE_MIGRATION_2019', '2019-07-19 13:47:39', 'QUESTIONNAIRE_MIGRATION_2019'),
	(935, 12, 12, 798, 2, 142, -1, 3, 1, 0, 0, '', '2019-07-19 13:47:39', 'QUESTIONNAIRE_MIGRATION_2019', '2019-07-19 13:47:39', 'QUESTIONNAIRE_MIGRATION_2019'),
	(936, 20, 20, 860, 4, 143, -1, 3, 1, 0, 0, '', '2019-07-19 13:47:39', 'QUESTIONNAIRE_MIGRATION_2019', '2019-07-19 13:47:39', 'QUESTIONNAIRE_MIGRATION_2019'),
	(937, 20, 20, 861, 4, 143, -1, 3, 1, 0, 0, '', '2019-07-19 13:47:39', 'QUESTIONNAIRE_MIGRATION_2019', '2019-07-19 13:47:39', 'QUESTIONNAIRE_MIGRATION_2019'),
	(938, 20, 20, 862, 4, 143, -1, 3, 1, 0, 0, '', '2019-07-19 13:47:39', 'QUESTIONNAIRE_MIGRATION_2019', '2019-07-19 13:47:39', 'QUESTIONNAIRE_MIGRATION_2019'),
	(939, 12, 12, 793, 2, 144, -1, 3, 1, 0, 0, '', '2019-07-19 13:47:39', 'QUESTIONNAIRE_MIGRATION_2019', '2019-07-19 13:47:39', 'QUESTIONNAIRE_MIGRATION_2019'),
	(940, 12, 12, 794, 2, 144, -1, 3, 1, 0, 0, '', '2019-07-19 13:47:39', 'QUESTIONNAIRE_MIGRATION_2019', '2019-07-19 13:47:39', 'QUESTIONNAIRE_MIGRATION_2019'),
	(941, 12, 12, 795, 2, 144, -1, 3, 1, 0, 0, '', '2019-07-19 13:47:39', 'QUESTIONNAIRE_MIGRATION_2019', '2019-07-19 13:47:39', 'QUESTIONNAIRE_MIGRATION_2019'),
	(942, 12, 12, 791, 2, 144, -1, 3, 1, 0, 0, '', '2019-07-19 13:47:39', 'QUESTIONNAIRE_MIGRATION_2019', '2019-07-19 13:47:39', 'QUESTIONNAIRE_MIGRATION_2019'),
	(943, 12, 12, 796, 2, 144, -1, 3, 1, 0, 0, '', '2019-07-19 13:47:39', 'QUESTIONNAIRE_MIGRATION_2019', '2019-07-19 13:47:39', 'QUESTIONNAIRE_MIGRATION_2019'),
	(944, 12, 12, 792, 2, 144, -1, 3, 1, 0, 0, '', '2019-07-19 13:47:39', 'QUESTIONNAIRE_MIGRATION_2019', '2019-07-19 13:47:39', 'QUESTIONNAIRE_MIGRATION_2019'),
	(945, 12, 12, 799, 2, 144, -1, 3, 1, 0, 0, '', '2019-07-19 13:47:39', 'QUESTIONNAIRE_MIGRATION_2019', '2019-07-19 13:47:39', 'QUESTIONNAIRE_MIGRATION_2019'),
	(946, 12, 12, 797, 2, 144, -1, 3, 1, 0, 0, '', '2019-07-19 13:47:39', 'QUESTIONNAIRE_MIGRATION_2019', '2019-07-19 13:47:39', 'QUESTIONNAIRE_MIGRATION_2019'),
	(947, 12, 12, 798, 2, 144, -1, 3, 1, 0, 0, '', '2019-07-19 13:47:39', 'QUESTIONNAIRE_MIGRATION_2019', '2019-07-19 13:47:39', 'QUESTIONNAIRE_MIGRATION_2019'),
	(948, 18, 18, 842, 2, 145, -1, 3, 1, 0, 0, '', '2019-07-19 13:47:39', 'QUESTIONNAIRE_MIGRATION_2019', '2019-07-19 13:47:39', 'QUESTIONNAIRE_MIGRATION_2019'),
	(949, 18, 18, 843, 2, 145, -1, 3, 1, 0, 0, '', '2019-07-19 13:47:39', 'QUESTIONNAIRE_MIGRATION_2019', '2019-07-19 13:47:39', 'QUESTIONNAIRE_MIGRATION_2019'),
	(950, 18, 18, 844, 2, 145, -1, 3, 1, 0, 0, '', '2019-07-19 13:47:39', 'QUESTIONNAIRE_MIGRATION_2019', '2019-07-19 13:47:39', 'QUESTIONNAIRE_MIGRATION_2019'),
	(951, 18, 18, 845, 2, 145, -1, 3, 1, 0, 0, '', '2019-07-19 13:47:39', 'QUESTIONNAIRE_MIGRATION_2019', '2019-07-19 13:47:39', 'QUESTIONNAIRE_MIGRATION_2019'),
	(952, 18, 18, 846, 2, 145, -1, 3, 1, 0, 0, '', '2019-07-19 13:47:39', 'QUESTIONNAIRE_MIGRATION_2019', '2019-07-19 13:47:39', 'QUESTIONNAIRE_MIGRATION_2019'),
	(953, 18, 18, 847, 2, 145, -1, 3, 1, 0, 0, '', '2019-07-19 13:47:39', 'QUESTIONNAIRE_MIGRATION_2019', '2019-07-19 13:47:39', 'QUESTIONNAIRE_MIGRATION_2019'),
	(954, 18, 18, 848, 2, 145, -1, 3, 1, 0, 0, '', '2019-07-19 13:47:39', 'QUESTIONNAIRE_MIGRATION_2019', '2019-07-19 13:47:39', 'QUESTIONNAIRE_MIGRATION_2019'),
	(955, 18, 18, 849, 2, 145, -1, 3, 1, 0, 0, '', '2019-07-19 13:47:39', 'QUESTIONNAIRE_MIGRATION_2019', '2019-07-19 13:47:39', 'QUESTIONNAIRE_MIGRATION_2019'),
	(956, 18, 18, 850, 2, 145, -1, 3, 1, 0, 0, '', '2019-07-19 13:47:39', 'QUESTIONNAIRE_MIGRATION_2019', '2019-07-19 13:47:39', 'QUESTIONNAIRE_MIGRATION_2019'),
	(957, 18, 18, 851, 2, 145, -1, 3, 1, 0, 0, '', '2019-07-19 13:47:39', 'QUESTIONNAIRE_MIGRATION_2019', '2019-07-19 13:47:39', 'QUESTIONNAIRE_MIGRATION_2019'),
	(958, 18, 18, 852, 2, 145, -1, 3, 1, 0, 0, '', '2019-07-19 13:47:39', 'QUESTIONNAIRE_MIGRATION_2019', '2019-07-19 13:47:39', 'QUESTIONNAIRE_MIGRATION_2019'),
	(959, 18, 18, 842, 2, 146, -1, 3, 1, 0, 0, '', '2019-07-19 13:47:39', 'QUESTIONNAIRE_MIGRATION_2019', '2019-07-19 13:47:39', 'QUESTIONNAIRE_MIGRATION_2019'),
	(960, 18, 18, 843, 2, 146, -1, 3, 1, 0, 0, '', '2019-07-19 13:47:39', 'QUESTIONNAIRE_MIGRATION_2019', '2019-07-19 13:47:39', 'QUESTIONNAIRE_MIGRATION_2019'),
	(961, 18, 18, 844, 2, 146, -1, 3, 1, 0, 0, '', '2019-07-19 13:47:39', 'QUESTIONNAIRE_MIGRATION_2019', '2019-07-19 13:47:39', 'QUESTIONNAIRE_MIGRATION_2019'),
	(962, 18, 18, 845, 2, 146, -1, 3, 1, 0, 0, '', '2019-07-19 13:47:39', 'QUESTIONNAIRE_MIGRATION_2019', '2019-07-19 13:47:39', 'QUESTIONNAIRE_MIGRATION_2019'),
	(963, 18, 18, 846, 2, 146, -1, 3, 1, 0, 0, '', '2019-07-19 13:47:39', 'QUESTIONNAIRE_MIGRATION_2019', '2019-07-19 13:47:39', 'QUESTIONNAIRE_MIGRATION_2019'),
	(964, 18, 18, 847, 2, 146, -1, 3, 1, 0, 0, '', '2019-07-19 13:47:39', 'QUESTIONNAIRE_MIGRATION_2019', '2019-07-19 13:47:39', 'QUESTIONNAIRE_MIGRATION_2019'),
	(965, 18, 18, 848, 2, 146, -1, 3, 1, 0, 0, '', '2019-07-19 13:47:39', 'QUESTIONNAIRE_MIGRATION_2019', '2019-07-19 13:47:39', 'QUESTIONNAIRE_MIGRATION_2019'),
	(966, 18, 18, 849, 2, 146, -1, 3, 1, 0, 0, '', '2019-07-19 13:47:39', 'QUESTIONNAIRE_MIGRATION_2019', '2019-07-19 13:47:39', 'QUESTIONNAIRE_MIGRATION_2019'),
	(967, 18, 18, 850, 2, 146, -1, 3, 1, 0, 0, '', '2019-07-19 13:47:39', 'QUESTIONNAIRE_MIGRATION_2019', '2019-07-19 13:47:39', 'QUESTIONNAIRE_MIGRATION_2019'),
	(968, 18, 18, 851, 2, 146, -1, 3, 1, 0, 0, '', '2019-07-19 13:47:39', 'QUESTIONNAIRE_MIGRATION_2019', '2019-07-19 13:47:39', 'QUESTIONNAIRE_MIGRATION_2019'),
	(969, 18, 18, 852, 2, 146, -1, 3, 1, 0, 0, '', '2019-07-19 13:47:39', 'QUESTIONNAIRE_MIGRATION_2019', '2019-07-19 13:47:39', 'QUESTIONNAIRE_MIGRATION_2019'),
	(970, 18, 18, 842, 2, 147, -1, 3, 1, 0, 0, '', '2019-07-19 13:47:39', 'QUESTIONNAIRE_MIGRATION_2019', '2019-07-19 13:47:39', 'QUESTIONNAIRE_MIGRATION_2019'),
	(971, 18, 18, 843, 2, 147, -1, 3, 1, 0, 0, '', '2019-07-19 13:47:39', 'QUESTIONNAIRE_MIGRATION_2019', '2019-07-19 13:47:39', 'QUESTIONNAIRE_MIGRATION_2019'),
	(972, 18, 18, 844, 2, 147, -1, 3, 1, 0, 0, '', '2019-07-19 13:47:39', 'QUESTIONNAIRE_MIGRATION_2019', '2019-07-19 13:47:39', 'QUESTIONNAIRE_MIGRATION_2019'),
	(973, 18, 18, 845, 2, 147, -1, 3, 1, 0, 0, '', '2019-07-19 13:47:39', 'QUESTIONNAIRE_MIGRATION_2019', '2019-07-19 13:47:39', 'QUESTIONNAIRE_MIGRATION_2019'),
	(974, 18, 18, 846, 2, 147, -1, 3, 1, 0, 0, '', '2019-07-19 13:47:40', 'QUESTIONNAIRE_MIGRATION_2019', '2019-07-19 13:47:40', 'QUESTIONNAIRE_MIGRATION_2019'),
	(975, 18, 18, 847, 2, 147, -1, 3, 1, 0, 0, '', '2019-07-19 13:47:40', 'QUESTIONNAIRE_MIGRATION_2019', '2019-07-19 13:47:40', 'QUESTIONNAIRE_MIGRATION_2019'),
	(976, 18, 18, 848, 2, 147, -1, 3, 1, 0, 0, '', '2019-07-19 13:47:40', 'QUESTIONNAIRE_MIGRATION_2019', '2019-07-19 13:47:40', 'QUESTIONNAIRE_MIGRATION_2019'),
	(977, 18, 18, 849, 2, 147, -1, 3, 1, 0, 0, '', '2019-07-19 13:47:40', 'QUESTIONNAIRE_MIGRATION_2019', '2019-07-19 13:47:40', 'QUESTIONNAIRE_MIGRATION_2019'),
	(978, 18, 18, 850, 2, 147, -1, 3, 1, 0, 0, '', '2019-07-19 13:47:40', 'QUESTIONNAIRE_MIGRATION_2019', '2019-07-19 13:47:40', 'QUESTIONNAIRE_MIGRATION_2019'),
	(979, 18, 18, 851, 2, 147, -1, 3, 1, 0, 0, '', '2019-07-19 13:47:40', 'QUESTIONNAIRE_MIGRATION_2019', '2019-07-19 13:47:40', 'QUESTIONNAIRE_MIGRATION_2019'),
	(980, 18, 18, 852, 2, 147, -1, 3, 1, 0, 0, '', '2019-07-19 13:47:40', 'QUESTIONNAIRE_MIGRATION_2019', '2019-07-19 13:47:40', 'QUESTIONNAIRE_MIGRATION_2019'),
	(981, 21, 21, 863, 4, 148, -1, 3, 1, 0, 0, '', '2019-07-19 13:47:40', 'QUESTIONNAIRE_MIGRATION_2019', '2019-07-19 13:47:40', 'QUESTIONNAIRE_MIGRATION_2019'),
	(982, 21, 21, 864, 4, 148, -1, 3, 1, 0, 0, '', '2019-07-19 13:47:40', 'QUESTIONNAIRE_MIGRATION_2019', '2019-07-19 13:47:40', 'QUESTIONNAIRE_MIGRATION_2019'),
	(983, 21, 21, 865, 4, 148, -1, 3, 1, 0, 0, '', '2019-07-19 13:47:40', 'QUESTIONNAIRE_MIGRATION_2019', '2019-07-19 13:47:40', 'QUESTIONNAIRE_MIGRATION_2019'),
	(984, 21, 21, 866, 4, 148, -1, 3, 1, 0, 0, '', '2019-07-19 13:47:40', 'QUESTIONNAIRE_MIGRATION_2019', '2019-07-19 13:47:40', 'QUESTIONNAIRE_MIGRATION_2019'),
	(985, 21, 21, 867, 4, 148, -1, 3, 1, 0, 0, '', '2019-07-19 13:47:40', 'QUESTIONNAIRE_MIGRATION_2019', '2019-07-19 13:47:40', 'QUESTIONNAIRE_MIGRATION_2019'),
	(986, 18, 18, 842, 2, 149, -1, 3, 1, 0, 0, '', '2019-07-19 13:47:40', 'QUESTIONNAIRE_MIGRATION_2019', '2019-07-19 13:47:40', 'QUESTIONNAIRE_MIGRATION_2019'),
	(987, 18, 18, 843, 2, 149, -1, 3, 1, 0, 0, '', '2019-07-19 13:47:40', 'QUESTIONNAIRE_MIGRATION_2019', '2019-07-19 13:47:40', 'QUESTIONNAIRE_MIGRATION_2019'),
	(988, 18, 18, 844, 2, 149, -1, 3, 1, 0, 0, '', '2019-07-19 13:47:40', 'QUESTIONNAIRE_MIGRATION_2019', '2019-07-19 13:47:40', 'QUESTIONNAIRE_MIGRATION_2019'),
	(989, 18, 18, 845, 2, 149, -1, 3, 1, 0, 0, '', '2019-07-19 13:47:40', 'QUESTIONNAIRE_MIGRATION_2019', '2019-07-19 13:47:40', 'QUESTIONNAIRE_MIGRATION_2019'),
	(990, 18, 18, 846, 2, 149, -1, 3, 1, 0, 0, '', '2019-07-19 13:47:40', 'QUESTIONNAIRE_MIGRATION_2019', '2019-07-19 13:47:40', 'QUESTIONNAIRE_MIGRATION_2019'),
	(991, 18, 18, 847, 2, 149, -1, 3, 1, 0, 0, '', '2019-07-19 13:47:40', 'QUESTIONNAIRE_MIGRATION_2019', '2019-07-19 13:47:40', 'QUESTIONNAIRE_MIGRATION_2019'),
	(992, 18, 18, 848, 2, 149, -1, 3, 1, 0, 0, '', '2019-07-19 13:47:40', 'QUESTIONNAIRE_MIGRATION_2019', '2019-07-19 13:47:40', 'QUESTIONNAIRE_MIGRATION_2019'),
	(993, 18, 18, 849, 2, 149, -1, 3, 1, 0, 0, '', '2019-07-19 13:47:40', 'QUESTIONNAIRE_MIGRATION_2019', '2019-07-19 13:47:40', 'QUESTIONNAIRE_MIGRATION_2019'),
	(994, 18, 18, 850, 2, 149, -1, 3, 1, 0, 0, '', '2019-07-19 13:47:40', 'QUESTIONNAIRE_MIGRATION_2019', '2019-07-19 13:47:40', 'QUESTIONNAIRE_MIGRATION_2019'),
	(995, 18, 18, 851, 2, 149, -1, 3, 1, 0, 0, '', '2019-07-19 13:47:40', 'QUESTIONNAIRE_MIGRATION_2019', '2019-07-19 13:47:40', 'QUESTIONNAIRE_MIGRATION_2019'),
	(996, 18, 18, 852, 2, 149, -1, 3, 1, 0, 0, '', '2019-07-19 13:47:40', 'QUESTIONNAIRE_MIGRATION_2019', '2019-07-19 13:47:40', 'QUESTIONNAIRE_MIGRATION_2019'),
	(997, 18, 18, 842, 2, 150, -1, 3, 1, 0, 0, '', '2019-07-19 13:47:40', 'QUESTIONNAIRE_MIGRATION_2019', '2019-07-19 13:47:40', 'QUESTIONNAIRE_MIGRATION_2019'),
	(998, 18, 18, 843, 2, 150, -1, 3, 1, 0, 0, '', '2019-07-19 13:47:40', 'QUESTIONNAIRE_MIGRATION_2019', '2019-07-19 13:47:40', 'QUESTIONNAIRE_MIGRATION_2019'),
	(999, 18, 18, 844, 2, 150, -1, 3, 1, 0, 0, '', '2019-07-19 13:47:40', 'QUESTIONNAIRE_MIGRATION_2019', '2019-07-19 13:47:40', 'QUESTIONNAIRE_MIGRATION_2019'),
	(1000, 18, 18, 845, 2, 150, -1, 3, 1, 0, 0, '', '2019-07-19 13:47:40', 'QUESTIONNAIRE_MIGRATION_2019', '2019-07-19 13:47:40', 'QUESTIONNAIRE_MIGRATION_2019'),
	(1001, 18, 18, 846, 2, 150, -1, 3, 1, 0, 0, '', '2019-07-19 13:47:40', 'QUESTIONNAIRE_MIGRATION_2019', '2019-07-19 13:47:40', 'QUESTIONNAIRE_MIGRATION_2019'),
	(1002, 18, 18, 847, 2, 150, -1, 3, 1, 0, 0, '', '2019-07-19 13:47:40', 'QUESTIONNAIRE_MIGRATION_2019', '2019-07-19 13:47:40', 'QUESTIONNAIRE_MIGRATION_2019'),
	(1003, 18, 18, 848, 2, 150, -1, 3, 1, 0, 0, '', '2019-07-19 13:47:40', 'QUESTIONNAIRE_MIGRATION_2019', '2019-07-19 13:47:40', 'QUESTIONNAIRE_MIGRATION_2019'),
	(1004, 18, 18, 849, 2, 150, -1, 3, 1, 0, 0, '', '2019-07-19 13:47:40', 'QUESTIONNAIRE_MIGRATION_2019', '2019-07-19 13:47:40', 'QUESTIONNAIRE_MIGRATION_2019'),
	(1005, 18, 18, 850, 2, 150, -1, 3, 1, 0, 0, '', '2019-07-19 13:47:40', 'QUESTIONNAIRE_MIGRATION_2019', '2019-07-19 13:47:40', 'QUESTIONNAIRE_MIGRATION_2019'),
	(1006, 18, 18, 851, 2, 150, -1, 3, 1, 0, 0, '', '2019-07-19 13:47:40', 'QUESTIONNAIRE_MIGRATION_2019', '2019-07-19 13:47:40', 'QUESTIONNAIRE_MIGRATION_2019'),
	(1007, 18, 18, 852, 2, 150, -1, 3, 1, 0, 0, '', '2019-07-19 13:47:40', 'QUESTIONNAIRE_MIGRATION_2019', '2019-07-19 13:47:40', 'QUESTIONNAIRE_MIGRATION_2019'),
	(1008, 12, 12, 793, 2, 151, -1, 3, 1, 0, 0, '', '2019-07-19 13:47:40', 'QUESTIONNAIRE_MIGRATION_2019', '2019-07-19 13:47:40', 'QUESTIONNAIRE_MIGRATION_2019'),
	(1009, 12, 12, 794, 2, 151, -1, 3, 1, 0, 0, '', '2019-07-19 13:47:40', 'QUESTIONNAIRE_MIGRATION_2019', '2019-07-19 13:47:40', 'QUESTIONNAIRE_MIGRATION_2019'),
	(1010, 12, 12, 795, 2, 151, -1, 3, 1, 0, 0, '', '2019-07-19 13:47:40', 'QUESTIONNAIRE_MIGRATION_2019', '2019-07-19 13:47:40', 'QUESTIONNAIRE_MIGRATION_2019'),
	(1011, 12, 12, 791, 2, 151, -1, 3, 1, 0, 0, '', '2019-07-19 13:47:40', 'QUESTIONNAIRE_MIGRATION_2019', '2019-07-19 13:47:40', 'QUESTIONNAIRE_MIGRATION_2019'),
	(1012, 12, 12, 796, 2, 151, -1, 3, 1, 0, 0, '', '2019-07-19 13:47:40', 'QUESTIONNAIRE_MIGRATION_2019', '2019-07-19 13:47:40', 'QUESTIONNAIRE_MIGRATION_2019'),
	(1013, 12, 12, 792, 2, 151, -1, 3, 1, 0, 0, '', '2019-07-19 13:47:40', 'QUESTIONNAIRE_MIGRATION_2019', '2019-07-19 13:47:40', 'QUESTIONNAIRE_MIGRATION_2019'),
	(1014, 12, 12, 799, 2, 151, -1, 3, 1, 0, 0, '', '2019-07-19 13:47:40', 'QUESTIONNAIRE_MIGRATION_2019', '2019-07-19 13:47:40', 'QUESTIONNAIRE_MIGRATION_2019'),
	(1015, 12, 12, 797, 2, 151, -1, 3, 1, 0, 0, '', '2019-07-19 13:47:40', 'QUESTIONNAIRE_MIGRATION_2019', '2019-07-19 13:47:40', 'QUESTIONNAIRE_MIGRATION_2019'),
	(1016, 12, 12, 798, 2, 151, -1, 3, 1, 0, 0, '', '2019-07-19 13:47:40', 'QUESTIONNAIRE_MIGRATION_2019', '2019-07-19 13:47:40', 'QUESTIONNAIRE_MIGRATION_2019'),
	(1017, 25, 25, 869, 4, 152, -1, 3, 1, 0, 0, '', '2019-07-19 13:47:40', 'QUESTIONNAIRE_MIGRATION_2019', '2019-07-19 13:47:40', 'QUESTIONNAIRE_MIGRATION_2019'),
	(1018, 25, 25, 870, 3, 152, -1, 3, 1, 0, 0, '', '2019-07-19 13:47:40', 'QUESTIONNAIRE_MIGRATION_2019', '2019-07-19 13:47:40', 'QUESTIONNAIRE_MIGRATION_2019'),
	(1019, 25, 25, 871, 1, 152, -1, 3, 1, 0, 0, '', '2019-07-19 13:47:40', 'QUESTIONNAIRE_MIGRATION_2019', '2019-07-19 13:47:40', 'QUESTIONNAIRE_MIGRATION_2019'),
	(1020, 25, 25, 872, 3, 152, -1, 3, 1, 0, 0, '', '2019-07-19 13:47:40', 'QUESTIONNAIRE_MIGRATION_2019', '2019-07-19 13:47:40', 'QUESTIONNAIRE_MIGRATION_2019'),
	(1021, 25, 25, 873, 3, 152, -1, 3, 1, 0, 0, '', '2019-07-19 13:47:40', 'QUESTIONNAIRE_MIGRATION_2019', '2019-07-19 13:47:40', 'QUESTIONNAIRE_MIGRATION_2019'),
	(1022, 25, 25, 874, 4, 152, -1, 3, 1, 0, 0, '', '2019-07-19 13:47:40', 'QUESTIONNAIRE_MIGRATION_2019', '2019-07-19 13:47:40', 'QUESTIONNAIRE_MIGRATION_2019'),
	(1023, 25, 25, 875, 3, 152, -1, 3, 1, 0, 0, '', '2019-07-19 13:47:40', 'QUESTIONNAIRE_MIGRATION_2019', '2019-07-19 13:47:40', 'QUESTIONNAIRE_MIGRATION_2019'),
	(1024, 25, 25, 876, 4, 152, -1, 3, 1, 0, 0, '', '2019-07-19 13:47:40', 'QUESTIONNAIRE_MIGRATION_2019', '2019-07-19 13:47:40', 'QUESTIONNAIRE_MIGRATION_2019'),
	(1025, 25, 25, 877, 4, 152, -1, 3, 1, 0, 0, '', '2019-07-19 13:47:40', 'QUESTIONNAIRE_MIGRATION_2019', '2019-07-19 13:47:40', 'QUESTIONNAIRE_MIGRATION_2019'),
	(1026, 25, 25, 878, 3, 152, -1, 3, 1, 0, 0, '', '2019-07-19 13:47:40', 'QUESTIONNAIRE_MIGRATION_2019', '2019-07-19 13:47:40', 'QUESTIONNAIRE_MIGRATION_2019'),
	(1027, 25, 25, 879, 4, 152, -1, 3, 1, 0, 0, '', '2019-07-19 13:47:40', 'QUESTIONNAIRE_MIGRATION_2019', '2019-07-19 13:47:40', 'QUESTIONNAIRE_MIGRATION_2019'),
	(1028, 25, 25, 880, 4, 152, -1, 3, 1, 0, 0, '', '2019-07-19 13:47:40', 'QUESTIONNAIRE_MIGRATION_2019', '2019-07-19 13:47:40', 'QUESTIONNAIRE_MIGRATION_2019'),
	(1029, 25, 25, 881, 3, 152, -1, 3, 1, 0, 0, '', '2019-07-19 13:47:40', 'QUESTIONNAIRE_MIGRATION_2019', '2019-07-19 13:47:40', 'QUESTIONNAIRE_MIGRATION_2019'),
	(1030, 25, 25, 882, 3, 152, -1, 3, 1, 0, 0, '', '2019-07-19 13:47:40', 'QUESTIONNAIRE_MIGRATION_2019', '2019-07-19 13:47:40', 'QUESTIONNAIRE_MIGRATION_2019'),
	(1031, 25, 25, 883, 4, 152, -1, 3, 1, 0, 0, '', '2019-07-19 13:47:40', 'QUESTIONNAIRE_MIGRATION_2019', '2019-07-19 13:47:40', 'QUESTIONNAIRE_MIGRATION_2019'),
	(1032, 25, 25, 884, 3, 152, -1, 3, 1, 0, 0, '', '2019-07-19 13:47:40', 'QUESTIONNAIRE_MIGRATION_2019', '2019-07-19 13:47:40', 'QUESTIONNAIRE_MIGRATION_2019'),
	(1033, 11, 11, 823, 2, 153, -1, 3, 1, 0, 0, '', '2019-07-19 13:47:40', 'QUESTIONNAIRE_MIGRATION_2019', '2019-07-19 13:47:40', 'QUESTIONNAIRE_MIGRATION_2019'),
	(1034, 11, 11, 824, 2, 153, -1, 3, 1, 0, 0, '', '2019-07-19 13:47:40', 'QUESTIONNAIRE_MIGRATION_2019', '2019-07-19 13:47:40', 'QUESTIONNAIRE_MIGRATION_2019'),
	(1035, 11, 11, 811, 1, 153, -1, 3, 1, 0, 0, '', '2019-07-19 13:47:40', 'QUESTIONNAIRE_MIGRATION_2019', '2019-07-19 13:47:40', 'QUESTIONNAIRE_MIGRATION_2019'),
	(1036, 11, 11, 830, 3, 153, -1, 3, 1, 0, 0, '', '2019-07-19 13:47:40', 'QUESTIONNAIRE_MIGRATION_2019', '2019-07-19 13:47:40', 'QUESTIONNAIRE_MIGRATION_2019'),
	(1037, 11, 11, 832, 3, 153, -1, 3, 1, 0, 0, '', '2019-07-19 13:47:40', 'QUESTIONNAIRE_MIGRATION_2019', '2019-07-19 13:47:40', 'QUESTIONNAIRE_MIGRATION_2019'),
	(1038, 12, 12, 793, 2, 154, -1, 3, 1, 0, 0, '', '2019-07-19 13:47:40', 'QUESTIONNAIRE_MIGRATION_2019', '2019-07-19 13:47:40', 'QUESTIONNAIRE_MIGRATION_2019'),
	(1039, 12, 12, 794, 2, 154, -1, 3, 1, 0, 0, '', '2019-07-19 13:47:40', 'QUESTIONNAIRE_MIGRATION_2019', '2019-07-19 13:47:40', 'QUESTIONNAIRE_MIGRATION_2019'),
	(1040, 12, 12, 795, 2, 154, -1, 3, 1, 0, 0, '', '2019-07-19 13:47:40', 'QUESTIONNAIRE_MIGRATION_2019', '2019-07-19 13:47:40', 'QUESTIONNAIRE_MIGRATION_2019'),
	(1041, 12, 12, 791, 2, 154, -1, 3, 1, 0, 0, '', '2019-07-19 13:47:40', 'QUESTIONNAIRE_MIGRATION_2019', '2019-07-19 13:47:40', 'QUESTIONNAIRE_MIGRATION_2019'),
	(1042, 12, 12, 796, 2, 154, -1, 3, 1, 0, 0, '', '2019-07-19 13:47:40', 'QUESTIONNAIRE_MIGRATION_2019', '2019-07-19 13:47:40', 'QUESTIONNAIRE_MIGRATION_2019'),
	(1043, 12, 12, 792, 2, 154, -1, 3, 1, 0, 0, '', '2019-07-19 13:47:40', 'QUESTIONNAIRE_MIGRATION_2019', '2019-07-19 13:47:40', 'QUESTIONNAIRE_MIGRATION_2019'),
	(1044, 12, 12, 799, 2, 154, -1, 3, 1, 0, 0, '', '2019-07-19 13:47:40', 'QUESTIONNAIRE_MIGRATION_2019', '2019-07-19 13:47:40', 'QUESTIONNAIRE_MIGRATION_2019'),
	(1045, 12, 12, 797, 2, 154, -1, 3, 1, 0, 0, '', '2019-07-19 13:47:40', 'QUESTIONNAIRE_MIGRATION_2019', '2019-07-19 13:47:40', 'QUESTIONNAIRE_MIGRATION_2019'),
	(1046, 12, 12, 798, 2, 154, -1, 3, 1, 0, 0, '', '2019-07-19 13:47:40', 'QUESTIONNAIRE_MIGRATION_2019', '2019-07-19 13:47:40', 'QUESTIONNAIRE_MIGRATION_2019'),
	(1047, 11, 11, 823, 2, 155, -1, 3, 1, 0, 0, '', '2019-07-19 13:47:40', 'QUESTIONNAIRE_MIGRATION_2019', '2019-07-19 13:47:40', 'QUESTIONNAIRE_MIGRATION_2019'),
	(1048, 11, 11, 824, 2, 155, -1, 3, 1, 0, 0, '', '2019-07-19 13:47:40', 'QUESTIONNAIRE_MIGRATION_2019', '2019-07-19 13:47:40', 'QUESTIONNAIRE_MIGRATION_2019'),
	(1049, 11, 11, 811, 1, 155, -1, 3, 1, 0, 0, '', '2019-07-19 13:47:40', 'QUESTIONNAIRE_MIGRATION_2019', '2019-07-19 13:47:40', 'QUESTIONNAIRE_MIGRATION_2019'),
	(1050, 11, 11, 823, 2, 156, -1, 3, 1, 0, 0, '', '2019-07-19 13:47:40', 'QUESTIONNAIRE_MIGRATION_2019', '2019-07-19 13:47:40', 'QUESTIONNAIRE_MIGRATION_2019'),
	(1051, 11, 11, 824, 2, 156, -1, 3, 1, 0, 0, '', '2019-07-19 13:47:40', 'QUESTIONNAIRE_MIGRATION_2019', '2019-07-19 13:47:40', 'QUESTIONNAIRE_MIGRATION_2019'),
	(1052, 11, 11, 811, 1, 156, -1, 3, 1, 0, 0, '', '2019-07-19 13:47:40', 'QUESTIONNAIRE_MIGRATION_2019', '2019-07-19 13:47:40', 'QUESTIONNAIRE_MIGRATION_2019'),
	(1053, 11, 11, 830, 3, 156, -1, 3, 1, 0, 0, '', '2019-07-19 13:47:40', 'QUESTIONNAIRE_MIGRATION_2019', '2019-07-19 13:47:40', 'QUESTIONNAIRE_MIGRATION_2019'),
	(1054, 11, 11, 832, 3, 156, -1, 3, 1, 0, 0, '', '2019-07-19 13:47:40', 'QUESTIONNAIRE_MIGRATION_2019', '2019-07-19 13:47:40', 'QUESTIONNAIRE_MIGRATION_2019'),
	(1055, 30, 30, 913, 3, 157, -1, 3, 1, 0, 0, '', '2019-07-19 13:47:40', 'QUESTIONNAIRE_MIGRATION_2019', '2019-07-19 13:47:40', 'QUESTIONNAIRE_MIGRATION_2019'),
	(1056, 30, 30, 920, 3, 157, -1, 3, 1, 0, 0, '', '2019-07-19 13:47:40', 'QUESTIONNAIRE_MIGRATION_2019', '2019-07-19 13:47:40', 'QUESTIONNAIRE_MIGRATION_2019'),
	(1057, 30, 30, 914, 2, 157, -1, 3, 1, 0, 0, '', '2019-07-19 13:47:40', 'QUESTIONNAIRE_MIGRATION_2019', '2019-07-19 13:47:40', 'QUESTIONNAIRE_MIGRATION_2019'),
	(1058, 30, 30, 915, 2, 157, -1, 3, 1, 0, 0, '', '2019-07-19 13:47:40', 'QUESTIONNAIRE_MIGRATION_2019', '2019-07-19 13:47:40', 'QUESTIONNAIRE_MIGRATION_2019'),
	(1059, 30, 30, 916, 2, 157, -1, 3, 1, 0, 0, '', '2019-07-19 13:47:40', 'QUESTIONNAIRE_MIGRATION_2019', '2019-07-19 13:47:40', 'QUESTIONNAIRE_MIGRATION_2019'),
	(1060, 30, 30, 917, 2, 157, -1, 3, 1, 0, 0, '', '2019-07-19 13:47:40', 'QUESTIONNAIRE_MIGRATION_2019', '2019-07-19 13:47:40', 'QUESTIONNAIRE_MIGRATION_2019'),
	(1061, 30, 30, 918, 4, 157, -1, 3, 1, 0, 0, '', '2019-07-19 13:47:40', 'QUESTIONNAIRE_MIGRATION_2019', '2019-07-19 13:47:40', 'QUESTIONNAIRE_MIGRATION_2019'),
	(1062, 30, 30, 919, 3, 157, -1, 3, 1, 0, 0, '', '2019-07-19 13:47:40', 'QUESTIONNAIRE_MIGRATION_2019', '2019-07-19 13:47:40', 'QUESTIONNAIRE_MIGRATION_2019'),
	(1063, 27, 27, 892, 4, 158, -1, 3, 1, 0, 0, '', '2019-07-19 13:47:40', 'QUESTIONNAIRE_MIGRATION_2019', '2019-07-19 13:47:40', 'QUESTIONNAIRE_MIGRATION_2019'),
	(1064, 27, 27, 893, 4, 158, -1, 3, 1, 0, 0, '', '2019-07-19 13:47:40', 'QUESTIONNAIRE_MIGRATION_2019', '2019-07-19 13:47:40', 'QUESTIONNAIRE_MIGRATION_2019'),
	(1065, 27, 27, 894, 4, 158, -1, 3, 1, 0, 0, '', '2019-07-19 13:47:40', 'QUESTIONNAIRE_MIGRATION_2019', '2019-07-19 13:47:40', 'QUESTIONNAIRE_MIGRATION_2019'),
	(1066, 27, 27, 895, 4, 158, -1, 3, 1, 0, 0, '', '2019-07-19 13:47:40', 'QUESTIONNAIRE_MIGRATION_2019', '2019-07-19 13:47:40', 'QUESTIONNAIRE_MIGRATION_2019'),
	(1067, 27, 27, 896, 4, 158, -1, 3, 1, 0, 0, '', '2019-07-19 13:47:40', 'QUESTIONNAIRE_MIGRATION_2019', '2019-07-19 13:47:40', 'QUESTIONNAIRE_MIGRATION_2019'),
	(1068, 27, 27, 897, 4, 158, -1, 3, 1, 0, 0, '', '2019-07-19 13:47:40', 'QUESTIONNAIRE_MIGRATION_2019', '2019-07-19 13:47:40', 'QUESTIONNAIRE_MIGRATION_2019'),
	(1069, 27, 27, 898, 4, 158, -1, 3, 1, 0, 0, '', '2019-07-19 13:47:40', 'QUESTIONNAIRE_MIGRATION_2019', '2019-07-19 13:47:40', 'QUESTIONNAIRE_MIGRATION_2019'),
	(1070, 27, 27, 899, 4, 158, -1, 3, 1, 0, 0, '', '2019-07-19 13:47:40', 'QUESTIONNAIRE_MIGRATION_2019', '2019-07-19 13:47:40', 'QUESTIONNAIRE_MIGRATION_2019'),
	(1071, 27, 27, 900, 4, 158, -1, 3, 1, 0, 0, '', '2019-07-19 13:47:40', 'QUESTIONNAIRE_MIGRATION_2019', '2019-07-19 13:47:40', 'QUESTIONNAIRE_MIGRATION_2019'),
	(1072, 27, 27, 901, 4, 158, -1, 3, 1, 0, 0, '', '2019-07-19 13:47:40', 'QUESTIONNAIRE_MIGRATION_2019', '2019-07-19 13:47:40', 'QUESTIONNAIRE_MIGRATION_2019'),
	(1073, 27, 27, 902, 4, 158, -1, 3, 1, 0, 0, '', '2019-07-19 13:47:40', 'QUESTIONNAIRE_MIGRATION_2019', '2019-07-19 13:47:40', 'QUESTIONNAIRE_MIGRATION_2019'),
	(1074, 27, 27, 903, 4, 158, -1, 3, 1, 0, 0, '', '2019-07-19 13:47:40', 'QUESTIONNAIRE_MIGRATION_2019', '2019-07-19 13:47:40', 'QUESTIONNAIRE_MIGRATION_2019'),
	(1075, 21, 21, 863, 4, 159, -1, 3, 1, 0, 0, '', '2019-07-19 13:47:40', 'QUESTIONNAIRE_MIGRATION_2019', '2019-07-19 13:47:40', 'QUESTIONNAIRE_MIGRATION_2019'),
	(1076, 21, 21, 864, 4, 159, -1, 3, 1, 0, 0, '', '2019-07-19 13:47:40', 'QUESTIONNAIRE_MIGRATION_2019', '2019-07-19 13:47:40', 'QUESTIONNAIRE_MIGRATION_2019'),
	(1077, 21, 21, 865, 4, 159, -1, 3, 1, 0, 0, '', '2019-07-19 13:47:40', 'QUESTIONNAIRE_MIGRATION_2019', '2019-07-19 13:47:40', 'QUESTIONNAIRE_MIGRATION_2019'),
	(1078, 21, 21, 866, 4, 159, -1, 3, 1, 0, 0, '', '2019-07-19 13:47:40', 'QUESTIONNAIRE_MIGRATION_2019', '2019-07-19 13:47:40', 'QUESTIONNAIRE_MIGRATION_2019'),
	(1079, 21, 21, 867, 4, 159, -1, 3, 1, 0, 0, '', '2019-07-19 13:47:40', 'QUESTIONNAIRE_MIGRATION_2019', '2019-07-19 13:47:40', 'QUESTIONNAIRE_MIGRATION_2019'),
	(1080, 25, 25, 869, 4, 160, -1, 3, 1, 0, 0, '', '2019-07-19 13:47:40', 'QUESTIONNAIRE_MIGRATION_2019', '2019-07-19 13:47:40', 'QUESTIONNAIRE_MIGRATION_2019'),
	(1081, 25, 25, 870, 3, 160, -1, 3, 1, 0, 0, '', '2019-07-19 13:47:40', 'QUESTIONNAIRE_MIGRATION_2019', '2019-07-19 13:47:40', 'QUESTIONNAIRE_MIGRATION_2019'),
	(1082, 25, 25, 871, 1, 160, -1, 3, 1, 0, 0, '', '2019-07-19 13:47:40', 'QUESTIONNAIRE_MIGRATION_2019', '2019-07-19 13:47:40', 'QUESTIONNAIRE_MIGRATION_2019'),
	(1083, 25, 25, 872, 3, 160, -1, 3, 1, 0, 0, '', '2019-07-19 13:47:40', 'QUESTIONNAIRE_MIGRATION_2019', '2019-07-19 13:47:40', 'QUESTIONNAIRE_MIGRATION_2019'),
	(1084, 25, 25, 873, 3, 160, -1, 3, 1, 0, 0, '', '2019-07-19 13:47:40', 'QUESTIONNAIRE_MIGRATION_2019', '2019-07-19 13:47:40', 'QUESTIONNAIRE_MIGRATION_2019'),
	(1085, 25, 25, 874, 4, 160, -1, 3, 1, 0, 0, '', '2019-07-19 13:47:40', 'QUESTIONNAIRE_MIGRATION_2019', '2019-07-19 13:47:40', 'QUESTIONNAIRE_MIGRATION_2019'),
	(1086, 25, 25, 875, 3, 160, -1, 3, 1, 0, 0, '', '2019-07-19 13:47:40', 'QUESTIONNAIRE_MIGRATION_2019', '2019-07-19 13:47:40', 'QUESTIONNAIRE_MIGRATION_2019'),
	(1087, 25, 25, 876, 4, 160, -1, 3, 1, 0, 0, '', '2019-07-19 13:47:40', 'QUESTIONNAIRE_MIGRATION_2019', '2019-07-19 13:47:40', 'QUESTIONNAIRE_MIGRATION_2019'),
	(1088, 25, 25, 877, 4, 160, -1, 3, 1, 0, 0, '', '2019-07-19 13:47:40', 'QUESTIONNAIRE_MIGRATION_2019', '2019-07-19 13:47:40', 'QUESTIONNAIRE_MIGRATION_2019'),
	(1089, 25, 25, 878, 3, 160, -1, 3, 1, 0, 0, '', '2019-07-19 13:47:40', 'QUESTIONNAIRE_MIGRATION_2019', '2019-07-19 13:47:40', 'QUESTIONNAIRE_MIGRATION_2019'),
	(1090, 25, 25, 879, 4, 160, -1, 3, 1, 0, 0, '', '2019-07-19 13:47:40', 'QUESTIONNAIRE_MIGRATION_2019', '2019-07-19 13:47:40', 'QUESTIONNAIRE_MIGRATION_2019'),
	(1091, 25, 25, 880, 4, 160, -1, 3, 1, 0, 0, '', '2019-07-19 13:47:40', 'QUESTIONNAIRE_MIGRATION_2019', '2019-07-19 13:47:40', 'QUESTIONNAIRE_MIGRATION_2019'),
	(1092, 25, 25, 881, 3, 160, -1, 3, 1, 0, 0, '', '2019-07-19 13:47:40', 'QUESTIONNAIRE_MIGRATION_2019', '2019-07-19 13:47:40', 'QUESTIONNAIRE_MIGRATION_2019'),
	(1093, 25, 25, 882, 3, 160, -1, 3, 1, 0, 0, '', '2019-07-19 13:47:40', 'QUESTIONNAIRE_MIGRATION_2019', '2019-07-19 13:47:40', 'QUESTIONNAIRE_MIGRATION_2019'),
	(1094, 25, 25, 883, 4, 160, -1, 3, 1, 0, 0, '', '2019-07-19 13:47:40', 'QUESTIONNAIRE_MIGRATION_2019', '2019-07-19 13:47:40', 'QUESTIONNAIRE_MIGRATION_2019'),
	(1095, 25, 25, 884, 3, 160, -1, 3, 1, 0, 0, '', '2019-07-19 13:47:40', 'QUESTIONNAIRE_MIGRATION_2019', '2019-07-19 13:47:40', 'QUESTIONNAIRE_MIGRATION_2019'),
	(1096, 11, 11, 823, 2, 161, -1, 3, 1, 0, 0, '', '2019-07-19 13:47:40', 'QUESTIONNAIRE_MIGRATION_2019', '2019-07-19 13:47:40', 'QUESTIONNAIRE_MIGRATION_2019'),
	(1097, 11, 11, 824, 2, 161, -1, 3, 1, 0, 0, '', '2019-07-19 13:47:40', 'QUESTIONNAIRE_MIGRATION_2019', '2019-07-19 13:47:40', 'QUESTIONNAIRE_MIGRATION_2019'),
	(1098, 11, 11, 811, 1, 161, -1, 3, 1, 0, 0, '', '2019-07-19 13:47:40', 'QUESTIONNAIRE_MIGRATION_2019', '2019-07-19 13:47:40', 'QUESTIONNAIRE_MIGRATION_2019'),
	(1099, 11, 11, 830, 3, 161, -1, 3, 1, 0, 0, '', '2019-07-19 13:47:40', 'QUESTIONNAIRE_MIGRATION_2019', '2019-07-19 13:47:40', 'QUESTIONNAIRE_MIGRATION_2019'),
	(1100, 11, 11, 832, 3, 161, -1, 3, 1, 0, 0, '', '2019-07-19 13:47:40', 'QUESTIONNAIRE_MIGRATION_2019', '2019-07-19 13:47:40', 'QUESTIONNAIRE_MIGRATION_2019'),
	(1101, 11, 11, 823, 2, 162, -1, 9, 1, 0, 0, '', '2019-07-19 13:47:40', 'QUESTIONNAIRE_MIGRATION_2019', '2019-07-19 13:47:40', 'QUESTIONNAIRE_MIGRATION_2019'),
	(1102, 11, 11, 824, 2, 162, -1, 9, 1, 0, 0, '', '2019-07-19 13:47:40', 'QUESTIONNAIRE_MIGRATION_2019', '2019-07-19 13:47:40', 'QUESTIONNAIRE_MIGRATION_2019'),
	(1103, 11, 11, 811, 1, 162, -1, 9, 1, 0, 0, '', '2019-07-19 13:47:40', 'QUESTIONNAIRE_MIGRATION_2019', '2019-07-19 13:47:40', 'QUESTIONNAIRE_MIGRATION_2019'),
	(1104, 11, 11, 830, 3, 162, -1, 9, 1, 0, 0, '', '2019-07-19 13:47:40', 'QUESTIONNAIRE_MIGRATION_2019', '2019-07-19 13:47:40', 'QUESTIONNAIRE_MIGRATION_2019'),
	(1105, 11, 11, 832, 3, 162, -1, 9, 1, 0, 0, '', '2019-07-19 13:47:40', 'QUESTIONNAIRE_MIGRATION_2019', '2019-07-19 13:47:40', 'QUESTIONNAIRE_MIGRATION_2019'),
	(1106, 11, 11, 823, 2, 163, -1, 9, 1, 0, 0, '', '2019-07-19 13:47:40', 'QUESTIONNAIRE_MIGRATION_2019', '2019-07-19 13:47:40', 'QUESTIONNAIRE_MIGRATION_2019'),
	(1107, 11, 11, 824, 2, 163, -1, 9, 1, 0, 0, '', '2019-07-19 13:47:40', 'QUESTIONNAIRE_MIGRATION_2019', '2019-07-19 13:47:40', 'QUESTIONNAIRE_MIGRATION_2019'),
	(1108, 11, 11, 811, 1, 163, -1, 9, 1, 0, 0, '', '2019-07-19 13:47:40', 'QUESTIONNAIRE_MIGRATION_2019', '2019-07-19 13:47:40', 'QUESTIONNAIRE_MIGRATION_2019'),
	(1109, 11, 11, 830, 3, 163, -1, 9, 1, 0, 0, '', '2019-07-19 13:47:40', 'QUESTIONNAIRE_MIGRATION_2019', '2019-07-19 13:47:40', 'QUESTIONNAIRE_MIGRATION_2019'),
	(1110, 11, 11, 832, 3, 163, -1, 9, 1, 0, 0, '', '2019-07-19 13:47:40', 'QUESTIONNAIRE_MIGRATION_2019', '2019-07-19 13:47:40', 'QUESTIONNAIRE_MIGRATION_2019'),
	(1111, 11, 11, 823, 2, 164, -1, 9, 1, 0, 0, '', '2019-07-19 13:47:40', 'QUESTIONNAIRE_MIGRATION_2019', '2019-07-19 13:47:40', 'QUESTIONNAIRE_MIGRATION_2019'),
	(1112, 11, 11, 824, 2, 164, -1, 9, 1, 0, 0, '', '2019-07-19 13:47:40', 'QUESTIONNAIRE_MIGRATION_2019', '2019-07-19 13:47:40', 'QUESTIONNAIRE_MIGRATION_2019'),
	(1113, 11, 11, 811, 1, 164, -1, 9, 1, 0, 0, '', '2019-07-19 13:47:40', 'QUESTIONNAIRE_MIGRATION_2019', '2019-07-19 13:47:40', 'QUESTIONNAIRE_MIGRATION_2019'),
	(1114, 11, 11, 830, 3, 164, -1, 9, 1, 0, 0, '', '2019-07-19 13:47:40', 'QUESTIONNAIRE_MIGRATION_2019', '2019-07-19 13:47:40', 'QUESTIONNAIRE_MIGRATION_2019'),
	(1115, 11, 11, 832, 3, 164, -1, 9, 1, 0, 0, '', '2019-07-19 13:47:40', 'QUESTIONNAIRE_MIGRATION_2019', '2019-07-19 13:47:40', 'QUESTIONNAIRE_MIGRATION_2019'),
	(1116, 11, 11, 823, 2, 165, -1, 9, 1, 0, 0, '', '2019-07-19 13:47:40', 'QUESTIONNAIRE_MIGRATION_2019', '2019-07-19 13:47:40', 'QUESTIONNAIRE_MIGRATION_2019'),
	(1117, 11, 11, 824, 2, 165, -1, 9, 1, 0, 0, '', '2019-07-19 13:47:40', 'QUESTIONNAIRE_MIGRATION_2019', '2019-07-19 13:47:40', 'QUESTIONNAIRE_MIGRATION_2019'),
	(1118, 11, 11, 811, 1, 165, -1, 9, 1, 0, 0, '', '2019-07-19 13:47:40', 'QUESTIONNAIRE_MIGRATION_2019', '2019-07-19 13:47:40', 'QUESTIONNAIRE_MIGRATION_2019'),
	(1119, 11, 11, 830, 3, 165, -1, 9, 1, 0, 0, '', '2019-07-19 13:47:40', 'QUESTIONNAIRE_MIGRATION_2019', '2019-07-19 13:47:40', 'QUESTIONNAIRE_MIGRATION_2019'),
	(1120, 11, 11, 832, 3, 165, -1, 9, 1, 0, 0, '', '2019-07-19 13:47:40', 'QUESTIONNAIRE_MIGRATION_2019', '2019-07-19 13:47:40', 'QUESTIONNAIRE_MIGRATION_2019'),
	(1121, 18, 18, 842, 2, 166, -1, 9, 1, 0, 0, '', '2019-07-19 13:47:40', 'QUESTIONNAIRE_MIGRATION_2019', '2019-07-19 13:47:40', 'QUESTIONNAIRE_MIGRATION_2019'),
	(1122, 18, 18, 843, 2, 166, -1, 9, 1, 0, 0, '', '2019-07-19 13:47:40', 'QUESTIONNAIRE_MIGRATION_2019', '2019-07-19 13:47:40', 'QUESTIONNAIRE_MIGRATION_2019'),
	(1123, 18, 18, 844, 2, 166, -1, 9, 1, 0, 0, '', '2019-07-19 13:47:40', 'QUESTIONNAIRE_MIGRATION_2019', '2019-07-19 13:47:40', 'QUESTIONNAIRE_MIGRATION_2019'),
	(1124, 18, 18, 845, 2, 166, -1, 9, 1, 0, 0, '', '2019-07-19 13:47:40', 'QUESTIONNAIRE_MIGRATION_2019', '2019-07-19 13:47:40', 'QUESTIONNAIRE_MIGRATION_2019'),
	(1125, 18, 18, 846, 2, 166, -1, 9, 1, 0, 0, '', '2019-07-19 13:47:40', 'QUESTIONNAIRE_MIGRATION_2019', '2019-07-19 13:47:40', 'QUESTIONNAIRE_MIGRATION_2019'),
	(1126, 18, 18, 847, 2, 166, -1, 9, 1, 0, 0, '', '2019-07-19 13:47:40', 'QUESTIONNAIRE_MIGRATION_2019', '2019-07-19 13:47:40', 'QUESTIONNAIRE_MIGRATION_2019'),
	(1127, 18, 18, 848, 2, 166, -1, 9, 1, 0, 0, '', '2019-07-19 13:47:40', 'QUESTIONNAIRE_MIGRATION_2019', '2019-07-19 13:47:40', 'QUESTIONNAIRE_MIGRATION_2019'),
	(1128, 18, 18, 849, 2, 166, -1, 9, 1, 0, 0, '', '2019-07-19 13:47:40', 'QUESTIONNAIRE_MIGRATION_2019', '2019-07-19 13:47:40', 'QUESTIONNAIRE_MIGRATION_2019'),
	(1129, 18, 18, 850, 2, 166, -1, 9, 1, 0, 0, '', '2019-07-19 13:47:40', 'QUESTIONNAIRE_MIGRATION_2019', '2019-07-19 13:47:40', 'QUESTIONNAIRE_MIGRATION_2019'),
	(1130, 18, 18, 851, 2, 166, -1, 9, 1, 0, 0, '', '2019-07-19 13:47:40', 'QUESTIONNAIRE_MIGRATION_2019', '2019-07-19 13:47:40', 'QUESTIONNAIRE_MIGRATION_2019'),
	(1131, 18, 18, 852, 2, 166, -1, 9, 1, 0, 0, '', '2019-07-19 13:47:40', 'QUESTIONNAIRE_MIGRATION_2019', '2019-07-19 13:47:40', 'QUESTIONNAIRE_MIGRATION_2019'),
	(1132, 11, 11, 823, 2, 167, -1, 9, 1, 0, 0, '', '2019-07-19 13:47:40', 'QUESTIONNAIRE_MIGRATION_2019', '2019-07-19 13:47:40', 'QUESTIONNAIRE_MIGRATION_2019'),
	(1133, 11, 11, 824, 2, 167, -1, 9, 1, 0, 0, '', '2019-07-19 13:47:40', 'QUESTIONNAIRE_MIGRATION_2019', '2019-07-19 13:47:40', 'QUESTIONNAIRE_MIGRATION_2019'),
	(1134, 11, 11, 811, 1, 167, -1, 9, 1, 0, 0, '', '2019-07-19 13:47:40', 'QUESTIONNAIRE_MIGRATION_2019', '2019-07-19 13:47:40', 'QUESTIONNAIRE_MIGRATION_2019'),
	(1135, 11, 11, 830, 3, 167, -1, 9, 1, 0, 0, '', '2019-07-19 13:47:40', 'QUESTIONNAIRE_MIGRATION_2019', '2019-07-19 13:47:40', 'QUESTIONNAIRE_MIGRATION_2019'),
	(1136, 11, 11, 832, 3, 167, -1, 9, 1, 0, 0, '', '2019-07-19 13:47:40', 'QUESTIONNAIRE_MIGRATION_2019', '2019-07-19 13:47:40', 'QUESTIONNAIRE_MIGRATION_2019'),
	(1137, 19, 19, 853, 2, 168, -1, 9, 1, 0, 0, '', '2019-07-19 13:47:40', 'QUESTIONNAIRE_MIGRATION_2019', '2019-07-19 13:47:40', 'QUESTIONNAIRE_MIGRATION_2019'),
	(1138, 19, 19, 854, 2, 168, -1, 9, 1, 0, 0, '', '2019-07-19 13:47:40', 'QUESTIONNAIRE_MIGRATION_2019', '2019-07-19 13:47:40', 'QUESTIONNAIRE_MIGRATION_2019'),
	(1139, 19, 19, 855, 4, 168, -1, 9, 1, 0, 0, '', '2019-07-19 13:47:40', 'QUESTIONNAIRE_MIGRATION_2019', '2019-07-19 13:47:40', 'QUESTIONNAIRE_MIGRATION_2019'),
	(1140, 19, 19, 856, 4, 168, -1, 9, 1, 0, 0, '', '2019-07-19 13:47:40', 'QUESTIONNAIRE_MIGRATION_2019', '2019-07-19 13:47:40', 'QUESTIONNAIRE_MIGRATION_2019'),
	(1141, 19, 19, 857, 1, 168, -1, 9, 1, 0, 0, '', '2019-07-19 13:47:40', 'QUESTIONNAIRE_MIGRATION_2019', '2019-07-19 13:47:40', 'QUESTIONNAIRE_MIGRATION_2019'),
	(1142, 19, 19, 858, 4, 168, -1, 9, 1, 0, 0, '', '2019-07-19 13:47:40', 'QUESTIONNAIRE_MIGRATION_2019', '2019-07-19 13:47:40', 'QUESTIONNAIRE_MIGRATION_2019'),
	(1143, 19, 19, 859, 3, 168, -1, 9, 1, 0, 0, '', '2019-07-19 13:47:40', 'QUESTIONNAIRE_MIGRATION_2019', '2019-07-19 13:47:40', 'QUESTIONNAIRE_MIGRATION_2019'),
	(1144, 19, 19, 853, 2, 169, -1, 9, 1, 0, 0, '', '2019-07-19 13:47:40', 'QUESTIONNAIRE_MIGRATION_2019', '2019-07-19 13:47:40', 'QUESTIONNAIRE_MIGRATION_2019'),
	(1145, 19, 19, 854, 2, 169, -1, 9, 1, 0, 0, '', '2019-07-19 13:47:40', 'QUESTIONNAIRE_MIGRATION_2019', '2019-07-19 13:47:40', 'QUESTIONNAIRE_MIGRATION_2019'),
	(1146, 19, 19, 855, 4, 169, -1, 9, 1, 0, 0, '', '2019-07-19 13:47:40', 'QUESTIONNAIRE_MIGRATION_2019', '2019-07-19 13:47:40', 'QUESTIONNAIRE_MIGRATION_2019'),
	(1147, 19, 19, 856, 4, 169, -1, 9, 1, 0, 0, '', '2019-07-19 13:47:40', 'QUESTIONNAIRE_MIGRATION_2019', '2019-07-19 13:47:40', 'QUESTIONNAIRE_MIGRATION_2019'),
	(1148, 19, 19, 857, 1, 169, -1, 9, 1, 0, 0, '', '2019-07-19 13:47:40', 'QUESTIONNAIRE_MIGRATION_2019', '2019-07-19 13:47:40', 'QUESTIONNAIRE_MIGRATION_2019'),
	(1149, 19, 19, 858, 4, 169, -1, 9, 1, 0, 0, '', '2019-07-19 13:47:40', 'QUESTIONNAIRE_MIGRATION_2019', '2019-07-19 13:47:40', 'QUESTIONNAIRE_MIGRATION_2019'),
	(1150, 19, 19, 859, 3, 169, -1, 9, 1, 0, 0, '', '2019-07-19 13:47:40', 'QUESTIONNAIRE_MIGRATION_2019', '2019-07-19 13:47:40', 'QUESTIONNAIRE_MIGRATION_2019'),
	(1151, 18, 18, 842, 2, 170, -1, 9, 1, 0, 0, '', '2019-07-19 13:47:40', 'QUESTIONNAIRE_MIGRATION_2019', '2019-07-19 13:47:40', 'QUESTIONNAIRE_MIGRATION_2019'),
	(1152, 18, 18, 843, 2, 170, -1, 9, 1, 0, 0, '', '2019-07-19 13:47:40', 'QUESTIONNAIRE_MIGRATION_2019', '2019-07-19 13:47:40', 'QUESTIONNAIRE_MIGRATION_2019'),
	(1153, 18, 18, 844, 2, 170, -1, 9, 1, 0, 0, '', '2019-07-19 13:47:40', 'QUESTIONNAIRE_MIGRATION_2019', '2019-07-19 13:47:40', 'QUESTIONNAIRE_MIGRATION_2019'),
	(1154, 18, 18, 845, 2, 170, -1, 9, 1, 0, 0, '', '2019-07-19 13:47:40', 'QUESTIONNAIRE_MIGRATION_2019', '2019-07-19 13:47:40', 'QUESTIONNAIRE_MIGRATION_2019'),
	(1155, 18, 18, 846, 2, 170, -1, 9, 1, 0, 0, '', '2019-07-19 13:47:40', 'QUESTIONNAIRE_MIGRATION_2019', '2019-07-19 13:47:40', 'QUESTIONNAIRE_MIGRATION_2019'),
	(1156, 18, 18, 847, 2, 170, -1, 9, 1, 0, 0, '', '2019-07-19 13:47:40', 'QUESTIONNAIRE_MIGRATION_2019', '2019-07-19 13:47:40', 'QUESTIONNAIRE_MIGRATION_2019'),
	(1157, 18, 18, 848, 2, 170, -1, 9, 1, 0, 0, '', '2019-07-19 13:47:40', 'QUESTIONNAIRE_MIGRATION_2019', '2019-07-19 13:47:40', 'QUESTIONNAIRE_MIGRATION_2019'),
	(1158, 18, 18, 849, 2, 170, -1, 9, 1, 0, 0, '', '2019-07-19 13:47:40', 'QUESTIONNAIRE_MIGRATION_2019', '2019-07-19 13:47:40', 'QUESTIONNAIRE_MIGRATION_2019'),
	(1159, 18, 18, 850, 2, 170, -1, 9, 1, 0, 0, '', '2019-07-19 13:47:40', 'QUESTIONNAIRE_MIGRATION_2019', '2019-07-19 13:47:40', 'QUESTIONNAIRE_MIGRATION_2019'),
	(1160, 18, 18, 851, 2, 170, -1, 9, 1, 0, 0, '', '2019-07-19 13:47:40', 'QUESTIONNAIRE_MIGRATION_2019', '2019-07-19 13:47:40', 'QUESTIONNAIRE_MIGRATION_2019'),
	(1161, 18, 18, 852, 2, 170, -1, 9, 1, 0, 0, '', '2019-07-19 13:47:40', 'QUESTIONNAIRE_MIGRATION_2019', '2019-07-19 13:47:40', 'QUESTIONNAIRE_MIGRATION_2019'),
	(1162, 19, 19, 853, 2, 171, -1, 9, 1, 0, 0, '', '2019-07-19 13:47:40', 'QUESTIONNAIRE_MIGRATION_2019', '2019-07-19 13:47:40', 'QUESTIONNAIRE_MIGRATION_2019'),
	(1163, 19, 19, 854, 2, 171, -1, 9, 1, 0, 0, '', '2019-07-19 13:47:40', 'QUESTIONNAIRE_MIGRATION_2019', '2019-07-19 13:47:40', 'QUESTIONNAIRE_MIGRATION_2019'),
	(1164, 19, 19, 855, 4, 171, -1, 9, 1, 0, 0, '', '2019-07-19 13:47:40', 'QUESTIONNAIRE_MIGRATION_2019', '2019-07-19 13:47:40', 'QUESTIONNAIRE_MIGRATION_2019'),
	(1165, 19, 19, 856, 4, 171, -1, 9, 1, 0, 0, '', '2019-07-19 13:47:40', 'QUESTIONNAIRE_MIGRATION_2019', '2019-07-19 13:47:40', 'QUESTIONNAIRE_MIGRATION_2019'),
	(1166, 19, 19, 857, 1, 171, -1, 9, 1, 0, 0, '', '2019-07-19 13:47:40', 'QUESTIONNAIRE_MIGRATION_2019', '2019-07-19 13:47:40', 'QUESTIONNAIRE_MIGRATION_2019'),
	(1167, 19, 19, 858, 4, 171, -1, 9, 1, 0, 0, '', '2019-07-19 13:47:40', 'QUESTIONNAIRE_MIGRATION_2019', '2019-07-19 13:47:40', 'QUESTIONNAIRE_MIGRATION_2019'),
	(1168, 12, 12, 793, 2, 172, -1, 9, 1, 0, 0, '', '2019-07-19 13:47:40', 'QUESTIONNAIRE_MIGRATION_2019', '2019-07-19 13:47:40', 'QUESTIONNAIRE_MIGRATION_2019'),
	(1169, 12, 12, 794, 2, 172, -1, 9, 1, 0, 0, '', '2019-07-19 13:47:40', 'QUESTIONNAIRE_MIGRATION_2019', '2019-07-19 13:47:40', 'QUESTIONNAIRE_MIGRATION_2019'),
	(1170, 12, 12, 795, 2, 172, -1, 9, 1, 0, 0, '', '2019-07-19 13:47:40', 'QUESTIONNAIRE_MIGRATION_2019', '2019-07-19 13:47:40', 'QUESTIONNAIRE_MIGRATION_2019'),
	(1171, 12, 12, 791, 2, 172, -1, 9, 1, 0, 0, '', '2019-07-19 13:47:40', 'QUESTIONNAIRE_MIGRATION_2019', '2019-07-19 13:47:40', 'QUESTIONNAIRE_MIGRATION_2019'),
	(1172, 12, 12, 796, 2, 172, -1, 9, 1, 0, 0, '', '2019-07-19 13:47:40', 'QUESTIONNAIRE_MIGRATION_2019', '2019-07-19 13:47:40', 'QUESTIONNAIRE_MIGRATION_2019'),
	(1173, 12, 12, 792, 2, 172, -1, 9, 1, 0, 0, '', '2019-07-19 13:47:40', 'QUESTIONNAIRE_MIGRATION_2019', '2019-07-19 13:47:40', 'QUESTIONNAIRE_MIGRATION_2019'),
	(1174, 12, 12, 799, 2, 172, -1, 9, 1, 0, 0, '', '2019-07-19 13:47:40', 'QUESTIONNAIRE_MIGRATION_2019', '2019-07-19 13:47:40', 'QUESTIONNAIRE_MIGRATION_2019'),
	(1175, 12, 12, 797, 2, 172, -1, 9, 1, 0, 0, '', '2019-07-19 13:47:40', 'QUESTIONNAIRE_MIGRATION_2019', '2019-07-19 13:47:40', 'QUESTIONNAIRE_MIGRATION_2019'),
	(1176, 12, 12, 798, 2, 172, -1, 9, 1, 0, 0, '', '2019-07-19 13:47:40', 'QUESTIONNAIRE_MIGRATION_2019', '2019-07-19 13:47:40', 'QUESTIONNAIRE_MIGRATION_2019'),
	(1177, 12, 12, 793, 2, 173, -1, 9, 1, 0, 0, '', '2019-07-19 13:47:40', 'QUESTIONNAIRE_MIGRATION_2019', '2019-07-19 13:47:40', 'QUESTIONNAIRE_MIGRATION_2019'),
	(1178, 12, 12, 794, 2, 173, -1, 9, 1, 0, 0, '', '2019-07-19 13:47:40', 'QUESTIONNAIRE_MIGRATION_2019', '2019-07-19 13:47:40', 'QUESTIONNAIRE_MIGRATION_2019'),
	(1179, 12, 12, 795, 2, 173, -1, 9, 1, 0, 0, '', '2019-07-19 13:47:40', 'QUESTIONNAIRE_MIGRATION_2019', '2019-07-19 13:47:40', 'QUESTIONNAIRE_MIGRATION_2019'),
	(1180, 12, 12, 791, 2, 173, -1, 9, 1, 0, 0, '', '2019-07-19 13:47:40', 'QUESTIONNAIRE_MIGRATION_2019', '2019-07-19 13:47:40', 'QUESTIONNAIRE_MIGRATION_2019'),
	(1181, 12, 12, 796, 2, 173, -1, 9, 1, 0, 0, '', '2019-07-19 13:47:40', 'QUESTIONNAIRE_MIGRATION_2019', '2019-07-19 13:47:40', 'QUESTIONNAIRE_MIGRATION_2019'),
	(1182, 12, 12, 792, 2, 173, -1, 9, 1, 0, 0, '', '2019-07-19 13:47:40', 'QUESTIONNAIRE_MIGRATION_2019', '2019-07-19 13:47:40', 'QUESTIONNAIRE_MIGRATION_2019'),
	(1183, 12, 12, 799, 2, 173, -1, 9, 1, 0, 0, '', '2019-07-19 13:47:40', 'QUESTIONNAIRE_MIGRATION_2019', '2019-07-19 13:47:40', 'QUESTIONNAIRE_MIGRATION_2019'),
	(1184, 12, 12, 797, 2, 173, -1, 9, 1, 0, 0, '', '2019-07-19 13:47:40', 'QUESTIONNAIRE_MIGRATION_2019', '2019-07-19 13:47:40', 'QUESTIONNAIRE_MIGRATION_2019'),
	(1185, 12, 12, 798, 2, 173, -1, 9, 1, 0, 0, '', '2019-07-19 13:47:40', 'QUESTIONNAIRE_MIGRATION_2019', '2019-07-19 13:47:40', 'QUESTIONNAIRE_MIGRATION_2019'),
	(1186, 19, 19, 853, 2, 174, -1, 9, 1, 0, 0, '', '2019-07-19 13:47:40', 'QUESTIONNAIRE_MIGRATION_2019', '2019-07-19 13:47:40', 'QUESTIONNAIRE_MIGRATION_2019'),
	(1187, 19, 19, 854, 2, 174, -1, 9, 1, 0, 0, '', '2019-07-19 13:47:40', 'QUESTIONNAIRE_MIGRATION_2019', '2019-07-19 13:47:40', 'QUESTIONNAIRE_MIGRATION_2019'),
	(1188, 19, 19, 855, 4, 174, -1, 9, 1, 0, 0, '', '2019-07-19 13:47:40', 'QUESTIONNAIRE_MIGRATION_2019', '2019-07-19 13:47:40', 'QUESTIONNAIRE_MIGRATION_2019'),
	(1189, 19, 19, 856, 4, 174, -1, 9, 1, 0, 0, '', '2019-07-19 13:47:40', 'QUESTIONNAIRE_MIGRATION_2019', '2019-07-19 13:47:40', 'QUESTIONNAIRE_MIGRATION_2019'),
	(1190, 19, 19, 857, 1, 174, -1, 9, 1, 0, 0, '', '2019-07-19 13:47:40', 'QUESTIONNAIRE_MIGRATION_2019', '2019-07-19 13:47:40', 'QUESTIONNAIRE_MIGRATION_2019'),
	(1191, 19, 19, 859, 3, 174, -1, 9, 1, 0, 0, '', '2019-07-19 13:47:40', 'QUESTIONNAIRE_MIGRATION_2019', '2019-07-19 13:47:40', 'QUESTIONNAIRE_MIGRATION_2019'),
	(1192, 19, 19, 853, 2, 175, -1, 9, 1, 0, 0, '', '2019-07-19 13:47:40', 'QUESTIONNAIRE_MIGRATION_2019', '2019-07-19 13:47:40', 'QUESTIONNAIRE_MIGRATION_2019'),
	(1193, 19, 19, 854, 2, 175, -1, 9, 1, 0, 0, '', '2019-07-19 13:47:40', 'QUESTIONNAIRE_MIGRATION_2019', '2019-07-19 13:47:40', 'QUESTIONNAIRE_MIGRATION_2019'),
	(1194, 19, 19, 855, 4, 175, -1, 9, 1, 0, 0, '', '2019-07-19 13:47:40', 'QUESTIONNAIRE_MIGRATION_2019', '2019-07-19 13:47:40', 'QUESTIONNAIRE_MIGRATION_2019'),
	(1195, 19, 19, 856, 4, 175, -1, 9, 1, 0, 0, '', '2019-07-19 13:47:40', 'QUESTIONNAIRE_MIGRATION_2019', '2019-07-19 13:47:40', 'QUESTIONNAIRE_MIGRATION_2019'),
	(1196, 19, 19, 857, 1, 175, -1, 9, 1, 0, 0, '', '2019-07-19 13:47:40', 'QUESTIONNAIRE_MIGRATION_2019', '2019-07-19 13:47:40', 'QUESTIONNAIRE_MIGRATION_2019'),
	(1197, 19, 19, 859, 3, 175, -1, 9, 1, 0, 0, '', '2019-07-19 13:47:40', 'QUESTIONNAIRE_MIGRATION_2019', '2019-07-19 13:47:40', 'QUESTIONNAIRE_MIGRATION_2019'),
	(1198, 11, 11, 823, 2, 176, -1, 9, 1, 0, 0, '', '2019-07-19 13:47:40', 'QUESTIONNAIRE_MIGRATION_2019', '2019-07-19 13:47:40', 'QUESTIONNAIRE_MIGRATION_2019'),
	(1199, 11, 11, 824, 2, 176, -1, 9, 1, 0, 0, '', '2019-07-19 13:47:40', 'QUESTIONNAIRE_MIGRATION_2019', '2019-07-19 13:47:40', 'QUESTIONNAIRE_MIGRATION_2019'),
	(1200, 11, 11, 811, 1, 176, -1, 9, 1, 0, 0, '', '2019-07-19 13:47:40', 'QUESTIONNAIRE_MIGRATION_2019', '2019-07-19 13:47:40', 'QUESTIONNAIRE_MIGRATION_2019'),
	(1201, 11, 11, 830, 3, 176, -1, 9, 1, 0, 0, '', '2019-07-19 13:47:40', 'QUESTIONNAIRE_MIGRATION_2019', '2019-07-19 13:47:40', 'QUESTIONNAIRE_MIGRATION_2019'),
	(1202, 11, 11, 832, 3, 176, -1, 9, 1, 0, 0, '', '2019-07-19 13:47:40', 'QUESTIONNAIRE_MIGRATION_2019', '2019-07-19 13:47:40', 'QUESTIONNAIRE_MIGRATION_2019'),
	(1203, 18, 18, 842, 2, 177, -1, 9, 1, 0, 0, '', '2019-07-19 13:47:40', 'QUESTIONNAIRE_MIGRATION_2019', '2019-07-19 13:47:40', 'QUESTIONNAIRE_MIGRATION_2019'),
	(1204, 18, 18, 843, 2, 177, -1, 9, 1, 0, 0, '', '2019-07-19 13:47:40', 'QUESTIONNAIRE_MIGRATION_2019', '2019-07-19 13:47:40', 'QUESTIONNAIRE_MIGRATION_2019'),
	(1205, 18, 18, 844, 2, 177, -1, 9, 1, 0, 0, '', '2019-07-19 13:47:40', 'QUESTIONNAIRE_MIGRATION_2019', '2019-07-19 13:47:40', 'QUESTIONNAIRE_MIGRATION_2019'),
	(1206, 18, 18, 845, 2, 177, -1, 9, 1, 0, 0, '', '2019-07-19 13:47:40', 'QUESTIONNAIRE_MIGRATION_2019', '2019-07-19 13:47:40', 'QUESTIONNAIRE_MIGRATION_2019'),
	(1207, 18, 18, 846, 2, 177, -1, 9, 1, 0, 0, '', '2019-07-19 13:47:40', 'QUESTIONNAIRE_MIGRATION_2019', '2019-07-19 13:47:40', 'QUESTIONNAIRE_MIGRATION_2019'),
	(1208, 18, 18, 847, 2, 177, -1, 9, 1, 0, 0, '', '2019-07-19 13:47:40', 'QUESTIONNAIRE_MIGRATION_2019', '2019-07-19 13:47:40', 'QUESTIONNAIRE_MIGRATION_2019'),
	(1209, 18, 18, 848, 2, 177, -1, 9, 1, 0, 0, '', '2019-07-19 13:47:40', 'QUESTIONNAIRE_MIGRATION_2019', '2019-07-19 13:47:40', 'QUESTIONNAIRE_MIGRATION_2019'),
	(1210, 18, 18, 849, 2, 177, -1, 9, 1, 0, 0, '', '2019-07-19 13:47:40', 'QUESTIONNAIRE_MIGRATION_2019', '2019-07-19 13:47:40', 'QUESTIONNAIRE_MIGRATION_2019'),
	(1211, 18, 18, 850, 2, 177, -1, 9, 1, 0, 0, '', '2019-07-19 13:47:40', 'QUESTIONNAIRE_MIGRATION_2019', '2019-07-19 13:47:40', 'QUESTIONNAIRE_MIGRATION_2019'),
	(1212, 18, 18, 851, 2, 177, -1, 9, 1, 0, 0, '', '2019-07-19 13:47:40', 'QUESTIONNAIRE_MIGRATION_2019', '2019-07-19 13:47:40', 'QUESTIONNAIRE_MIGRATION_2019'),
	(1213, 18, 18, 852, 2, 177, -1, 9, 1, 0, 0, '', '2019-07-19 13:47:40', 'QUESTIONNAIRE_MIGRATION_2019', '2019-07-19 13:47:40', 'QUESTIONNAIRE_MIGRATION_2019'),
	(1214, 18, 18, 842, 2, 178, -1, 9, 1, 0, 0, '', '2019-07-19 13:47:40', 'QUESTIONNAIRE_MIGRATION_2019', '2019-07-19 13:47:40', 'QUESTIONNAIRE_MIGRATION_2019'),
	(1215, 18, 18, 843, 2, 178, -1, 9, 1, 0, 0, '', '2019-07-19 13:47:40', 'QUESTIONNAIRE_MIGRATION_2019', '2019-07-19 13:47:40', 'QUESTIONNAIRE_MIGRATION_2019'),
	(1216, 18, 18, 844, 2, 178, -1, 9, 1, 0, 0, '', '2019-07-19 13:47:40', 'QUESTIONNAIRE_MIGRATION_2019', '2019-07-19 13:47:40', 'QUESTIONNAIRE_MIGRATION_2019'),
	(1217, 18, 18, 845, 2, 178, -1, 9, 1, 0, 0, '', '2019-07-19 13:47:40', 'QUESTIONNAIRE_MIGRATION_2019', '2019-07-19 13:47:40', 'QUESTIONNAIRE_MIGRATION_2019'),
	(1218, 18, 18, 846, 2, 178, -1, 9, 1, 0, 0, '', '2019-07-19 13:47:40', 'QUESTIONNAIRE_MIGRATION_2019', '2019-07-19 13:47:40', 'QUESTIONNAIRE_MIGRATION_2019'),
	(1219, 18, 18, 847, 2, 178, -1, 9, 1, 0, 0, '', '2019-07-19 13:47:40', 'QUESTIONNAIRE_MIGRATION_2019', '2019-07-19 13:47:40', 'QUESTIONNAIRE_MIGRATION_2019'),
	(1220, 18, 18, 848, 2, 178, -1, 9, 1, 0, 0, '', '2019-07-19 13:47:40', 'QUESTIONNAIRE_MIGRATION_2019', '2019-07-19 13:47:40', 'QUESTIONNAIRE_MIGRATION_2019'),
	(1221, 18, 18, 849, 2, 178, -1, 9, 1, 0, 0, '', '2019-07-19 13:47:40', 'QUESTIONNAIRE_MIGRATION_2019', '2019-07-19 13:47:40', 'QUESTIONNAIRE_MIGRATION_2019'),
	(1222, 18, 18, 850, 2, 178, -1, 9, 1, 0, 0, '', '2019-07-19 13:47:40', 'QUESTIONNAIRE_MIGRATION_2019', '2019-07-19 13:47:40', 'QUESTIONNAIRE_MIGRATION_2019'),
	(1223, 18, 18, 851, 2, 178, -1, 9, 1, 0, 0, '', '2019-07-19 13:47:40', 'QUESTIONNAIRE_MIGRATION_2019', '2019-07-19 13:47:40', 'QUESTIONNAIRE_MIGRATION_2019'),
	(1224, 18, 18, 852, 2, 178, -1, 9, 1, 0, 0, '', '2019-07-19 13:47:40', 'QUESTIONNAIRE_MIGRATION_2019', '2019-07-19 13:47:40', 'QUESTIONNAIRE_MIGRATION_2019'),
	(1225, 19, 19, 853, 2, 179, -1, 9, 1, 0, 0, '', '2019-07-19 13:47:40', 'QUESTIONNAIRE_MIGRATION_2019', '2019-07-19 13:47:40', 'QUESTIONNAIRE_MIGRATION_2019'),
	(1226, 19, 19, 854, 2, 179, -1, 9, 1, 0, 0, '', '2019-07-19 13:47:40', 'QUESTIONNAIRE_MIGRATION_2019', '2019-07-19 13:47:40', 'QUESTIONNAIRE_MIGRATION_2019'),
	(1227, 19, 19, 855, 4, 179, -1, 9, 1, 0, 0, '', '2019-07-19 13:47:40', 'QUESTIONNAIRE_MIGRATION_2019', '2019-07-19 13:47:40', 'QUESTIONNAIRE_MIGRATION_2019'),
	(1228, 19, 19, 856, 4, 179, -1, 9, 1, 0, 0, '', '2019-07-19 13:47:40', 'QUESTIONNAIRE_MIGRATION_2019', '2019-07-19 13:47:40', 'QUESTIONNAIRE_MIGRATION_2019'),
	(1229, 19, 19, 857, 1, 179, -1, 9, 1, 0, 0, '', '2019-07-19 13:47:40', 'QUESTIONNAIRE_MIGRATION_2019', '2019-07-19 13:47:40', 'QUESTIONNAIRE_MIGRATION_2019'),
	(1230, 19, 19, 858, 4, 179, -1, 9, 1, 0, 0, '', '2019-07-19 13:47:40', 'QUESTIONNAIRE_MIGRATION_2019', '2019-07-19 13:47:40', 'QUESTIONNAIRE_MIGRATION_2019'),
	(1231, 19, 19, 859, 3, 179, -1, 9, 1, 0, 0, '', '2019-07-19 13:47:40', 'QUESTIONNAIRE_MIGRATION_2019', '2019-07-19 13:47:40', 'QUESTIONNAIRE_MIGRATION_2019'),
	(1232, 19, 19, 853, 2, 180, -1, 9, 1, 0, 0, '', '2019-07-19 13:47:40', 'QUESTIONNAIRE_MIGRATION_2019', '2019-07-19 13:47:40', 'QUESTIONNAIRE_MIGRATION_2019'),
	(1233, 19, 19, 854, 2, 180, -1, 9, 1, 0, 0, '', '2019-07-19 13:47:40', 'QUESTIONNAIRE_MIGRATION_2019', '2019-07-19 13:47:40', 'QUESTIONNAIRE_MIGRATION_2019'),
	(1234, 19, 19, 855, 4, 180, -1, 9, 1, 0, 0, '', '2019-07-19 13:47:40', 'QUESTIONNAIRE_MIGRATION_2019', '2019-07-19 13:47:40', 'QUESTIONNAIRE_MIGRATION_2019'),
	(1235, 19, 19, 856, 4, 180, -1, 9, 1, 0, 0, '', '2019-07-19 13:47:40', 'QUESTIONNAIRE_MIGRATION_2019', '2019-07-19 13:47:40', 'QUESTIONNAIRE_MIGRATION_2019'),
	(1236, 19, 19, 857, 1, 180, -1, 9, 1, 0, 0, '', '2019-07-19 13:47:40', 'QUESTIONNAIRE_MIGRATION_2019', '2019-07-19 13:47:40', 'QUESTIONNAIRE_MIGRATION_2019'),
	(1237, 19, 19, 858, 4, 180, -1, 9, 1, 0, 0, '', '2019-07-19 13:47:40', 'QUESTIONNAIRE_MIGRATION_2019', '2019-07-19 13:47:40', 'QUESTIONNAIRE_MIGRATION_2019'),
	(1238, 19, 19, 859, 3, 180, -1, 9, 1, 0, 0, '', '2019-07-19 13:47:40', 'QUESTIONNAIRE_MIGRATION_2019', '2019-07-19 13:47:40', 'QUESTIONNAIRE_MIGRATION_2019'),
	(1239, 18, 18, 842, 2, 181, -1, 9, 1, 0, 0, '', '2019-07-19 13:47:40', 'QUESTIONNAIRE_MIGRATION_2019', '2019-07-19 13:47:40', 'QUESTIONNAIRE_MIGRATION_2019'),
	(1240, 18, 18, 843, 2, 181, -1, 9, 1, 0, 0, '', '2019-07-19 13:47:40', 'QUESTIONNAIRE_MIGRATION_2019', '2019-07-19 13:47:40', 'QUESTIONNAIRE_MIGRATION_2019'),
	(1241, 18, 18, 844, 2, 181, -1, 9, 1, 0, 0, '', '2019-07-19 13:47:40', 'QUESTIONNAIRE_MIGRATION_2019', '2019-07-19 13:47:40', 'QUESTIONNAIRE_MIGRATION_2019'),
	(1242, 18, 18, 845, 2, 181, -1, 9, 1, 0, 0, '', '2019-07-19 13:47:40', 'QUESTIONNAIRE_MIGRATION_2019', '2019-07-19 13:47:40', 'QUESTIONNAIRE_MIGRATION_2019'),
	(1243, 18, 18, 846, 2, 181, -1, 9, 1, 0, 0, '', '2019-07-19 13:47:40', 'QUESTIONNAIRE_MIGRATION_2019', '2019-07-19 13:47:40', 'QUESTIONNAIRE_MIGRATION_2019'),
	(1244, 18, 18, 847, 2, 181, -1, 9, 1, 0, 0, '', '2019-07-19 13:47:40', 'QUESTIONNAIRE_MIGRATION_2019', '2019-07-19 13:47:40', 'QUESTIONNAIRE_MIGRATION_2019'),
	(1245, 18, 18, 848, 2, 181, -1, 9, 1, 0, 0, '', '2019-07-19 13:47:40', 'QUESTIONNAIRE_MIGRATION_2019', '2019-07-19 13:47:40', 'QUESTIONNAIRE_MIGRATION_2019'),
	(1246, 18, 18, 849, 2, 181, -1, 9, 1, 0, 0, '', '2019-07-19 13:47:40', 'QUESTIONNAIRE_MIGRATION_2019', '2019-07-19 13:47:40', 'QUESTIONNAIRE_MIGRATION_2019'),
	(1247, 18, 18, 850, 2, 181, -1, 9, 1, 0, 0, '', '2019-07-19 13:47:40', 'QUESTIONNAIRE_MIGRATION_2019', '2019-07-19 13:47:40', 'QUESTIONNAIRE_MIGRATION_2019'),
	(1248, 18, 18, 851, 2, 181, -1, 9, 1, 0, 0, '', '2019-07-19 13:47:40', 'QUESTIONNAIRE_MIGRATION_2019', '2019-07-19 13:47:40', 'QUESTIONNAIRE_MIGRATION_2019'),
	(1249, 18, 18, 852, 2, 181, -1, 9, 1, 0, 0, '', '2019-07-19 13:47:40', 'QUESTIONNAIRE_MIGRATION_2019', '2019-07-19 13:47:40', 'QUESTIONNAIRE_MIGRATION_2019'),
	(1250, 18, 18, 842, 2, 182, -1, 9, 1, 0, 0, '', '2019-07-19 13:47:40', 'QUESTIONNAIRE_MIGRATION_2019', '2019-07-19 13:47:40', 'QUESTIONNAIRE_MIGRATION_2019'),
	(1251, 18, 18, 843, 2, 182, -1, 9, 1, 0, 0, '', '2019-07-19 13:47:40', 'QUESTIONNAIRE_MIGRATION_2019', '2019-07-19 13:47:40', 'QUESTIONNAIRE_MIGRATION_2019'),
	(1252, 18, 18, 844, 2, 182, -1, 9, 1, 0, 0, '', '2019-07-19 13:47:40', 'QUESTIONNAIRE_MIGRATION_2019', '2019-07-19 13:47:40', 'QUESTIONNAIRE_MIGRATION_2019'),
	(1253, 18, 18, 845, 2, 182, -1, 9, 1, 0, 0, '', '2019-07-19 13:47:40', 'QUESTIONNAIRE_MIGRATION_2019', '2019-07-19 13:47:40', 'QUESTIONNAIRE_MIGRATION_2019'),
	(1254, 18, 18, 846, 2, 182, -1, 9, 1, 0, 0, '', '2019-07-19 13:47:40', 'QUESTIONNAIRE_MIGRATION_2019', '2019-07-19 13:47:40', 'QUESTIONNAIRE_MIGRATION_2019'),
	(1255, 18, 18, 847, 2, 182, -1, 9, 1, 0, 0, '', '2019-07-19 13:47:40', 'QUESTIONNAIRE_MIGRATION_2019', '2019-07-19 13:47:40', 'QUESTIONNAIRE_MIGRATION_2019'),
	(1256, 18, 18, 848, 2, 182, -1, 9, 1, 0, 0, '', '2019-07-19 13:47:40', 'QUESTIONNAIRE_MIGRATION_2019', '2019-07-19 13:47:40', 'QUESTIONNAIRE_MIGRATION_2019'),
	(1257, 18, 18, 849, 2, 182, -1, 9, 1, 0, 0, '', '2019-07-19 13:47:40', 'QUESTIONNAIRE_MIGRATION_2019', '2019-07-19 13:47:40', 'QUESTIONNAIRE_MIGRATION_2019'),
	(1258, 18, 18, 850, 2, 182, -1, 9, 1, 0, 0, '', '2019-07-19 13:47:40', 'QUESTIONNAIRE_MIGRATION_2019', '2019-07-19 13:47:40', 'QUESTIONNAIRE_MIGRATION_2019'),
	(1259, 18, 18, 851, 2, 182, -1, 9, 1, 0, 0, '', '2019-07-19 13:47:40', 'QUESTIONNAIRE_MIGRATION_2019', '2019-07-19 13:47:40', 'QUESTIONNAIRE_MIGRATION_2019'),
	(1260, 18, 18, 852, 2, 182, -1, 9, 1, 0, 0, '', '2019-07-19 13:47:40', 'QUESTIONNAIRE_MIGRATION_2019', '2019-07-19 13:47:40', 'QUESTIONNAIRE_MIGRATION_2019'),
	(1261, 18, 18, 842, 2, 183, -1, 9, 1, 0, 0, '', '2019-07-19 13:47:40', 'QUESTIONNAIRE_MIGRATION_2019', '2019-07-19 13:47:40', 'QUESTIONNAIRE_MIGRATION_2019'),
	(1262, 18, 18, 843, 2, 183, -1, 9, 1, 0, 0, '', '2019-07-19 13:47:40', 'QUESTIONNAIRE_MIGRATION_2019', '2019-07-19 13:47:40', 'QUESTIONNAIRE_MIGRATION_2019'),
	(1263, 18, 18, 844, 2, 183, -1, 9, 1, 0, 0, '', '2019-07-19 13:47:40', 'QUESTIONNAIRE_MIGRATION_2019', '2019-07-19 13:47:40', 'QUESTIONNAIRE_MIGRATION_2019'),
	(1264, 18, 18, 845, 2, 183, -1, 9, 1, 0, 0, '', '2019-07-19 13:47:40', 'QUESTIONNAIRE_MIGRATION_2019', '2019-07-19 13:47:40', 'QUESTIONNAIRE_MIGRATION_2019'),
	(1265, 18, 18, 846, 2, 183, -1, 9, 1, 0, 0, '', '2019-07-19 13:47:40', 'QUESTIONNAIRE_MIGRATION_2019', '2019-07-19 13:47:40', 'QUESTIONNAIRE_MIGRATION_2019'),
	(1266, 18, 18, 847, 2, 183, -1, 9, 1, 0, 0, '', '2019-07-19 13:47:40', 'QUESTIONNAIRE_MIGRATION_2019', '2019-07-19 13:47:40', 'QUESTIONNAIRE_MIGRATION_2019'),
	(1267, 18, 18, 848, 2, 183, -1, 9, 1, 0, 0, '', '2019-07-19 13:47:40', 'QUESTIONNAIRE_MIGRATION_2019', '2019-07-19 13:47:40', 'QUESTIONNAIRE_MIGRATION_2019'),
	(1268, 18, 18, 849, 2, 183, -1, 9, 1, 0, 0, '', '2019-07-19 13:47:40', 'QUESTIONNAIRE_MIGRATION_2019', '2019-07-19 13:47:40', 'QUESTIONNAIRE_MIGRATION_2019'),
	(1269, 18, 18, 850, 2, 183, -1, 9, 1, 0, 0, '', '2019-07-19 13:47:40', 'QUESTIONNAIRE_MIGRATION_2019', '2019-07-19 13:47:40', 'QUESTIONNAIRE_MIGRATION_2019'),
	(1270, 18, 18, 851, 2, 183, -1, 9, 1, 0, 0, '', '2019-07-19 13:47:41', 'QUESTIONNAIRE_MIGRATION_2019', '2019-07-19 13:47:41', 'QUESTIONNAIRE_MIGRATION_2019'),
	(1271, 18, 18, 852, 2, 183, -1, 9, 1, 0, 0, '', '2019-07-19 13:47:41', 'QUESTIONNAIRE_MIGRATION_2019', '2019-07-19 13:47:41', 'QUESTIONNAIRE_MIGRATION_2019'),
	(1272, 12, 12, 793, 2, 184, -1, 9, 1, 0, 0, '', '2019-07-19 13:47:41', 'QUESTIONNAIRE_MIGRATION_2019', '2019-07-19 13:47:41', 'QUESTIONNAIRE_MIGRATION_2019'),
	(1273, 12, 12, 794, 2, 184, -1, 9, 1, 0, 0, '', '2019-07-19 13:47:41', 'QUESTIONNAIRE_MIGRATION_2019', '2019-07-19 13:47:41', 'QUESTIONNAIRE_MIGRATION_2019'),
	(1274, 12, 12, 795, 2, 184, -1, 9, 1, 0, 0, '', '2019-07-19 13:47:41', 'QUESTIONNAIRE_MIGRATION_2019', '2019-07-19 13:47:41', 'QUESTIONNAIRE_MIGRATION_2019'),
	(1275, 12, 12, 791, 2, 184, -1, 9, 1, 0, 0, '', '2019-07-19 13:47:41', 'QUESTIONNAIRE_MIGRATION_2019', '2019-07-19 13:47:41', 'QUESTIONNAIRE_MIGRATION_2019'),
	(1276, 12, 12, 796, 2, 184, -1, 9, 1, 0, 0, '', '2019-07-19 13:47:41', 'QUESTIONNAIRE_MIGRATION_2019', '2019-07-19 13:47:41', 'QUESTIONNAIRE_MIGRATION_2019'),
	(1277, 12, 12, 792, 2, 184, -1, 9, 1, 0, 0, '', '2019-07-19 13:47:41', 'QUESTIONNAIRE_MIGRATION_2019', '2019-07-19 13:47:41', 'QUESTIONNAIRE_MIGRATION_2019'),
	(1278, 12, 12, 799, 2, 184, -1, 9, 1, 0, 0, '', '2019-07-19 13:47:41', 'QUESTIONNAIRE_MIGRATION_2019', '2019-07-19 13:47:41', 'QUESTIONNAIRE_MIGRATION_2019'),
	(1279, 12, 12, 797, 2, 184, -1, 9, 1, 0, 0, '', '2019-07-19 13:47:41', 'QUESTIONNAIRE_MIGRATION_2019', '2019-07-19 13:47:41', 'QUESTIONNAIRE_MIGRATION_2019'),
	(1280, 12, 12, 798, 2, 184, -1, 9, 1, 0, 0, '', '2019-07-19 13:47:41', 'QUESTIONNAIRE_MIGRATION_2019', '2019-07-19 13:47:41', 'QUESTIONNAIRE_MIGRATION_2019'),
	(1281, 19, 19, 853, 2, 185, -1, 9, 1, 0, 0, '', '2019-07-19 13:47:41', 'QUESTIONNAIRE_MIGRATION_2019', '2019-07-19 13:47:41', 'QUESTIONNAIRE_MIGRATION_2019'),
	(1282, 19, 19, 854, 2, 185, -1, 9, 1, 0, 0, '', '2019-07-19 13:47:41', 'QUESTIONNAIRE_MIGRATION_2019', '2019-07-19 13:47:41', 'QUESTIONNAIRE_MIGRATION_2019'),
	(1283, 19, 19, 855, 4, 185, -1, 9, 1, 0, 0, '', '2019-07-19 13:47:41', 'QUESTIONNAIRE_MIGRATION_2019', '2019-07-19 13:47:41', 'QUESTIONNAIRE_MIGRATION_2019'),
	(1284, 19, 19, 856, 4, 185, -1, 9, 1, 0, 0, '', '2019-07-19 13:47:41', 'QUESTIONNAIRE_MIGRATION_2019', '2019-07-19 13:47:41', 'QUESTIONNAIRE_MIGRATION_2019'),
	(1285, 19, 19, 857, 1, 185, -1, 9, 1, 0, 0, '', '2019-07-19 13:47:41', 'QUESTIONNAIRE_MIGRATION_2019', '2019-07-19 13:47:41', 'QUESTIONNAIRE_MIGRATION_2019'),
	(1286, 19, 19, 858, 4, 185, -1, 9, 1, 0, 0, '', '2019-07-19 13:47:41', 'QUESTIONNAIRE_MIGRATION_2019', '2019-07-19 13:47:41', 'QUESTIONNAIRE_MIGRATION_2019'),
	(1287, 19, 19, 859, 3, 185, -1, 9, 1, 0, 0, '', '2019-07-19 13:47:41', 'QUESTIONNAIRE_MIGRATION_2019', '2019-07-19 13:47:41', 'QUESTIONNAIRE_MIGRATION_2019'),
	(1288, 19, 19, 853, 2, 186, -1, 9, 1, 0, 0, '', '2019-07-19 13:47:41', 'QUESTIONNAIRE_MIGRATION_2019', '2019-07-19 13:47:41', 'QUESTIONNAIRE_MIGRATION_2019'),
	(1289, 19, 19, 854, 2, 186, -1, 9, 1, 0, 0, '', '2019-07-19 13:47:41', 'QUESTIONNAIRE_MIGRATION_2019', '2019-07-19 13:47:41', 'QUESTIONNAIRE_MIGRATION_2019'),
	(1290, 19, 19, 855, 4, 186, -1, 9, 1, 0, 0, '', '2019-07-19 13:47:41', 'QUESTIONNAIRE_MIGRATION_2019', '2019-07-19 13:47:41', 'QUESTIONNAIRE_MIGRATION_2019'),
	(1291, 19, 19, 856, 4, 186, -1, 9, 1, 0, 0, '', '2019-07-19 13:47:41', 'QUESTIONNAIRE_MIGRATION_2019', '2019-07-19 13:47:41', 'QUESTIONNAIRE_MIGRATION_2019'),
	(1292, 19, 19, 857, 1, 186, -1, 9, 1, 0, 0, '', '2019-07-19 13:47:41', 'QUESTIONNAIRE_MIGRATION_2019', '2019-07-19 13:47:41', 'QUESTIONNAIRE_MIGRATION_2019'),
	(1293, 19, 19, 858, 4, 186, -1, 9, 1, 0, 0, '', '2019-07-19 13:47:41', 'QUESTIONNAIRE_MIGRATION_2019', '2019-07-19 13:47:41', 'QUESTIONNAIRE_MIGRATION_2019'),
	(1294, 19, 19, 859, 3, 186, -1, 9, 1, 0, 0, '', '2019-07-19 13:47:41', 'QUESTIONNAIRE_MIGRATION_2019', '2019-07-19 13:47:41', 'QUESTIONNAIRE_MIGRATION_2019'),
	(1295, 12, 12, 793, 2, 187, -1, 23, 1, 0, 0, '', '2019-07-19 13:47:41', 'QUESTIONNAIRE_MIGRATION_2019', '2019-07-19 13:47:41', 'QUESTIONNAIRE_MIGRATION_2019'),
	(1296, 12, 12, 794, 2, 187, -1, 23, 1, 0, 0, '', '2019-07-19 13:47:41', 'QUESTIONNAIRE_MIGRATION_2019', '2019-07-19 13:47:41', 'QUESTIONNAIRE_MIGRATION_2019'),
	(1297, 12, 12, 795, 2, 187, -1, 23, 1, 0, 0, '', '2019-07-19 13:47:41', 'QUESTIONNAIRE_MIGRATION_2019', '2019-07-19 13:47:41', 'QUESTIONNAIRE_MIGRATION_2019'),
	(1298, 12, 12, 791, 2, 187, -1, 23, 1, 0, 0, '', '2019-07-19 13:47:41', 'QUESTIONNAIRE_MIGRATION_2019', '2019-07-19 13:47:41', 'QUESTIONNAIRE_MIGRATION_2019'),
	(1299, 12, 12, 796, 2, 187, -1, 23, 1, 0, 0, '', '2019-07-19 13:47:41', 'QUESTIONNAIRE_MIGRATION_2019', '2019-07-19 13:47:41', 'QUESTIONNAIRE_MIGRATION_2019'),
	(1300, 12, 12, 792, 2, 187, -1, 23, 1, 0, 0, '', '2019-07-19 13:47:41', 'QUESTIONNAIRE_MIGRATION_2019', '2019-07-19 13:47:41', 'QUESTIONNAIRE_MIGRATION_2019'),
	(1301, 12, 12, 799, 2, 187, -1, 23, 1, 0, 0, '', '2019-07-19 13:47:41', 'QUESTIONNAIRE_MIGRATION_2019', '2019-07-19 13:47:41', 'QUESTIONNAIRE_MIGRATION_2019'),
	(1302, 12, 12, 797, 2, 187, -1, 23, 1, 0, 0, '', '2019-07-19 13:47:41', 'QUESTIONNAIRE_MIGRATION_2019', '2019-07-19 13:47:41', 'QUESTIONNAIRE_MIGRATION_2019'),
	(1303, 12, 12, 798, 2, 187, -1, 23, 1, 0, 0, '', '2019-07-19 13:47:41', 'QUESTIONNAIRE_MIGRATION_2019', '2019-07-19 13:47:41', 'QUESTIONNAIRE_MIGRATION_2019'),
	(1304, 11, 11, 823, 2, 188, -1, 23, 1, 0, 0, '', '2019-07-19 13:47:41', 'QUESTIONNAIRE_MIGRATION_2019', '2019-07-19 13:47:41', 'QUESTIONNAIRE_MIGRATION_2019'),
	(1305, 11, 11, 824, 2, 188, -1, 23, 1, 0, 0, '', '2019-07-19 13:47:41', 'QUESTIONNAIRE_MIGRATION_2019', '2019-07-19 13:47:41', 'QUESTIONNAIRE_MIGRATION_2019'),
	(1306, 11, 11, 811, 1, 188, -1, 23, 1, 0, 0, '', '2019-07-19 13:47:41', 'QUESTIONNAIRE_MIGRATION_2019', '2019-07-19 13:47:41', 'QUESTIONNAIRE_MIGRATION_2019'),
	(1307, 11, 11, 830, 3, 188, -1, 23, 1, 0, 0, '', '2019-07-19 13:47:41', 'QUESTIONNAIRE_MIGRATION_2019', '2019-07-19 13:47:41', 'QUESTIONNAIRE_MIGRATION_2019'),
	(1308, 11, 11, 832, 3, 188, -1, 23, 1, 0, 0, '', '2019-07-19 13:47:41', 'QUESTIONNAIRE_MIGRATION_2019', '2019-07-19 13:47:41', 'QUESTIONNAIRE_MIGRATION_2019'),
	(1309, 20, 20, 860, 4, 189, -1, 23, 1, 0, 0, '', '2019-07-19 13:47:41', 'QUESTIONNAIRE_MIGRATION_2019', '2019-07-19 13:47:41', 'QUESTIONNAIRE_MIGRATION_2019'),
	(1310, 20, 20, 861, 4, 189, -1, 23, 1, 0, 0, '', '2019-07-19 13:47:41', 'QUESTIONNAIRE_MIGRATION_2019', '2019-07-19 13:47:41', 'QUESTIONNAIRE_MIGRATION_2019'),
	(1311, 20, 20, 862, 4, 189, -1, 23, 1, 0, 0, '', '2019-07-19 13:47:41', 'QUESTIONNAIRE_MIGRATION_2019', '2019-07-19 13:47:41', 'QUESTIONNAIRE_MIGRATION_2019'),
	(1312, 11, 11, 823, 2, 190, -1, 24, 1, 0, 0, '', '2019-07-19 13:47:41', 'QUESTIONNAIRE_MIGRATION_2019', '2019-07-19 13:47:41', 'QUESTIONNAIRE_MIGRATION_2019'),
	(1313, 11, 11, 824, 2, 190, -1, 24, 1, 0, 0, '', '2019-07-19 13:47:41', 'QUESTIONNAIRE_MIGRATION_2019', '2019-07-19 13:47:41', 'QUESTIONNAIRE_MIGRATION_2019'),
	(1314, 11, 11, 811, 1, 190, -1, 24, 1, 0, 0, '', '2019-07-19 13:47:41', 'QUESTIONNAIRE_MIGRATION_2019', '2019-07-19 13:47:41', 'QUESTIONNAIRE_MIGRATION_2019'),
	(1315, 11, 11, 830, 3, 190, -1, 24, 1, 0, 0, '', '2019-07-19 13:47:41', 'QUESTIONNAIRE_MIGRATION_2019', '2019-07-19 13:47:41', 'QUESTIONNAIRE_MIGRATION_2019'),
	(1316, 11, 11, 832, 3, 190, -1, 24, 1, 0, 0, '', '2019-07-19 13:47:41', 'QUESTIONNAIRE_MIGRATION_2019', '2019-07-19 13:47:41', 'QUESTIONNAIRE_MIGRATION_2019'),
	(1317, 11, 11, 823, 2, 191, -1, 24, 1, 0, 0, '', '2019-07-19 13:47:41', 'QUESTIONNAIRE_MIGRATION_2019', '2019-07-19 13:47:41', 'QUESTIONNAIRE_MIGRATION_2019'),
	(1318, 11, 11, 824, 2, 191, -1, 24, 1, 0, 0, '', '2019-07-19 13:47:41', 'QUESTIONNAIRE_MIGRATION_2019', '2019-07-19 13:47:41', 'QUESTIONNAIRE_MIGRATION_2019'),
	(1319, 11, 11, 811, 1, 191, -1, 24, 1, 0, 0, '', '2019-07-19 13:47:41', 'QUESTIONNAIRE_MIGRATION_2019', '2019-07-19 13:47:41', 'QUESTIONNAIRE_MIGRATION_2019'),
	(1320, 11, 11, 830, 3, 191, -1, 24, 1, 0, 0, '', '2019-07-19 13:47:41', 'QUESTIONNAIRE_MIGRATION_2019', '2019-07-19 13:47:41', 'QUESTIONNAIRE_MIGRATION_2019'),
	(1321, 11, 11, 832, 3, 191, -1, 24, 1, 0, 0, '', '2019-07-19 13:47:41', 'QUESTIONNAIRE_MIGRATION_2019', '2019-07-19 13:47:41', 'QUESTIONNAIRE_MIGRATION_2019'),
	(1322, 11, 11, 823, 2, 192, -1, 27, 1, 0, 0, '', '2019-07-19 13:47:41', 'QUESTIONNAIRE_MIGRATION_2019', '2019-07-19 13:47:41', 'QUESTIONNAIRE_MIGRATION_2019'),
	(1323, 11, 11, 824, 2, 192, -1, 27, 1, 0, 0, '', '2019-07-19 13:47:41', 'QUESTIONNAIRE_MIGRATION_2019', '2019-07-19 13:47:41', 'QUESTIONNAIRE_MIGRATION_2019'),
	(1324, 11, 11, 811, 1, 192, -1, 27, 1, 0, 0, '', '2019-07-19 13:47:41', 'QUESTIONNAIRE_MIGRATION_2019', '2019-07-19 13:47:41', 'QUESTIONNAIRE_MIGRATION_2019'),
	(1325, 11, 11, 830, 3, 192, -1, 27, 1, 0, 0, '', '2019-07-19 13:47:41', 'QUESTIONNAIRE_MIGRATION_2019', '2019-07-19 13:47:41', 'QUESTIONNAIRE_MIGRATION_2019'),
	(1326, 11, 11, 832, 3, 192, -1, 27, 1, 0, 0, '', '2019-07-19 13:47:41', 'QUESTIONNAIRE_MIGRATION_2019', '2019-07-19 13:47:41', 'QUESTIONNAIRE_MIGRATION_2019'),
	(1327, 11, 11, 823, 2, 193, -1, 27, 1, 0, 0, '', '2019-07-19 13:47:41', 'QUESTIONNAIRE_MIGRATION_2019', '2019-07-19 13:47:41', 'QUESTIONNAIRE_MIGRATION_2019'),
	(1328, 11, 11, 824, 2, 193, -1, 27, 1, 0, 0, '', '2019-07-19 13:47:41', 'QUESTIONNAIRE_MIGRATION_2019', '2019-07-19 13:47:41', 'QUESTIONNAIRE_MIGRATION_2019'),
	(1329, 11, 11, 811, 1, 193, -1, 27, 1, 0, 0, '', '2019-07-19 13:47:41', 'QUESTIONNAIRE_MIGRATION_2019', '2019-07-19 13:47:41', 'QUESTIONNAIRE_MIGRATION_2019'),
	(1330, 11, 11, 830, 3, 193, -1, 27, 1, 0, 0, '', '2019-07-19 13:47:41', 'QUESTIONNAIRE_MIGRATION_2019', '2019-07-19 13:47:41', 'QUESTIONNAIRE_MIGRATION_2019'),
	(1331, 11, 11, 832, 3, 193, -1, 27, 1, 0, 0, '', '2019-07-19 13:47:41', 'QUESTIONNAIRE_MIGRATION_2019', '2019-07-19 13:47:41', 'QUESTIONNAIRE_MIGRATION_2019'),
	(1332, 30, 30, 913, 3, 194, -1, 27, 1, 0, 0, '', '2019-07-19 13:47:41', 'QUESTIONNAIRE_MIGRATION_2019', '2019-07-19 13:47:41', 'QUESTIONNAIRE_MIGRATION_2019'),
	(1333, 30, 30, 920, 3, 194, -1, 27, 1, 0, 0, '', '2019-07-19 13:47:41', 'QUESTIONNAIRE_MIGRATION_2019', '2019-07-19 13:47:41', 'QUESTIONNAIRE_MIGRATION_2019'),
	(1334, 30, 30, 914, 2, 194, -1, 27, 1, 0, 0, '', '2019-07-19 13:47:41', 'QUESTIONNAIRE_MIGRATION_2019', '2019-07-19 13:47:41', 'QUESTIONNAIRE_MIGRATION_2019'),
	(1335, 30, 30, 915, 2, 194, -1, 27, 1, 0, 0, '', '2019-07-19 13:47:41', 'QUESTIONNAIRE_MIGRATION_2019', '2019-07-19 13:47:41', 'QUESTIONNAIRE_MIGRATION_2019'),
	(1336, 30, 30, 916, 2, 194, -1, 27, 1, 0, 0, '', '2019-07-19 13:47:41', 'QUESTIONNAIRE_MIGRATION_2019', '2019-07-19 13:47:41', 'QUESTIONNAIRE_MIGRATION_2019'),
	(1337, 30, 30, 917, 2, 194, -1, 27, 1, 0, 0, '', '2019-07-19 13:47:41', 'QUESTIONNAIRE_MIGRATION_2019', '2019-07-19 13:47:41', 'QUESTIONNAIRE_MIGRATION_2019'),
	(1338, 30, 30, 918, 4, 194, -1, 27, 1, 0, 0, '', '2019-07-19 13:47:41', 'QUESTIONNAIRE_MIGRATION_2019', '2019-07-19 13:47:41', 'QUESTIONNAIRE_MIGRATION_2019'),
	(1339, 30, 30, 919, 3, 194, -1, 27, 1, 0, 0, '', '2019-07-19 13:47:41', 'QUESTIONNAIRE_MIGRATION_2019', '2019-07-19 13:47:41', 'QUESTIONNAIRE_MIGRATION_2019'),
	(1340, 31, 31, 921, 2, 195, -1, 27, 1, 0, 0, '', '2019-07-19 13:47:41', 'QUESTIONNAIRE_MIGRATION_2019', '2019-07-19 13:47:41', 'QUESTIONNAIRE_MIGRATION_2019'),
	(1341, 31, 31, 922, 3, 195, -1, 27, 1, 0, 0, '', '2019-07-19 13:47:41', 'QUESTIONNAIRE_MIGRATION_2019', '2019-07-19 13:47:41', 'QUESTIONNAIRE_MIGRATION_2019'),
	(1342, 31, 31, 923, 3, 195, -1, 27, 1, 0, 0, '', '2019-07-19 13:47:41', 'QUESTIONNAIRE_MIGRATION_2019', '2019-07-19 13:47:41', 'QUESTIONNAIRE_MIGRATION_2019'),
	(1343, 31, 31, 924, 2, 195, -1, 27, 1, 0, 0, '', '2019-07-19 13:47:41', 'QUESTIONNAIRE_MIGRATION_2019', '2019-07-19 13:47:41', 'QUESTIONNAIRE_MIGRATION_2019'),
	(1344, 31, 31, 925, 2, 195, -1, 27, 1, 0, 0, '', '2019-07-19 13:47:41', 'QUESTIONNAIRE_MIGRATION_2019', '2019-07-19 13:47:41', 'QUESTIONNAIRE_MIGRATION_2019'),
	(1345, 31, 31, 926, 2, 195, -1, 27, 1, 0, 0, '', '2019-07-19 13:47:41', 'QUESTIONNAIRE_MIGRATION_2019', '2019-07-19 13:47:41', 'QUESTIONNAIRE_MIGRATION_2019'),
	(1346, 31, 31, 927, 2, 195, -1, 27, 1, 0, 0, '', '2019-07-19 13:47:41', 'QUESTIONNAIRE_MIGRATION_2019', '2019-07-19 13:47:41', 'QUESTIONNAIRE_MIGRATION_2019'),
	(1347, 31, 31, 928, 4, 195, -1, 27, 1, 0, 0, '', '2019-07-19 13:47:41', 'QUESTIONNAIRE_MIGRATION_2019', '2019-07-19 13:47:41', 'QUESTIONNAIRE_MIGRATION_2019'),
	(1348, 31, 31, 929, 3, 195, -1, 27, 1, 0, 0, '', '2019-07-19 13:47:41', 'QUESTIONNAIRE_MIGRATION_2019', '2019-07-19 13:47:41', 'QUESTIONNAIRE_MIGRATION_2019'),
	(1349, 31, 31, 921, 2, 196, -1, 27, 1, 0, 0, '', '2019-07-19 13:47:41', 'QUESTIONNAIRE_MIGRATION_2019', '2019-07-19 13:47:41', 'QUESTIONNAIRE_MIGRATION_2019'),
	(1350, 31, 31, 922, 3, 196, -1, 27, 1, 0, 0, '', '2019-07-19 13:47:41', 'QUESTIONNAIRE_MIGRATION_2019', '2019-07-19 13:47:41', 'QUESTIONNAIRE_MIGRATION_2019'),
	(1351, 31, 31, 923, 3, 196, -1, 27, 1, 0, 0, '', '2019-07-19 13:47:41', 'QUESTIONNAIRE_MIGRATION_2019', '2019-07-19 13:47:41', 'QUESTIONNAIRE_MIGRATION_2019'),
	(1352, 31, 31, 924, 2, 196, -1, 27, 1, 0, 0, '', '2019-07-19 13:47:41', 'QUESTIONNAIRE_MIGRATION_2019', '2019-07-19 13:47:41', 'QUESTIONNAIRE_MIGRATION_2019'),
	(1353, 31, 31, 925, 2, 196, -1, 27, 1, 0, 0, '', '2019-07-19 13:47:41', 'QUESTIONNAIRE_MIGRATION_2019', '2019-07-19 13:47:41', 'QUESTIONNAIRE_MIGRATION_2019'),
	(1354, 31, 31, 926, 2, 196, -1, 27, 1, 0, 0, '', '2019-07-19 13:47:41', 'QUESTIONNAIRE_MIGRATION_2019', '2019-07-19 13:47:41', 'QUESTIONNAIRE_MIGRATION_2019'),
	(1355, 31, 31, 927, 2, 196, -1, 27, 1, 0, 0, '', '2019-07-19 13:47:41', 'QUESTIONNAIRE_MIGRATION_2019', '2019-07-19 13:47:41', 'QUESTIONNAIRE_MIGRATION_2019'),
	(1356, 31, 31, 928, 4, 196, -1, 27, 1, 0, 0, '', '2019-07-19 13:47:41', 'QUESTIONNAIRE_MIGRATION_2019', '2019-07-19 13:47:41', 'QUESTIONNAIRE_MIGRATION_2019'),
	(1357, 31, 31, 929, 3, 196, -1, 27, 1, 0, 0, '', '2019-07-19 13:47:41', 'QUESTIONNAIRE_MIGRATION_2019', '2019-07-19 13:47:41', 'QUESTIONNAIRE_MIGRATION_2019'),
	(1358, 21, 21, 863, 4, 197, -1, 27, 1, 0, 0, '', '2019-07-19 13:47:41', 'QUESTIONNAIRE_MIGRATION_2019', '2019-07-19 13:47:41', 'QUESTIONNAIRE_MIGRATION_2019'),
	(1359, 21, 21, 864, 4, 197, -1, 27, 1, 0, 0, '', '2019-07-19 13:47:41', 'QUESTIONNAIRE_MIGRATION_2019', '2019-07-19 13:47:41', 'QUESTIONNAIRE_MIGRATION_2019'),
	(1360, 21, 21, 865, 4, 197, -1, 27, 1, 0, 0, '', '2019-07-19 13:47:41', 'QUESTIONNAIRE_MIGRATION_2019', '2019-07-19 13:47:41', 'QUESTIONNAIRE_MIGRATION_2019'),
	(1361, 21, 21, 866, 4, 197, -1, 27, 1, 0, 0, '', '2019-07-19 13:47:41', 'QUESTIONNAIRE_MIGRATION_2019', '2019-07-19 13:47:41', 'QUESTIONNAIRE_MIGRATION_2019'),
	(1362, 21, 21, 867, 4, 197, -1, 27, 1, 0, 0, '', '2019-07-19 13:47:41', 'QUESTIONNAIRE_MIGRATION_2019', '2019-07-19 13:47:41', 'QUESTIONNAIRE_MIGRATION_2019'),
	(1363, 25, 25, 869, 4, 198, -1, 27, 1, 0, 0, '', '2019-07-19 13:47:41', 'QUESTIONNAIRE_MIGRATION_2019', '2019-07-19 13:47:41', 'QUESTIONNAIRE_MIGRATION_2019'),
	(1364, 25, 25, 870, 3, 198, -1, 27, 1, 0, 0, '', '2019-07-19 13:47:41', 'QUESTIONNAIRE_MIGRATION_2019', '2019-07-19 13:47:41', 'QUESTIONNAIRE_MIGRATION_2019'),
	(1365, 25, 25, 871, 1, 198, -1, 27, 1, 0, 0, '', '2019-07-19 13:47:41', 'QUESTIONNAIRE_MIGRATION_2019', '2019-07-19 13:47:41', 'QUESTIONNAIRE_MIGRATION_2019'),
	(1366, 25, 25, 872, 3, 198, -1, 27, 1, 0, 0, '', '2019-07-19 13:47:41', 'QUESTIONNAIRE_MIGRATION_2019', '2019-07-19 13:47:41', 'QUESTIONNAIRE_MIGRATION_2019'),
	(1367, 25, 25, 873, 3, 198, -1, 27, 1, 0, 0, '', '2019-07-19 13:47:41', 'QUESTIONNAIRE_MIGRATION_2019', '2019-07-19 13:47:41', 'QUESTIONNAIRE_MIGRATION_2019'),
	(1368, 25, 25, 874, 4, 198, -1, 27, 1, 0, 0, '', '2019-07-19 13:47:41', 'QUESTIONNAIRE_MIGRATION_2019', '2019-07-19 13:47:41', 'QUESTIONNAIRE_MIGRATION_2019'),
	(1369, 25, 25, 875, 3, 198, -1, 27, 1, 0, 0, '', '2019-07-19 13:47:41', 'QUESTIONNAIRE_MIGRATION_2019', '2019-07-19 13:47:41', 'QUESTIONNAIRE_MIGRATION_2019'),
	(1370, 25, 25, 876, 4, 198, -1, 27, 1, 0, 0, '', '2019-07-19 13:47:41', 'QUESTIONNAIRE_MIGRATION_2019', '2019-07-19 13:47:41', 'QUESTIONNAIRE_MIGRATION_2019'),
	(1371, 25, 25, 877, 4, 198, -1, 27, 1, 0, 0, '', '2019-07-19 13:47:41', 'QUESTIONNAIRE_MIGRATION_2019', '2019-07-19 13:47:41', 'QUESTIONNAIRE_MIGRATION_2019'),
	(1372, 25, 25, 878, 3, 198, -1, 27, 1, 0, 0, '', '2019-07-19 13:47:41', 'QUESTIONNAIRE_MIGRATION_2019', '2019-07-19 13:47:41', 'QUESTIONNAIRE_MIGRATION_2019'),
	(1373, 25, 25, 879, 4, 198, -1, 27, 1, 0, 0, '', '2019-07-19 13:47:41', 'QUESTIONNAIRE_MIGRATION_2019', '2019-07-19 13:47:41', 'QUESTIONNAIRE_MIGRATION_2019'),
	(1374, 25, 25, 880, 4, 198, -1, 27, 1, 0, 0, '', '2019-07-19 13:47:41', 'QUESTIONNAIRE_MIGRATION_2019', '2019-07-19 13:47:41', 'QUESTIONNAIRE_MIGRATION_2019'),
	(1375, 25, 25, 881, 3, 198, -1, 27, 1, 0, 0, '', '2019-07-19 13:47:41', 'QUESTIONNAIRE_MIGRATION_2019', '2019-07-19 13:47:41', 'QUESTIONNAIRE_MIGRATION_2019'),
	(1376, 25, 25, 882, 3, 198, -1, 27, 1, 0, 0, '', '2019-07-19 13:47:41', 'QUESTIONNAIRE_MIGRATION_2019', '2019-07-19 13:47:41', 'QUESTIONNAIRE_MIGRATION_2019'),
	(1377, 25, 25, 883, 4, 198, -1, 27, 1, 0, 0, '', '2019-07-19 13:47:41', 'QUESTIONNAIRE_MIGRATION_2019', '2019-07-19 13:47:41', 'QUESTIONNAIRE_MIGRATION_2019'),
	(1378, 25, 25, 884, 3, 198, -1, 27, 1, 0, 0, '', '2019-07-19 13:47:41', 'QUESTIONNAIRE_MIGRATION_2019', '2019-07-19 13:47:41', 'QUESTIONNAIRE_MIGRATION_2019'),
	(1379, 25, 25, 869, 4, 199, -1, 27, 1, 0, 0, '', '2019-07-19 13:47:41', 'QUESTIONNAIRE_MIGRATION_2019', '2019-07-19 13:47:41', 'QUESTIONNAIRE_MIGRATION_2019'),
	(1380, 25, 25, 870, 3, 199, -1, 27, 1, 0, 0, '', '2019-07-19 13:47:41', 'QUESTIONNAIRE_MIGRATION_2019', '2019-07-19 13:47:41', 'QUESTIONNAIRE_MIGRATION_2019'),
	(1381, 25, 25, 871, 1, 199, -1, 27, 1, 0, 0, '', '2019-07-19 13:47:41', 'QUESTIONNAIRE_MIGRATION_2019', '2019-07-19 13:47:41', 'QUESTIONNAIRE_MIGRATION_2019'),
	(1382, 25, 25, 872, 3, 199, -1, 27, 1, 0, 0, '', '2019-07-19 13:47:41', 'QUESTIONNAIRE_MIGRATION_2019', '2019-07-19 13:47:41', 'QUESTIONNAIRE_MIGRATION_2019'),
	(1383, 25, 25, 873, 3, 199, -1, 27, 1, 0, 0, '', '2019-07-19 13:47:41', 'QUESTIONNAIRE_MIGRATION_2019', '2019-07-19 13:47:41', 'QUESTIONNAIRE_MIGRATION_2019'),
	(1384, 25, 25, 874, 4, 199, -1, 27, 1, 0, 0, '', '2019-07-19 13:47:41', 'QUESTIONNAIRE_MIGRATION_2019', '2019-07-19 13:47:41', 'QUESTIONNAIRE_MIGRATION_2019'),
	(1385, 25, 25, 875, 3, 199, -1, 27, 1, 0, 0, '', '2019-07-19 13:47:41', 'QUESTIONNAIRE_MIGRATION_2019', '2019-07-19 13:47:41', 'QUESTIONNAIRE_MIGRATION_2019'),
	(1386, 25, 25, 876, 4, 199, -1, 27, 1, 0, 0, '', '2019-07-19 13:47:41', 'QUESTIONNAIRE_MIGRATION_2019', '2019-07-19 13:47:41', 'QUESTIONNAIRE_MIGRATION_2019'),
	(1387, 25, 25, 877, 4, 199, -1, 27, 1, 0, 0, '', '2019-07-19 13:47:41', 'QUESTIONNAIRE_MIGRATION_2019', '2019-07-19 13:47:41', 'QUESTIONNAIRE_MIGRATION_2019'),
	(1388, 25, 25, 878, 3, 199, -1, 27, 1, 0, 0, '', '2019-07-19 13:47:41', 'QUESTIONNAIRE_MIGRATION_2019', '2019-07-19 13:47:41', 'QUESTIONNAIRE_MIGRATION_2019'),
	(1389, 25, 25, 879, 4, 199, -1, 27, 1, 0, 0, '', '2019-07-19 13:47:41', 'QUESTIONNAIRE_MIGRATION_2019', '2019-07-19 13:47:41', 'QUESTIONNAIRE_MIGRATION_2019'),
	(1390, 25, 25, 880, 4, 199, -1, 27, 1, 0, 0, '', '2019-07-19 13:47:41', 'QUESTIONNAIRE_MIGRATION_2019', '2019-07-19 13:47:41', 'QUESTIONNAIRE_MIGRATION_2019'),
	(1391, 25, 25, 881, 3, 199, -1, 27, 1, 0, 0, '', '2019-07-19 13:47:41', 'QUESTIONNAIRE_MIGRATION_2019', '2019-07-19 13:47:41', 'QUESTIONNAIRE_MIGRATION_2019'),
	(1392, 25, 25, 882, 3, 199, -1, 27, 1, 0, 0, '', '2019-07-19 13:47:41', 'QUESTIONNAIRE_MIGRATION_2019', '2019-07-19 13:47:41', 'QUESTIONNAIRE_MIGRATION_2019'),
	(1393, 25, 25, 883, 4, 199, -1, 27, 1, 0, 0, '', '2019-07-19 13:47:41', 'QUESTIONNAIRE_MIGRATION_2019', '2019-07-19 13:47:41', 'QUESTIONNAIRE_MIGRATION_2019'),
	(1394, 25, 25, 884, 3, 199, -1, 27, 1, 0, 0, '', '2019-07-19 13:47:41', 'QUESTIONNAIRE_MIGRATION_2019', '2019-07-19 13:47:41', 'QUESTIONNAIRE_MIGRATION_2019'),
	(1395, 11, 11, 823, 2, 200, -1, 27, 1, 0, 0, '', '2019-07-19 13:47:41', 'QUESTIONNAIRE_MIGRATION_2019', '2019-09-20 11:38:54', 'QUESTIONNAIRE_MIGRATION_2019'),
	(1396, 11, 11, 824, 2, 200, -1, 27, 1, 0, 0, '', '2019-07-19 13:47:41', 'QUESTIONNAIRE_MIGRATION_2019', '2019-09-20 11:38:54', 'QUESTIONNAIRE_MIGRATION_2019'),
	(1397, 11, 11, 811, 1, 200, -1, 27, 1, 0, 0, '', '2019-07-19 13:47:41', 'QUESTIONNAIRE_MIGRATION_2019', '2019-09-20 11:38:54', 'QUESTIONNAIRE_MIGRATION_2019'),
	(1398, 11, 11, 830, 3, 200, -1, 27, 1, 0, 0, '', '2019-07-19 13:47:41', 'QUESTIONNAIRE_MIGRATION_2019', '2019-09-20 11:38:54', 'QUESTIONNAIRE_MIGRATION_2019'),
	(1399, 11, 11, 832, 3, 200, -1, 27, 1, 0, 0, '', '2019-07-19 13:47:41', 'QUESTIONNAIRE_MIGRATION_2019', '2019-09-20 11:38:54', 'QUESTIONNAIRE_MIGRATION_2019'),
	(1400, 30, 30, 913, 3, 201, -1, 27, 1, 0, 0, '', '2019-07-19 13:47:41', 'QUESTIONNAIRE_MIGRATION_2019', '2019-07-19 13:47:41', 'QUESTIONNAIRE_MIGRATION_2019'),
	(1401, 30, 30, 920, 3, 201, -1, 27, 1, 0, 0, '', '2019-07-19 13:47:41', 'QUESTIONNAIRE_MIGRATION_2019', '2019-07-19 13:47:41', 'QUESTIONNAIRE_MIGRATION_2019'),
	(1402, 30, 30, 914, 2, 201, -1, 27, 1, 0, 0, '', '2019-07-19 13:47:41', 'QUESTIONNAIRE_MIGRATION_2019', '2019-07-19 13:47:41', 'QUESTIONNAIRE_MIGRATION_2019'),
	(1403, 30, 30, 915, 2, 201, -1, 27, 1, 0, 0, '', '2019-07-19 13:47:41', 'QUESTIONNAIRE_MIGRATION_2019', '2019-07-19 13:47:41', 'QUESTIONNAIRE_MIGRATION_2019'),
	(1404, 30, 30, 916, 2, 201, -1, 27, 1, 0, 0, '', '2019-07-19 13:47:41', 'QUESTIONNAIRE_MIGRATION_2019', '2019-07-19 13:47:41', 'QUESTIONNAIRE_MIGRATION_2019'),
	(1405, 30, 30, 917, 2, 201, -1, 27, 1, 0, 0, '', '2019-07-19 13:47:41', 'QUESTIONNAIRE_MIGRATION_2019', '2019-07-19 13:47:41', 'QUESTIONNAIRE_MIGRATION_2019'),
	(1406, 30, 30, 918, 4, 201, -1, 27, 1, 0, 0, '', '2019-07-19 13:47:41', 'QUESTIONNAIRE_MIGRATION_2019', '2019-07-19 13:47:41', 'QUESTIONNAIRE_MIGRATION_2019'),
	(1407, 30, 30, 919, 3, 201, -1, 27, 1, 0, 0, '', '2019-09-20 15:23:39', 'QUESTIONNAIRE_MIGRATION_2019', '2019-09-20 15:23:39', 'QUESTIONNAIRE_MIGRATION_2019');
/*!40000 ALTER TABLE `answer` ENABLE KEYS */;

-- Dumping structure for table questionnairedb2019.answercheckbox
DROP TABLE IF EXISTS `answercheckbox`;
CREATE TABLE IF NOT EXISTS `answercheckbox` (
  `ID` bigint(20) NOT NULL AUTO_INCREMENT,
  `answerId` bigint(20) NOT NULL,
  `value` bigint(20) NOT NULL,
  PRIMARY KEY (`ID`),
  KEY `fk_answerCheckbox_answerId_answer_ID` (`answerId`),
  KEY `fk_answerCheckbox_value_checkboxOption_ID` (`value`),
  CONSTRAINT `fk_answerCheckbox_answerId_answer_ID` FOREIGN KEY (`answerId`) REFERENCES `answer` (`ID`) ON DELETE NO ACTION ON UPDATE NO ACTION,
  CONSTRAINT `fk_answerCheckbox_value_checkboxOption_ID` FOREIGN KEY (`value`) REFERENCES `checkboxoption` (`ID`) ON DELETE NO ACTION ON UPDATE NO ACTION
) ENGINE=InnoDB DEFAULT CHARSET=utf8;

-- Dumping data for table questionnairedb2019.answercheckbox: ~0 rows (approximately)
DELETE FROM `answercheckbox`;
/*!40000 ALTER TABLE `answercheckbox` DISABLE KEYS */;
/*!40000 ALTER TABLE `answercheckbox` ENABLE KEYS */;

-- Dumping structure for table questionnairedb2019.answerdate
DROP TABLE IF EXISTS `answerdate`;
CREATE TABLE IF NOT EXISTS `answerdate` (
  `ID` bigint(20) NOT NULL AUTO_INCREMENT,
  `answerId` bigint(20) NOT NULL,
  `value` datetime NOT NULL,
  PRIMARY KEY (`ID`),
  KEY `fk_answerDate_answerId_answer_ID` (`answerId`),
  CONSTRAINT `fk_answerDate_answerId_answer_ID` FOREIGN KEY (`answerId`) REFERENCES `answer` (`ID`)
) ENGINE=InnoDB DEFAULT CHARSET=utf8;

-- Dumping data for table questionnairedb2019.answerdate: ~0 rows (approximately)
DELETE FROM `answerdate`;
/*!40000 ALTER TABLE `answerdate` DISABLE KEYS */;
/*!40000 ALTER TABLE `answerdate` ENABLE KEYS */;

-- Dumping structure for table questionnairedb2019.answerlabel
DROP TABLE IF EXISTS `answerlabel`;
CREATE TABLE IF NOT EXISTS `answerlabel` (
  `ID` bigint(20) NOT NULL AUTO_INCREMENT,
  `answerId` bigint(20) NOT NULL,
  `selected` tinyint(4) NOT NULL DEFAULT '1',
  `posX` int(11) NOT NULL,
  `posY` int(11) NOT NULL,
  `intensity` int(11) NOT NULL,
  `value` bigint(20) NOT NULL,
  PRIMARY KEY (`ID`),
  KEY `fk_answerLabel_answer_ID` (`answerId`),
  KEY `fk_answerLabel_labelOption_ID` (`value`),
  CONSTRAINT `fk_answerLabel_answer_ID` FOREIGN KEY (`answerId`) REFERENCES `answer` (`ID`) ON DELETE NO ACTION ON UPDATE NO ACTION,
  CONSTRAINT `fk_answerLabel_labelOption_ID` FOREIGN KEY (`value`) REFERENCES `labeloption` (`ID`) ON DELETE NO ACTION ON UPDATE NO ACTION
) ENGINE=InnoDB DEFAULT CHARSET=utf8;

-- Dumping data for table questionnairedb2019.answerlabel: ~0 rows (approximately)
DELETE FROM `answerlabel`;
/*!40000 ALTER TABLE `answerlabel` DISABLE KEYS */;
/*!40000 ALTER TABLE `answerlabel` ENABLE KEYS */;

-- Dumping structure for table questionnairedb2019.answerquestionnaire
DROP TABLE IF EXISTS `answerquestionnaire`;
CREATE TABLE IF NOT EXISTS `answerquestionnaire` (
  `ID` bigint(20) NOT NULL AUTO_INCREMENT,
  `questionnaireId` bigint(20) NOT NULL,
  `patientId` bigint(20) NOT NULL,
  `status` int(11) NOT NULL DEFAULT '0' COMMENT '0 = New, 1 = In Progress, 2 = Completed',
  `deleted` tinyint(4) NOT NULL DEFAULT '0',
  `deletedBy` varchar(255) NOT NULL,
  `creationDate` datetime NOT NULL,
  `createdBy` varchar(255) NOT NULL,
  `lastUpdated` timestamp NOT NULL DEFAULT CURRENT_TIMESTAMP ON UPDATE CURRENT_TIMESTAMP,
  `updatedBy` varchar(255) NOT NULL,
  PRIMARY KEY (`ID`),
  KEY `idx_answerQuestionnaire_deleted` (`deleted`),
  KEY `fk_answerQuestionnaire_questionnaireId_questionnaire_ID` (`questionnaireId`),
  KEY `fk_answerQuestionnaire_patientId_patient_ID` (`patientId`),
  CONSTRAINT `fk_answerQuestionnaire_patientId_patient_ID` FOREIGN KEY (`patientId`) REFERENCES `patient` (`ID`) ON DELETE NO ACTION ON UPDATE NO ACTION,
  CONSTRAINT `fk_answerQuestionnaire_questionnaireId_questionnaire_ID` FOREIGN KEY (`questionnaireId`) REFERENCES `questionnaire` (`ID`)
) ENGINE=InnoDB AUTO_INCREMENT=399 DEFAULT CHARSET=utf8;

-- Dumping data for table questionnairedb2019.answerquestionnaire: ~209 rows (approximately)
DELETE FROM `answerquestionnaire`;
/*!40000 ALTER TABLE `answerquestionnaire` DISABLE KEYS */;
INSERT INTO `answerquestionnaire` (`ID`, `questionnaireId`, `patientId`, `status`, `deleted`, `deletedBy`, `creationDate`, `createdBy`, `lastUpdated`, `updatedBy`) VALUES
	(110, 11, 3, 2, 0, '', '2019-07-19 13:47:36', 'QUESTIONNAIRE_MIGRATION_2019', '2019-07-19 13:47:36', 'QUESTIONNAIRE_MIGRATION_2019'),
	(111, 11, 3, 2, 0, '', '2019-07-19 13:47:36', 'QUESTIONNAIRE_MIGRATION_2019', '2019-07-19 13:47:36', 'QUESTIONNAIRE_MIGRATION_2019'),
	(112, 11, 3, 2, 0, '', '2019-07-19 13:47:36', 'QUESTIONNAIRE_MIGRATION_2019', '2019-07-19 13:47:36', 'QUESTIONNAIRE_MIGRATION_2019'),
	(113, 11, 3, 2, 0, '', '2019-07-19 13:47:36', 'QUESTIONNAIRE_MIGRATION_2019', '2019-07-19 13:47:36', 'QUESTIONNAIRE_MIGRATION_2019'),
	(114, 11, 3, 2, 0, '', '2019-07-19 13:47:36', 'QUESTIONNAIRE_MIGRATION_2019', '2019-07-19 13:47:36', 'QUESTIONNAIRE_MIGRATION_2019'),
	(115, 11, 3, 2, 0, '', '2019-07-19 13:47:36', 'QUESTIONNAIRE_MIGRATION_2019', '2019-07-19 13:47:36', 'QUESTIONNAIRE_MIGRATION_2019'),
	(116, 11, 3, 2, 0, '', '2019-07-19 13:47:36', 'QUESTIONNAIRE_MIGRATION_2019', '2019-07-19 13:47:36', 'QUESTIONNAIRE_MIGRATION_2019'),
	(117, 11, 3, 2, 0, '', '2019-07-19 13:47:36', 'QUESTIONNAIRE_MIGRATION_2019', '2019-07-19 13:47:36', 'QUESTIONNAIRE_MIGRATION_2019'),
	(118, 11, 3, 2, 0, '', '2019-07-19 13:47:36', 'QUESTIONNAIRE_MIGRATION_2019', '2019-07-19 13:47:36', 'QUESTIONNAIRE_MIGRATION_2019'),
	(134, 11, 3, 2, 0, '', '2019-07-19 13:47:36', 'QUESTIONNAIRE_MIGRATION_2019', '2019-07-19 13:47:36', 'QUESTIONNAIRE_MIGRATION_2019'),
	(135, 11, 3, 2, 0, '', '2019-07-19 13:47:36', 'QUESTIONNAIRE_MIGRATION_2019', '2019-07-19 13:47:36', 'QUESTIONNAIRE_MIGRATION_2019'),
	(136, 11, 3, 2, 0, '', '2019-07-19 13:47:36', 'QUESTIONNAIRE_MIGRATION_2019', '2019-07-19 13:47:36', 'QUESTIONNAIRE_MIGRATION_2019'),
	(137, 11, 3, 2, 0, '', '2019-07-19 13:47:36', 'QUESTIONNAIRE_MIGRATION_2019', '2019-07-19 13:47:36', 'QUESTIONNAIRE_MIGRATION_2019'),
	(142, 11, 3, 2, 0, '', '2019-07-19 13:47:36', 'QUESTIONNAIRE_MIGRATION_2019', '2019-07-19 13:47:36', 'QUESTIONNAIRE_MIGRATION_2019'),
	(156, 11, 3, 2, 0, '', '2019-07-19 13:47:36', 'QUESTIONNAIRE_MIGRATION_2019', '2019-07-19 13:47:36', 'QUESTIONNAIRE_MIGRATION_2019'),
	(157, 11, 3, 2, 0, '', '2019-07-19 13:47:36', 'QUESTIONNAIRE_MIGRATION_2019', '2019-07-19 13:47:36', 'QUESTIONNAIRE_MIGRATION_2019'),
	(158, 11, 3, 2, 0, '', '2019-07-19 13:47:36', 'QUESTIONNAIRE_MIGRATION_2019', '2019-07-19 13:47:36', 'QUESTIONNAIRE_MIGRATION_2019'),
	(159, 11, 3, 2, 0, '', '2019-07-19 13:47:36', 'QUESTIONNAIRE_MIGRATION_2019', '2019-07-19 13:47:36', 'QUESTIONNAIRE_MIGRATION_2019'),
	(160, 11, 3, 2, 0, '', '2019-07-19 13:47:36', 'QUESTIONNAIRE_MIGRATION_2019', '2019-07-19 13:47:36', 'QUESTIONNAIRE_MIGRATION_2019'),
	(161, 11, 3, 2, 0, '', '2019-07-19 13:47:36', 'QUESTIONNAIRE_MIGRATION_2019', '2019-07-19 13:47:36', 'QUESTIONNAIRE_MIGRATION_2019'),
	(162, 11, 3, 2, 0, '', '2019-07-19 13:47:36', 'QUESTIONNAIRE_MIGRATION_2019', '2019-07-19 13:47:36', 'QUESTIONNAIRE_MIGRATION_2019'),
	(163, 11, 3, 2, 0, '', '2019-07-19 13:47:36', 'QUESTIONNAIRE_MIGRATION_2019', '2019-07-19 13:47:36', 'QUESTIONNAIRE_MIGRATION_2019'),
	(164, 11, 3, 2, 0, '', '2019-07-19 13:47:36', 'QUESTIONNAIRE_MIGRATION_2019', '2019-07-19 13:47:36', 'QUESTIONNAIRE_MIGRATION_2019'),
	(165, 11, 3, 2, 0, '', '2019-07-19 13:47:36', 'QUESTIONNAIRE_MIGRATION_2019', '2019-07-19 13:47:36', 'QUESTIONNAIRE_MIGRATION_2019'),
	(166, 11, 3, 2, 0, '', '2019-07-19 13:47:36', 'QUESTIONNAIRE_MIGRATION_2019', '2019-07-19 13:47:36', 'QUESTIONNAIRE_MIGRATION_2019'),
	(167, 11, 3, 2, 0, '', '2019-07-19 13:47:36', 'QUESTIONNAIRE_MIGRATION_2019', '2019-07-19 13:47:36', 'QUESTIONNAIRE_MIGRATION_2019'),
	(168, 11, 3, 2, 0, '', '2019-07-19 13:47:36', 'QUESTIONNAIRE_MIGRATION_2019', '2019-07-19 13:47:36', 'QUESTIONNAIRE_MIGRATION_2019'),
	(169, 11, 3, 2, 0, '', '2019-07-19 13:47:36', 'QUESTIONNAIRE_MIGRATION_2019', '2019-07-19 13:47:36', 'QUESTIONNAIRE_MIGRATION_2019'),
	(170, 11, 3, 2, 0, '', '2019-07-19 13:47:36', 'QUESTIONNAIRE_MIGRATION_2019', '2019-07-19 13:47:36', 'QUESTIONNAIRE_MIGRATION_2019'),
	(173, 11, 3, 2, 0, '', '2019-07-19 13:47:36', 'QUESTIONNAIRE_MIGRATION_2019', '2019-07-19 13:47:36', 'QUESTIONNAIRE_MIGRATION_2019'),
	(174, 11, 3, 2, 0, '', '2019-07-19 13:47:36', 'QUESTIONNAIRE_MIGRATION_2019', '2019-07-19 13:47:36', 'QUESTIONNAIRE_MIGRATION_2019'),
	(175, 11, 3, 2, 0, '', '2019-07-19 13:47:36', 'QUESTIONNAIRE_MIGRATION_2019', '2019-07-19 13:47:36', 'QUESTIONNAIRE_MIGRATION_2019'),
	(176, 11, 3, 2, 0, '', '2019-07-19 13:47:36', 'QUESTIONNAIRE_MIGRATION_2019', '2019-07-19 13:47:36', 'QUESTIONNAIRE_MIGRATION_2019'),
	(177, 11, 3, 2, 0, '', '2019-07-19 13:47:36', 'QUESTIONNAIRE_MIGRATION_2019', '2019-07-19 13:47:36', 'QUESTIONNAIRE_MIGRATION_2019'),
	(178, 11, 3, 2, 0, '', '2019-07-19 13:47:36', 'QUESTIONNAIRE_MIGRATION_2019', '2019-07-19 13:47:36', 'QUESTIONNAIRE_MIGRATION_2019'),
	(179, 11, 3, 2, 0, '', '2019-07-19 13:47:36', 'QUESTIONNAIRE_MIGRATION_2019', '2019-07-19 13:47:36', 'QUESTIONNAIRE_MIGRATION_2019'),
	(180, 11, 3, 2, 0, '', '2019-07-19 13:47:36', 'QUESTIONNAIRE_MIGRATION_2019', '2019-07-19 13:47:36', 'QUESTIONNAIRE_MIGRATION_2019'),
	(181, 11, 3, 2, 0, '', '2019-07-19 13:47:36', 'QUESTIONNAIRE_MIGRATION_2019', '2019-07-19 13:47:36', 'QUESTIONNAIRE_MIGRATION_2019'),
	(182, 11, 3, 2, 0, '', '2019-07-19 13:47:37', 'QUESTIONNAIRE_MIGRATION_2019', '2019-07-19 13:47:37', 'QUESTIONNAIRE_MIGRATION_2019'),
	(183, 12, 3, 2, 0, '', '2019-07-19 13:47:37', 'QUESTIONNAIRE_MIGRATION_2019', '2019-07-19 13:47:37', 'QUESTIONNAIRE_MIGRATION_2019'),
	(184, 12, 3, 2, 0, '', '2019-07-19 13:47:37', 'QUESTIONNAIRE_MIGRATION_2019', '2019-07-19 13:47:37', 'QUESTIONNAIRE_MIGRATION_2019'),
	(185, 12, 3, 2, 0, '', '2019-07-19 13:47:37', 'QUESTIONNAIRE_MIGRATION_2019', '2019-07-19 13:47:37', 'QUESTIONNAIRE_MIGRATION_2019'),
	(186, 12, 3, 2, 0, '', '2019-07-19 13:47:37', 'QUESTIONNAIRE_MIGRATION_2019', '2019-07-19 13:47:37', 'QUESTIONNAIRE_MIGRATION_2019'),
	(187, 12, 3, 2, 0, '', '2019-07-19 13:47:37', 'QUESTIONNAIRE_MIGRATION_2019', '2019-07-19 13:47:37', 'QUESTIONNAIRE_MIGRATION_2019'),
	(188, 11, 3, 2, 0, '', '2019-07-19 13:47:37', 'QUESTIONNAIRE_MIGRATION_2019', '2019-07-19 13:47:37', 'QUESTIONNAIRE_MIGRATION_2019'),
	(189, 11, 3, 2, 0, '', '2019-07-19 13:47:37', 'QUESTIONNAIRE_MIGRATION_2019', '2019-07-19 13:47:37', 'QUESTIONNAIRE_MIGRATION_2019'),
	(190, 12, 3, 2, 0, '', '2019-07-19 13:47:37', 'QUESTIONNAIRE_MIGRATION_2019', '2019-07-19 13:47:37', 'QUESTIONNAIRE_MIGRATION_2019'),
	(191, 12, 3, 2, 0, '', '2019-07-19 13:47:37', 'QUESTIONNAIRE_MIGRATION_2019', '2019-07-19 13:47:37', 'QUESTIONNAIRE_MIGRATION_2019'),
	(192, 12, 3, 2, 0, '', '2019-07-19 13:47:37', 'QUESTIONNAIRE_MIGRATION_2019', '2019-07-19 13:47:37', 'QUESTIONNAIRE_MIGRATION_2019'),
	(193, 12, 3, 2, 0, '', '2019-07-19 13:47:37', 'QUESTIONNAIRE_MIGRATION_2019', '2019-07-19 13:47:37', 'QUESTIONNAIRE_MIGRATION_2019'),
	(194, 12, 3, 2, 0, '', '2019-07-19 13:47:37', 'QUESTIONNAIRE_MIGRATION_2019', '2019-07-19 13:47:37', 'QUESTIONNAIRE_MIGRATION_2019'),
	(195, 11, 3, 2, 0, '', '2019-07-19 13:47:37', 'QUESTIONNAIRE_MIGRATION_2019', '2019-07-19 13:47:37', 'QUESTIONNAIRE_MIGRATION_2019'),
	(196, 11, 3, 2, 0, '', '2019-07-19 13:47:37', 'QUESTIONNAIRE_MIGRATION_2019', '2019-07-19 13:47:37', 'QUESTIONNAIRE_MIGRATION_2019'),
	(197, 11, 3, 2, 0, '', '2019-07-19 13:47:37', 'QUESTIONNAIRE_MIGRATION_2019', '2019-07-19 13:47:37', 'QUESTIONNAIRE_MIGRATION_2019'),
	(198, 11, 3, 2, 0, '', '2019-07-19 13:47:37', 'QUESTIONNAIRE_MIGRATION_2019', '2019-07-19 13:47:37', 'QUESTIONNAIRE_MIGRATION_2019'),
	(199, 11, 3, 2, 0, '', '2019-07-19 13:47:37', 'QUESTIONNAIRE_MIGRATION_2019', '2019-07-19 13:47:37', 'QUESTIONNAIRE_MIGRATION_2019'),
	(200, 11, 3, 2, 0, '', '2019-07-19 13:47:37', 'QUESTIONNAIRE_MIGRATION_2019', '2019-07-19 13:47:37', 'QUESTIONNAIRE_MIGRATION_2019'),
	(205, 11, 3, 2, 0, '', '2019-07-19 13:47:37', 'QUESTIONNAIRE_MIGRATION_2019', '2019-07-19 13:47:37', 'QUESTIONNAIRE_MIGRATION_2019'),
	(206, 11, 3, 2, 0, '', '2019-07-19 13:47:37', 'QUESTIONNAIRE_MIGRATION_2019', '2019-07-19 13:47:37', 'QUESTIONNAIRE_MIGRATION_2019'),
	(207, 12, 3, 2, 0, '', '2019-07-19 13:47:37', 'QUESTIONNAIRE_MIGRATION_2019', '2019-07-19 13:47:37', 'QUESTIONNAIRE_MIGRATION_2019'),
	(208, 12, 3, 2, 0, '', '2019-07-19 13:47:37', 'QUESTIONNAIRE_MIGRATION_2019', '2019-07-19 13:47:37', 'QUESTIONNAIRE_MIGRATION_2019'),
	(209, 12, 3, 2, 0, '', '2019-07-19 13:47:37', 'QUESTIONNAIRE_MIGRATION_2019', '2019-07-19 13:47:37', 'QUESTIONNAIRE_MIGRATION_2019'),
	(210, 12, 3, 2, 0, '', '2019-07-19 13:47:37', 'QUESTIONNAIRE_MIGRATION_2019', '2019-07-19 13:47:37', 'QUESTIONNAIRE_MIGRATION_2019'),
	(211, 11, 3, 2, 0, '', '2019-07-19 13:47:37', 'QUESTIONNAIRE_MIGRATION_2019', '2019-07-19 13:47:37', 'QUESTIONNAIRE_MIGRATION_2019'),
	(212, 11, 3, 2, 0, '', '2019-07-19 13:47:37', 'QUESTIONNAIRE_MIGRATION_2019', '2019-07-19 13:47:37', 'QUESTIONNAIRE_MIGRATION_2019'),
	(213, 11, 3, 2, 0, '', '2019-07-19 13:47:37', 'QUESTIONNAIRE_MIGRATION_2019', '2019-07-19 13:47:37', 'QUESTIONNAIRE_MIGRATION_2019'),
	(214, 11, 3, 2, 0, '', '2019-07-19 13:47:37', 'QUESTIONNAIRE_MIGRATION_2019', '2019-07-19 13:47:37', 'QUESTIONNAIRE_MIGRATION_2019'),
	(216, 11, 3, 2, 0, '', '2019-07-19 13:47:37', 'QUESTIONNAIRE_MIGRATION_2019', '2019-07-19 13:47:37', 'QUESTIONNAIRE_MIGRATION_2019'),
	(217, 11, 9, 2, 0, '', '2019-07-19 13:47:40', 'QUESTIONNAIRE_MIGRATION_2019', '2019-07-19 13:47:40', 'QUESTIONNAIRE_MIGRATION_2019'),
	(218, 11, 9, 2, 0, '', '2019-07-19 13:47:40', 'QUESTIONNAIRE_MIGRATION_2019', '2019-07-19 13:47:40', 'QUESTIONNAIRE_MIGRATION_2019'),
	(219, 11, 9, 2, 0, '', '2019-07-19 13:47:40', 'QUESTIONNAIRE_MIGRATION_2019', '2019-07-19 13:47:40', 'QUESTIONNAIRE_MIGRATION_2019'),
	(220, 11, 9, 2, 0, '', '2019-07-19 13:47:40', 'QUESTIONNAIRE_MIGRATION_2019', '2019-07-19 13:47:40', 'QUESTIONNAIRE_MIGRATION_2019'),
	(222, 12, 3, 2, 0, '', '2019-07-19 13:47:37', 'QUESTIONNAIRE_MIGRATION_2019', '2019-07-19 13:47:37', 'QUESTIONNAIRE_MIGRATION_2019'),
	(223, 12, 3, 2, 0, '', '2019-07-19 13:47:37', 'QUESTIONNAIRE_MIGRATION_2019', '2019-07-19 13:47:37', 'QUESTIONNAIRE_MIGRATION_2019'),
	(224, 18, 3, 2, 0, '', '2019-07-19 13:47:37', 'QUESTIONNAIRE_MIGRATION_2019', '2019-07-19 13:47:37', 'QUESTIONNAIRE_MIGRATION_2019'),
	(225, 18, 9, 2, 0, '', '2019-07-19 13:47:40', 'QUESTIONNAIRE_MIGRATION_2019', '2019-07-19 13:47:40', 'QUESTIONNAIRE_MIGRATION_2019'),
	(226, 12, 3, 2, 0, '', '2019-07-19 13:47:37', 'QUESTIONNAIRE_MIGRATION_2019', '2019-07-19 13:47:37', 'QUESTIONNAIRE_MIGRATION_2019'),
	(227, 11, 3, 2, 0, '', '2019-07-19 13:47:37', 'QUESTIONNAIRE_MIGRATION_2019', '2019-07-19 13:47:37', 'QUESTIONNAIRE_MIGRATION_2019'),
	(228, 11, 3, 2, 0, '', '2019-07-19 13:47:37', 'QUESTIONNAIRE_MIGRATION_2019', '2019-07-19 13:47:37', 'QUESTIONNAIRE_MIGRATION_2019'),
	(229, 11, 3, 2, 0, '', '2019-07-19 13:47:37', 'QUESTIONNAIRE_MIGRATION_2019', '2019-07-19 13:47:37', 'QUESTIONNAIRE_MIGRATION_2019'),
	(230, 12, 3, 2, 0, '', '2019-07-19 13:47:38', 'QUESTIONNAIRE_MIGRATION_2019', '2019-07-19 13:47:38', 'QUESTIONNAIRE_MIGRATION_2019'),
	(231, 12, 3, 2, 0, '', '2019-07-19 13:47:38', 'QUESTIONNAIRE_MIGRATION_2019', '2019-07-19 13:47:38', 'QUESTIONNAIRE_MIGRATION_2019'),
	(232, 18, 3, 2, 0, '', '2019-07-19 13:47:38', 'QUESTIONNAIRE_MIGRATION_2019', '2019-07-19 13:47:38', 'QUESTIONNAIRE_MIGRATION_2019'),
	(233, 11, 3, 2, 0, '', '2019-07-19 13:47:38', 'QUESTIONNAIRE_MIGRATION_2019', '2019-07-19 13:47:38', 'QUESTIONNAIRE_MIGRATION_2019'),
	(234, 11, 9, 2, 0, '', '2019-07-19 13:47:40', 'QUESTIONNAIRE_MIGRATION_2019', '2019-07-19 13:47:40', 'QUESTIONNAIRE_MIGRATION_2019'),
	(235, 11, 3, 2, 0, '', '2019-07-19 13:47:38', 'QUESTIONNAIRE_MIGRATION_2019', '2019-07-19 13:47:38', 'QUESTIONNAIRE_MIGRATION_2019'),
	(236, 11, 3, 2, 0, '', '2019-07-19 13:47:38', 'QUESTIONNAIRE_MIGRATION_2019', '2019-07-19 13:47:38', 'QUESTIONNAIRE_MIGRATION_2019'),
	(237, 12, 3, 2, 0, '', '2019-07-19 13:47:38', 'QUESTIONNAIRE_MIGRATION_2019', '2019-07-19 13:47:38', 'QUESTIONNAIRE_MIGRATION_2019'),
	(243, 18, 3, 2, 0, '', '2019-07-19 13:47:38', 'QUESTIONNAIRE_MIGRATION_2019', '2019-07-19 13:47:38', 'QUESTIONNAIRE_MIGRATION_2019'),
	(244, 19, 3, 2, 0, '', '2019-07-19 13:47:38', 'QUESTIONNAIRE_MIGRATION_2019', '2019-07-19 13:47:38', 'QUESTIONNAIRE_MIGRATION_2019'),
	(245, 18, 3, 2, 0, '', '2019-07-19 13:47:38', 'QUESTIONNAIRE_MIGRATION_2019', '2019-07-19 13:47:38', 'QUESTIONNAIRE_MIGRATION_2019'),
	(246, 19, 3, 2, 0, '', '2019-07-19 13:47:38', 'QUESTIONNAIRE_MIGRATION_2019', '2019-07-19 13:47:38', 'QUESTIONNAIRE_MIGRATION_2019'),
	(247, 18, 3, 2, 0, '', '2019-07-19 13:47:38', 'QUESTIONNAIRE_MIGRATION_2019', '2019-07-19 13:47:38', 'QUESTIONNAIRE_MIGRATION_2019'),
	(250, 19, 3, 2, 0, '', '2019-07-19 13:47:38', 'QUESTIONNAIRE_MIGRATION_2019', '2019-07-19 13:47:38', 'QUESTIONNAIRE_MIGRATION_2019'),
	(251, 19, 3, 2, 0, '', '2019-07-19 13:47:38', 'QUESTIONNAIRE_MIGRATION_2019', '2019-07-19 13:47:38', 'QUESTIONNAIRE_MIGRATION_2019'),
	(252, 19, 3, 2, 0, '', '2019-07-19 13:47:38', 'QUESTIONNAIRE_MIGRATION_2019', '2019-07-19 13:47:38', 'QUESTIONNAIRE_MIGRATION_2019'),
	(259, 18, 3, 2, 0, '', '2019-07-19 13:47:38', 'QUESTIONNAIRE_MIGRATION_2019', '2019-07-19 13:47:38', 'QUESTIONNAIRE_MIGRATION_2019'),
	(260, 19, 3, 2, 0, '', '2019-07-19 13:47:38', 'QUESTIONNAIRE_MIGRATION_2019', '2019-07-19 13:47:38', 'QUESTIONNAIRE_MIGRATION_2019'),
	(261, 18, 3, 2, 0, '', '2019-07-19 13:47:38', 'QUESTIONNAIRE_MIGRATION_2019', '2019-07-19 13:47:38', 'QUESTIONNAIRE_MIGRATION_2019'),
	(262, 19, 3, 2, 0, '', '2019-07-19 13:47:38', 'QUESTIONNAIRE_MIGRATION_2019', '2019-07-19 13:47:38', 'QUESTIONNAIRE_MIGRATION_2019'),
	(263, 19, 3, 2, 0, '', '2019-07-19 13:47:38', 'QUESTIONNAIRE_MIGRATION_2019', '2019-07-19 13:47:38', 'QUESTIONNAIRE_MIGRATION_2019'),
	(264, 19, 3, 2, 0, '', '2019-07-19 13:47:38', 'QUESTIONNAIRE_MIGRATION_2019', '2019-07-19 13:47:38', 'QUESTIONNAIRE_MIGRATION_2019'),
	(265, 19, 3, 2, 0, '', '2019-07-19 13:47:38', 'QUESTIONNAIRE_MIGRATION_2019', '2019-07-19 13:47:38', 'QUESTIONNAIRE_MIGRATION_2019'),
	(266, 19, 3, 2, 0, '', '2019-07-19 13:47:38', 'QUESTIONNAIRE_MIGRATION_2019', '2019-07-19 13:47:38', 'QUESTIONNAIRE_MIGRATION_2019'),
	(267, 19, 3, 2, 0, '', '2019-07-19 13:47:38', 'QUESTIONNAIRE_MIGRATION_2019', '2019-07-19 13:47:38', 'QUESTIONNAIRE_MIGRATION_2019'),
	(268, 19, 3, 2, 0, '', '2019-07-19 13:47:38', 'QUESTIONNAIRE_MIGRATION_2019', '2019-07-19 13:47:38', 'QUESTIONNAIRE_MIGRATION_2019'),
	(269, 19, 3, 2, 0, '', '2019-07-19 13:47:38', 'QUESTIONNAIRE_MIGRATION_2019', '2019-07-19 13:47:38', 'QUESTIONNAIRE_MIGRATION_2019'),
	(270, 18, 3, 2, 0, '', '2019-07-19 13:47:38', 'QUESTIONNAIRE_MIGRATION_2019', '2019-07-19 13:47:38', 'QUESTIONNAIRE_MIGRATION_2019'),
	(271, 19, 3, 2, 0, '', '2019-07-19 13:47:38', 'QUESTIONNAIRE_MIGRATION_2019', '2019-07-19 13:47:38', 'QUESTIONNAIRE_MIGRATION_2019'),
	(272, 20, 3, 2, 0, '', '2019-07-19 13:47:38', 'QUESTIONNAIRE_MIGRATION_2019', '2019-07-19 13:47:38', 'QUESTIONNAIRE_MIGRATION_2019'),
	(273, 19, 3, 2, 0, '', '2019-07-19 13:47:38', 'QUESTIONNAIRE_MIGRATION_2019', '2019-07-19 13:47:38', 'QUESTIONNAIRE_MIGRATION_2019'),
	(274, 12, 3, 2, 0, '', '2019-07-19 13:47:38', 'QUESTIONNAIRE_MIGRATION_2019', '2019-07-19 13:47:38', 'QUESTIONNAIRE_MIGRATION_2019'),
	(275, 21, 3, 2, 0, '', '2019-07-19 13:47:38', 'QUESTIONNAIRE_MIGRATION_2019', '2019-07-19 13:47:38', 'QUESTIONNAIRE_MIGRATION_2019'),
	(276, 19, 3, 2, 0, '', '2019-07-19 13:47:38', 'QUESTIONNAIRE_MIGRATION_2019', '2019-07-19 13:47:38', 'QUESTIONNAIRE_MIGRATION_2019'),
	(277, 18, 3, 2, 0, '', '2019-07-19 13:47:38', 'QUESTIONNAIRE_MIGRATION_2019', '2019-07-19 13:47:38', 'QUESTIONNAIRE_MIGRATION_2019'),
	(278, 19, 3, 2, 0, '', '2019-07-19 13:47:38', 'QUESTIONNAIRE_MIGRATION_2019', '2019-07-19 13:47:38', 'QUESTIONNAIRE_MIGRATION_2019'),
	(279, 19, 3, 2, 0, '', '2019-07-19 13:47:38', 'QUESTIONNAIRE_MIGRATION_2019', '2019-07-19 13:47:38', 'QUESTIONNAIRE_MIGRATION_2019'),
	(280, 19, 3, 2, 0, '', '2019-07-19 13:47:38', 'QUESTIONNAIRE_MIGRATION_2019', '2019-07-19 13:47:38', 'QUESTIONNAIRE_MIGRATION_2019'),
	(281, 19, 3, 2, 0, '', '2019-07-19 13:47:39', 'QUESTIONNAIRE_MIGRATION_2019', '2019-07-19 13:47:39', 'QUESTIONNAIRE_MIGRATION_2019'),
	(282, 19, 3, 2, 0, '', '2019-07-19 13:47:39', 'QUESTIONNAIRE_MIGRATION_2019', '2019-07-19 13:47:39', 'QUESTIONNAIRE_MIGRATION_2019'),
	(283, 19, 3, 2, 0, '', '2019-07-19 13:47:39', 'QUESTIONNAIRE_MIGRATION_2019', '2019-07-19 13:47:39', 'QUESTIONNAIRE_MIGRATION_2019'),
	(284, 18, 3, 2, 0, '', '2019-07-19 13:47:39', 'QUESTIONNAIRE_MIGRATION_2019', '2019-07-19 13:47:39', 'QUESTIONNAIRE_MIGRATION_2019'),
	(285, 11, 3, 2, 0, '', '2019-07-19 13:47:39', 'QUESTIONNAIRE_MIGRATION_2019', '2019-07-19 13:47:39', 'QUESTIONNAIRE_MIGRATION_2019'),
	(286, 20, 3, 2, 0, '', '2019-07-19 13:47:39', 'QUESTIONNAIRE_MIGRATION_2019', '2019-07-19 13:47:39', 'QUESTIONNAIRE_MIGRATION_2019'),
	(287, 19, 3, 2, 0, '', '2019-07-19 13:47:39', 'QUESTIONNAIRE_MIGRATION_2019', '2019-07-19 13:47:39', 'QUESTIONNAIRE_MIGRATION_2019'),
	(288, 11, 3, 2, 0, '', '2019-07-19 13:47:39', 'QUESTIONNAIRE_MIGRATION_2019', '2019-07-19 13:47:39', 'QUESTIONNAIRE_MIGRATION_2019'),
	(289, 19, 9, 2, 0, '', '2019-07-19 13:47:40', 'QUESTIONNAIRE_MIGRATION_2019', '2019-07-19 13:47:40', 'QUESTIONNAIRE_MIGRATION_2019'),
	(290, 20, 3, 2, 0, '', '2019-07-19 13:47:39', 'QUESTIONNAIRE_MIGRATION_2019', '2019-07-19 13:47:39', 'QUESTIONNAIRE_MIGRATION_2019'),
	(291, 21, 3, 2, 0, '', '2019-07-19 13:47:39', 'QUESTIONNAIRE_MIGRATION_2019', '2019-07-19 13:47:39', 'QUESTIONNAIRE_MIGRATION_2019'),
	(292, 19, 3, 2, 0, '', '2019-07-19 13:47:39', 'QUESTIONNAIRE_MIGRATION_2019', '2019-07-19 13:47:39', 'QUESTIONNAIRE_MIGRATION_2019'),
	(293, 21, 3, 2, 0, '', '2019-07-19 13:47:39', 'QUESTIONNAIRE_MIGRATION_2019', '2019-07-19 13:47:39', 'QUESTIONNAIRE_MIGRATION_2019'),
	(294, 12, 3, 2, 0, '', '2019-07-19 13:47:39', 'QUESTIONNAIRE_MIGRATION_2019', '2019-07-19 13:47:39', 'QUESTIONNAIRE_MIGRATION_2019'),
	(295, 19, 9, 2, 0, '', '2019-07-19 13:47:40', 'QUESTIONNAIRE_MIGRATION_2019', '2019-07-19 13:47:40', 'QUESTIONNAIRE_MIGRATION_2019'),
	(296, 19, 3, 2, 0, '', '2019-07-19 13:47:39', 'QUESTIONNAIRE_MIGRATION_2019', '2019-07-19 13:47:39', 'QUESTIONNAIRE_MIGRATION_2019'),
	(297, 18, 9, 2, 0, '', '2019-07-19 13:47:40', 'QUESTIONNAIRE_MIGRATION_2019', '2019-07-19 13:47:40', 'QUESTIONNAIRE_MIGRATION_2019'),
	(298, 18, 3, 2, 0, '', '2019-07-19 13:47:39', 'QUESTIONNAIRE_MIGRATION_2019', '2019-07-19 13:47:39', 'QUESTIONNAIRE_MIGRATION_2019'),
	(299, 19, 9, 2, 0, '', '2019-07-19 13:47:40', 'QUESTIONNAIRE_MIGRATION_2019', '2019-07-19 13:47:40', 'QUESTIONNAIRE_MIGRATION_2019'),
	(300, 21, 3, 2, 0, '', '2019-07-19 13:47:39', 'QUESTIONNAIRE_MIGRATION_2019', '2019-07-19 13:47:39', 'QUESTIONNAIRE_MIGRATION_2019'),
	(301, 12, 9, 2, 0, '', '2019-07-19 13:47:40', 'QUESTIONNAIRE_MIGRATION_2019', '2019-07-19 13:47:40', 'QUESTIONNAIRE_MIGRATION_2019'),
	(302, 12, 9, 2, 0, '', '2019-07-19 13:47:40', 'QUESTIONNAIRE_MIGRATION_2019', '2019-07-19 13:47:40', 'QUESTIONNAIRE_MIGRATION_2019'),
	(303, 19, 9, 2, 0, '', '2019-07-19 13:47:40', 'QUESTIONNAIRE_MIGRATION_2019', '2019-07-19 13:47:40', 'QUESTIONNAIRE_MIGRATION_2019'),
	(306, 19, 9, 2, 0, '', '2019-07-19 13:47:40', 'QUESTIONNAIRE_MIGRATION_2019', '2019-07-19 13:47:40', 'QUESTIONNAIRE_MIGRATION_2019'),
	(307, 11, 9, 2, 0, '', '2019-07-19 13:47:40', 'QUESTIONNAIRE_MIGRATION_2019', '2019-07-19 13:47:40', 'QUESTIONNAIRE_MIGRATION_2019'),
	(308, 18, 9, 2, 0, '', '2019-07-19 13:47:40', 'QUESTIONNAIRE_MIGRATION_2019', '2019-07-19 13:47:40', 'QUESTIONNAIRE_MIGRATION_2019'),
	(309, 12, 3, 2, 0, '', '2019-07-19 13:47:39', 'QUESTIONNAIRE_MIGRATION_2019', '2019-07-19 13:47:39', 'QUESTIONNAIRE_MIGRATION_2019'),
	(310, 18, 3, 2, 0, '', '2019-07-19 13:47:39', 'QUESTIONNAIRE_MIGRATION_2019', '2019-07-19 13:47:39', 'QUESTIONNAIRE_MIGRATION_2019'),
	(311, 18, 9, 2, 0, '', '2019-07-19 13:47:40', 'QUESTIONNAIRE_MIGRATION_2019', '2019-07-19 13:47:40', 'QUESTIONNAIRE_MIGRATION_2019'),
	(312, 18, 3, 2, 0, '', '2019-07-19 13:47:39', 'QUESTIONNAIRE_MIGRATION_2019', '2019-07-19 13:47:39', 'QUESTIONNAIRE_MIGRATION_2019'),
	(313, 19, 9, 2, 0, '', '2019-07-19 13:47:40', 'QUESTIONNAIRE_MIGRATION_2019', '2019-07-19 13:47:40', 'QUESTIONNAIRE_MIGRATION_2019'),
	(314, 19, 9, 2, 0, '', '2019-07-19 13:47:40', 'QUESTIONNAIRE_MIGRATION_2019', '2019-07-19 13:47:40', 'QUESTIONNAIRE_MIGRATION_2019'),
	(315, 18, 3, 2, 0, '', '2019-07-19 13:47:39', 'QUESTIONNAIRE_MIGRATION_2019', '2019-07-19 13:47:39', 'QUESTIONNAIRE_MIGRATION_2019'),
	(316, 18, 9, 2, 0, '', '2019-07-19 13:47:40', 'QUESTIONNAIRE_MIGRATION_2019', '2019-07-19 13:47:40', 'QUESTIONNAIRE_MIGRATION_2019'),
	(317, 18, 9, 2, 0, '', '2019-07-19 13:47:40', 'QUESTIONNAIRE_MIGRATION_2019', '2019-07-19 13:47:40', 'QUESTIONNAIRE_MIGRATION_2019'),
	(318, 25, 3, 2, 0, '', '2019-07-19 13:47:39', 'QUESTIONNAIRE_MIGRATION_2019', '2019-07-19 13:47:39', 'QUESTIONNAIRE_MIGRATION_2019'),
	(322, 18, 3, 2, 0, '', '2019-07-19 13:47:39', 'QUESTIONNAIRE_MIGRATION_2019', '2019-07-19 13:47:39', 'QUESTIONNAIRE_MIGRATION_2019'),
	(323, 18, 3, 2, 0, '', '2019-07-19 13:47:39', 'QUESTIONNAIRE_MIGRATION_2019', '2019-07-19 13:47:39', 'QUESTIONNAIRE_MIGRATION_2019'),
	(324, 18, 3, 2, 0, '', '2019-07-19 13:47:39', 'QUESTIONNAIRE_MIGRATION_2019', '2019-07-19 13:47:39', 'QUESTIONNAIRE_MIGRATION_2019'),
	(325, 20, 3, 2, 0, '', '2019-07-19 13:47:39', 'QUESTIONNAIRE_MIGRATION_2019', '2019-07-19 13:47:39', 'QUESTIONNAIRE_MIGRATION_2019'),
	(326, 18, 3, 2, 0, '', '2019-07-19 13:47:39', 'QUESTIONNAIRE_MIGRATION_2019', '2019-07-19 13:47:39', 'QUESTIONNAIRE_MIGRATION_2019'),
	(327, 20, 3, 2, 0, '', '2019-07-19 13:47:39', 'QUESTIONNAIRE_MIGRATION_2019', '2019-07-19 13:47:39', 'QUESTIONNAIRE_MIGRATION_2019'),
	(328, 18, 3, 2, 0, '', '2019-07-19 13:47:39', 'QUESTIONNAIRE_MIGRATION_2019', '2019-07-19 13:47:39', 'QUESTIONNAIRE_MIGRATION_2019'),
	(331, 19, 3, 2, 0, '', '2019-07-19 13:47:39', 'QUESTIONNAIRE_MIGRATION_2019', '2019-07-19 13:47:39', 'QUESTIONNAIRE_MIGRATION_2019'),
	(332, 12, 3, 2, 0, '', '2019-07-19 13:47:39', 'QUESTIONNAIRE_MIGRATION_2019', '2019-07-19 13:47:39', 'QUESTIONNAIRE_MIGRATION_2019'),
	(333, 20, 3, 2, 0, '', '2019-07-19 13:47:39', 'QUESTIONNAIRE_MIGRATION_2019', '2019-07-19 13:47:39', 'QUESTIONNAIRE_MIGRATION_2019'),
	(334, 18, 9, 2, 0, '', '2019-07-19 13:47:40', 'QUESTIONNAIRE_MIGRATION_2019', '2019-07-19 13:47:40', 'QUESTIONNAIRE_MIGRATION_2019'),
	(335, 12, 3, 2, 0, '', '2019-07-19 13:47:39', 'QUESTIONNAIRE_MIGRATION_2019', '2019-07-19 13:47:39', 'QUESTIONNAIRE_MIGRATION_2019'),
	(336, 18, 3, 2, 0, '', '2019-07-19 13:47:39', 'QUESTIONNAIRE_MIGRATION_2019', '2019-07-19 13:47:39', 'QUESTIONNAIRE_MIGRATION_2019'),
	(337, 18, 3, 2, 0, '', '2019-07-19 13:47:39', 'QUESTIONNAIRE_MIGRATION_2019', '2019-07-19 13:47:39', 'QUESTIONNAIRE_MIGRATION_2019'),
	(338, 18, 3, 2, 0, '', '2019-07-19 13:47:39', 'QUESTIONNAIRE_MIGRATION_2019', '2019-07-19 13:47:39', 'QUESTIONNAIRE_MIGRATION_2019'),
	(339, 21, 3, 2, 0, '', '2019-07-19 13:47:40', 'QUESTIONNAIRE_MIGRATION_2019', '2019-07-19 13:47:40', 'QUESTIONNAIRE_MIGRATION_2019'),
	(340, 18, 3, 2, 0, '', '2019-07-19 13:47:40', 'QUESTIONNAIRE_MIGRATION_2019', '2019-07-19 13:47:40', 'QUESTIONNAIRE_MIGRATION_2019'),
	(341, 18, 3, 2, 0, '', '2019-07-19 13:47:40', 'QUESTIONNAIRE_MIGRATION_2019', '2019-07-19 13:47:40', 'QUESTIONNAIRE_MIGRATION_2019'),
	(342, 12, 3, 2, 0, '', '2019-07-19 13:47:40', 'QUESTIONNAIRE_MIGRATION_2019', '2019-07-19 13:47:40', 'QUESTIONNAIRE_MIGRATION_2019'),
	(343, 12, 9, 2, 0, '', '2019-07-19 13:47:41', 'QUESTIONNAIRE_MIGRATION_2019', '2019-07-19 13:47:41', 'QUESTIONNAIRE_MIGRATION_2019'),
	(344, 25, 3, 2, 0, '', '2019-07-19 13:47:40', 'QUESTIONNAIRE_MIGRATION_2019', '2019-07-19 13:47:40', 'QUESTIONNAIRE_MIGRATION_2019'),
	(345, 19, 9, 2, 0, '', '2019-07-19 13:47:41', 'QUESTIONNAIRE_MIGRATION_2019', '2019-07-19 13:47:41', 'QUESTIONNAIRE_MIGRATION_2019'),
	(347, 19, 9, 2, 0, '', '2019-07-19 13:47:41', 'QUESTIONNAIRE_MIGRATION_2019', '2019-07-19 13:47:41', 'QUESTIONNAIRE_MIGRATION_2019'),
	(360, 11, 3, 2, 0, '', '2019-07-19 13:47:40', 'QUESTIONNAIRE_MIGRATION_2019', '2019-07-19 13:47:40', 'QUESTIONNAIRE_MIGRATION_2019'),
	(361, 12, 3, 2, 0, '', '2019-07-19 13:47:40', 'QUESTIONNAIRE_MIGRATION_2019', '2019-07-19 13:47:40', 'QUESTIONNAIRE_MIGRATION_2019'),
	(362, 11, 3, 2, 0, '', '2019-07-19 13:47:40', 'QUESTIONNAIRE_MIGRATION_2019', '2019-07-19 13:47:40', 'QUESTIONNAIRE_MIGRATION_2019'),
	(363, 11, 24, 2, 0, '', '2019-07-19 13:47:41', 'QUESTIONNAIRE_MIGRATION_2019', '2019-07-19 13:47:41', 'QUESTIONNAIRE_MIGRATION_2019'),
	(364, 11, 27, 2, 0, '', '2019-07-19 13:47:41', 'QUESTIONNAIRE_MIGRATION_2019', '2019-07-19 13:47:41', 'QUESTIONNAIRE_MIGRATION_2019'),
	(365, 12, 23, 2, 0, '', '2019-07-19 13:47:41', 'QUESTIONNAIRE_MIGRATION_2019', '2019-07-19 13:47:41', 'QUESTIONNAIRE_MIGRATION_2019'),
	(366, 11, 24, 2, 0, '', '2019-07-19 13:47:41', 'QUESTIONNAIRE_MIGRATION_2019', '2019-07-19 13:47:41', 'QUESTIONNAIRE_MIGRATION_2019'),
	(367, 11, 23, 2, 0, '', '2019-07-19 13:47:41', 'QUESTIONNAIRE_MIGRATION_2019', '2019-07-19 13:47:41', 'QUESTIONNAIRE_MIGRATION_2019'),
	(368, 11, 27, 2, 0, '', '2019-07-19 13:47:41', 'QUESTIONNAIRE_MIGRATION_2019', '2019-07-19 13:47:41', 'QUESTIONNAIRE_MIGRATION_2019'),
	(369, 11, 3, 2, 0, '', '2019-07-19 13:47:40', 'QUESTIONNAIRE_MIGRATION_2019', '2019-07-19 13:47:40', 'QUESTIONNAIRE_MIGRATION_2019'),
	(370, 20, 23, 2, 0, '', '2019-07-19 13:47:41', 'QUESTIONNAIRE_MIGRATION_2019', '2019-07-19 13:47:41', 'QUESTIONNAIRE_MIGRATION_2019'),
	(374, 30, 27, 2, 0, '', '2019-07-19 13:47:41', 'QUESTIONNAIRE_MIGRATION_2019', '2019-07-19 13:47:41', 'QUESTIONNAIRE_MIGRATION_2019'),
	(375, 31, 27, 2, 0, '', '2019-07-19 13:47:41', 'QUESTIONNAIRE_MIGRATION_2019', '2019-07-19 13:47:41', 'QUESTIONNAIRE_MIGRATION_2019'),
	(376, 31, 27, 2, 0, '', '2019-07-19 13:47:41', 'QUESTIONNAIRE_MIGRATION_2019', '2019-07-19 13:47:41', 'QUESTIONNAIRE_MIGRATION_2019'),
	(377, 30, 3, 2, 0, '', '2019-07-19 13:47:40', 'QUESTIONNAIRE_MIGRATION_2019', '2019-07-19 13:47:40', 'QUESTIONNAIRE_MIGRATION_2019'),
	(378, 27, 3, 2, 0, '', '2019-07-19 13:47:40', 'QUESTIONNAIRE_MIGRATION_2019', '2019-07-19 13:47:40', 'QUESTIONNAIRE_MIGRATION_2019'),
	(379, 21, 3, 2, 0, '', '2019-07-19 13:47:40', 'QUESTIONNAIRE_MIGRATION_2019', '2019-07-19 13:47:40', 'QUESTIONNAIRE_MIGRATION_2019'),
	(380, 25, 3, 2, 0, '', '2019-07-19 13:47:40', 'QUESTIONNAIRE_MIGRATION_2019', '2019-07-19 13:47:40', 'QUESTIONNAIRE_MIGRATION_2019'),
	(381, 11, 3, 2, 0, '', '2019-07-19 13:47:40', 'QUESTIONNAIRE_MIGRATION_2019', '2019-07-19 13:47:40', 'QUESTIONNAIRE_MIGRATION_2019'),
	(385, 21, 27, 2, 0, '', '2019-07-19 13:47:41', 'QUESTIONNAIRE_MIGRATION_2019', '2019-07-19 13:47:41', 'QUESTIONNAIRE_MIGRATION_2019'),
	(386, 25, 27, 2, 0, '', '2019-07-19 13:47:41', 'QUESTIONNAIRE_MIGRATION_2019', '2019-07-19 13:47:41', 'QUESTIONNAIRE_MIGRATION_2019'),
	(388, 25, 27, 2, 0, '', '2019-07-19 13:47:41', 'QUESTIONNAIRE_MIGRATION_2019', '2019-07-19 13:47:41', 'QUESTIONNAIRE_MIGRATION_2019'),
	(389, 11, 27, 2, 0, '', '2019-07-19 13:47:41', 'QUESTIONNAIRE_MIGRATION_2019', '2019-07-19 13:47:41', 'QUESTIONNAIRE_MIGRATION_2019'),
	(390, 18, 3, 0, 0, '', '2019-07-11 11:46:05', 'TEST_LISTENER', '2019-07-19 11:35:31', 'QPLUS_100.100.100'),
	(391, 19, 3, 0, 0, '', '2019-07-11 11:46:44', 'TEST_LISTENER', '2019-07-22 10:50:27', 'QPLUS_100.100.100'),
	(392, 30, 27, 2, 0, '', '2019-07-19 13:47:41', 'QUESTIONNAIRE_MIGRATION_2019', '2019-07-19 13:47:41', 'QUESTIONNAIRE_MIGRATION_2019'),
	(393, 11, 3, 0, 0, '', '2019-07-15 16:15:21', 'TEST_LISTENER', '2019-07-19 11:35:34', 'QPLUS_100.100.100'),
	(394, 12, 3, 0, 0, '', '2019-07-15 16:15:36', 'TEST_LISTENER', '2019-07-18 11:14:44', 'QPLUS_100.100.100'),
	(395, 20, 3, 0, 0, '', '2019-07-15 16:15:53', 'TEST_LISTENER', '2019-07-18 11:14:44', 'QPLUS_100.100.100'),
	(396, 21, 3, 0, 0, '', '2019-07-15 16:16:04', 'TEST_LISTENER', '2019-07-18 11:14:44', 'QPLUS_100.100.100'),
	(397, 25, 3, 0, 0, '', '2019-07-15 16:16:16', 'TEST_LISTENER', '2019-07-18 10:46:38', 'TEST_LISTENER'),
	(398, 35, 3, 0, 0, '', '2019-07-26 11:37:52', 'TEST_LISTENER', '2019-09-23 14:51:35', '3_APP_100.100.100');
/*!40000 ALTER TABLE `answerquestionnaire` ENABLE KEYS */;

-- Dumping structure for table questionnairedb2019.answerradiobutton
DROP TABLE IF EXISTS `answerradiobutton`;
CREATE TABLE IF NOT EXISTS `answerradiobutton` (
  `ID` bigint(20) NOT NULL AUTO_INCREMENT,
  `answerId` bigint(20) NOT NULL,
  `value` bigint(20) NOT NULL,
  PRIMARY KEY (`ID`),
  KEY `fk_answerRadioButton_answerId_answer_ID` (`answerId`),
  KEY `fk_answerRadioButton_value_radioButtonOption_ID` (`value`),
  CONSTRAINT `fk_answerRadioButton_answerId_answer_ID` FOREIGN KEY (`answerId`) REFERENCES `answer` (`ID`),
  CONSTRAINT `fk_answerRadioButton_value_radioButtonOption_ID` FOREIGN KEY (`value`) REFERENCES `radiobuttonoption` (`ID`) ON DELETE NO ACTION ON UPDATE NO ACTION
) ENGINE=InnoDB DEFAULT CHARSET=utf8;

-- Dumping data for table questionnairedb2019.answerradiobutton: ~0 rows (approximately)
DELETE FROM `answerradiobutton`;
/*!40000 ALTER TABLE `answerradiobutton` DISABLE KEYS */;
/*!40000 ALTER TABLE `answerradiobutton` ENABLE KEYS */;

-- Dumping structure for table questionnairedb2019.answersection
DROP TABLE IF EXISTS `answersection`;
CREATE TABLE IF NOT EXISTS `answersection` (
  `ID` bigint(20) NOT NULL AUTO_INCREMENT,
  `answerQuestionnaireId` bigint(20) NOT NULL,
  `sectionId` bigint(20) NOT NULL,
  PRIMARY KEY (`ID`),
  KEY `fk_answerSection_answerQuestionnaire_ID` (`answerQuestionnaireId`),
  KEY `fk_answerSection_section_ID` (`sectionId`),
  CONSTRAINT `fk_answerSection_answerQuestionnaire_ID` FOREIGN KEY (`answerQuestionnaireId`) REFERENCES `answerquestionnaire` (`ID`),
  CONSTRAINT `fk_answerSection_section_ID` FOREIGN KEY (`sectionId`) REFERENCES `section` (`ID`) ON DELETE NO ACTION ON UPDATE NO ACTION
) ENGINE=InnoDB AUTO_INCREMENT=202 DEFAULT CHARSET=utf8;

-- Dumping data for table questionnairedb2019.answersection: ~201 rows (approximately)
DELETE FROM `answersection`;
/*!40000 ALTER TABLE `answersection` DISABLE KEYS */;
INSERT INTO `answersection` (`ID`, `answerQuestionnaireId`, `sectionId`) VALUES
	(1, 110, 11),
	(2, 111, 11),
	(3, 112, 11),
	(4, 113, 11),
	(5, 114, 11),
	(6, 115, 11),
	(7, 116, 11),
	(8, 117, 11),
	(9, 118, 11),
	(10, 134, 11),
	(11, 135, 11),
	(12, 136, 11),
	(13, 137, 11),
	(14, 142, 11),
	(15, 156, 11),
	(16, 157, 11),
	(17, 158, 11),
	(18, 159, 11),
	(19, 160, 11),
	(20, 161, 11),
	(21, 162, 11),
	(22, 163, 11),
	(23, 164, 11),
	(24, 165, 11),
	(25, 166, 11),
	(26, 167, 11),
	(27, 168, 11),
	(28, 169, 11),
	(29, 170, 11),
	(30, 173, 11),
	(31, 174, 11),
	(32, 175, 11),
	(33, 176, 11),
	(34, 177, 11),
	(35, 178, 11),
	(36, 179, 11),
	(37, 180, 11),
	(38, 181, 11),
	(39, 182, 11),
	(40, 183, 12),
	(41, 184, 12),
	(42, 185, 12),
	(43, 186, 12),
	(44, 187, 12),
	(45, 188, 11),
	(46, 189, 11),
	(47, 190, 12),
	(48, 191, 12),
	(49, 192, 12),
	(50, 193, 12),
	(51, 194, 12),
	(52, 195, 11),
	(53, 196, 11),
	(54, 197, 11),
	(55, 198, 11),
	(56, 199, 11),
	(57, 200, 11),
	(58, 205, 11),
	(59, 206, 11),
	(60, 207, 12),
	(61, 208, 12),
	(62, 209, 12),
	(63, 210, 12),
	(64, 211, 11),
	(65, 212, 11),
	(66, 213, 11),
	(67, 214, 11),
	(68, 216, 11),
	(69, 222, 12),
	(70, 223, 12),
	(71, 224, 18),
	(72, 226, 12),
	(73, 227, 11),
	(74, 228, 11),
	(75, 229, 11),
	(76, 230, 12),
	(77, 231, 12),
	(78, 232, 18),
	(79, 233, 11),
	(80, 235, 11),
	(81, 236, 11),
	(82, 237, 12),
	(83, 243, 18),
	(84, 244, 19),
	(85, 245, 18),
	(86, 246, 19),
	(87, 247, 18),
	(88, 250, 19),
	(89, 251, 19),
	(90, 252, 19),
	(91, 259, 18),
	(92, 260, 19),
	(93, 261, 18),
	(94, 262, 19),
	(95, 263, 19),
	(96, 264, 19),
	(97, 265, 19),
	(98, 266, 19),
	(99, 267, 19),
	(100, 268, 19),
	(101, 269, 19),
	(102, 270, 18),
	(103, 271, 19),
	(104, 272, 20),
	(105, 273, 19),
	(106, 274, 12),
	(107, 275, 21),
	(108, 276, 19),
	(109, 277, 18),
	(110, 278, 19),
	(111, 279, 19),
	(112, 280, 19),
	(113, 281, 19),
	(114, 282, 19),
	(115, 283, 19),
	(116, 284, 18),
	(117, 285, 11),
	(118, 286, 20),
	(119, 287, 19),
	(120, 288, 11),
	(121, 290, 20),
	(122, 291, 21),
	(123, 292, 19),
	(124, 293, 21),
	(125, 294, 12),
	(126, 296, 19),
	(127, 298, 18),
	(128, 300, 21),
	(129, 309, 12),
	(130, 310, 18),
	(131, 312, 18),
	(132, 315, 18),
	(133, 318, 25),
	(134, 322, 18),
	(135, 323, 18),
	(136, 324, 18),
	(137, 325, 20),
	(138, 326, 18),
	(139, 327, 20),
	(140, 328, 18),
	(141, 331, 19),
	(142, 332, 12),
	(143, 333, 20),
	(144, 335, 12),
	(145, 336, 18),
	(146, 337, 18),
	(147, 338, 18),
	(148, 339, 21),
	(149, 340, 18),
	(150, 341, 18),
	(151, 342, 12),
	(152, 344, 25),
	(153, 360, 11),
	(154, 361, 12),
	(155, 362, 11),
	(156, 369, 11),
	(157, 377, 30),
	(158, 378, 27),
	(159, 379, 21),
	(160, 380, 25),
	(161, 381, 11),
	(162, 217, 11),
	(163, 218, 11),
	(164, 219, 11),
	(165, 220, 11),
	(166, 225, 18),
	(167, 234, 11),
	(168, 289, 19),
	(169, 295, 19),
	(170, 297, 18),
	(171, 299, 19),
	(172, 301, 12),
	(173, 302, 12),
	(174, 303, 19),
	(175, 306, 19),
	(176, 307, 11),
	(177, 308, 18),
	(178, 311, 18),
	(179, 313, 19),
	(180, 314, 19),
	(181, 316, 18),
	(182, 317, 18),
	(183, 334, 18),
	(184, 343, 12),
	(185, 345, 19),
	(186, 347, 19),
	(187, 365, 12),
	(188, 367, 11),
	(189, 370, 20),
	(190, 363, 11),
	(191, 366, 11),
	(192, 364, 11),
	(193, 368, 11),
	(194, 374, 30),
	(195, 375, 31),
	(196, 376, 31),
	(197, 385, 21),
	(198, 386, 25),
	(199, 388, 25),
	(200, 389, 11),
	(201, 392, 30);
/*!40000 ALTER TABLE `answersection` ENABLE KEYS */;

-- Dumping structure for table questionnairedb2019.answerslider
DROP TABLE IF EXISTS `answerslider`;
CREATE TABLE IF NOT EXISTS `answerslider` (
  `ID` bigint(20) NOT NULL AUTO_INCREMENT,
  `answerId` bigint(20) NOT NULL,
  `value` float NOT NULL,
  PRIMARY KEY (`ID`),
  KEY `fk_answerSlider_answer_ID` (`answerId`),
  CONSTRAINT `fk_answerSlider_answer_ID` FOREIGN KEY (`answerId`) REFERENCES `answer` (`ID`)
) ENGINE=InnoDB AUTO_INCREMENT=872 DEFAULT CHARSET=utf8;

-- Dumping data for table questionnairedb2019.answerslider: ~869 rows (approximately)
DELETE FROM `answerslider`;
/*!40000 ALTER TABLE `answerslider` DISABLE KEYS */;
INSERT INTO `answerslider` (`ID`, `answerId`, `value`) VALUES
	(1, 1, 4),
	(2, 1, 4),
	(3, 2, 4),
	(4, 6, 4),
	(5, 7, 5),
	(6, 11, 4),
	(7, 12, 5),
	(8, 16, 5),
	(9, 17, 4),
	(10, 21, 5),
	(11, 22, 3),
	(12, 26, 4),
	(13, 27, 5),
	(14, 31, 3),
	(15, 32, 1),
	(16, 36, 4),
	(17, 37, 4),
	(18, 41, 5),
	(19, 42, 4),
	(20, 46, 5),
	(21, 47, 4),
	(22, 51, 5),
	(23, 52, 4),
	(24, 56, 5),
	(25, 57, 5),
	(26, 61, 4),
	(27, 62, 2),
	(28, 66, 4),
	(29, 67, 4),
	(30, 71, 5),
	(31, 72, 4),
	(32, 76, 5),
	(33, 77, 5),
	(34, 81, 5),
	(35, 82, 4),
	(36, 86, 4),
	(37, 87, 5),
	(38, 91, 5),
	(39, 92, 5),
	(40, 96, 5),
	(41, 97, 5),
	(42, 101, 5),
	(43, 102, 4),
	(44, 106, 4),
	(45, 107, 5),
	(46, 111, 5),
	(47, 112, 5),
	(48, 116, 5),
	(49, 117, 5),
	(50, 121, 4),
	(51, 122, 5),
	(52, 126, 5),
	(53, 127, 5),
	(54, 131, 5),
	(55, 132, 5),
	(56, 136, 4),
	(57, 137, 5),
	(58, 141, 5),
	(59, 142, 5),
	(60, 146, 4),
	(61, 147, 5),
	(62, 151, 5),
	(63, 152, 5),
	(64, 156, 5),
	(65, 157, 5),
	(66, 161, 5),
	(67, 162, 5),
	(68, 166, 5),
	(69, 167, 5),
	(70, 171, 5),
	(71, 172, 5),
	(72, 176, 3),
	(73, 177, 5),
	(74, 181, 5),
	(75, 182, 4),
	(76, 186, 4),
	(77, 187, 5),
	(78, 191, 6),
	(79, 192, 1),
	(80, 193, 6),
	(81, 194, 4),
	(82, 195, 3),
	(83, 196, 5),
	(84, 197, 8),
	(85, 198, 3),
	(86, 199, 5),
	(87, 200, 5),
	(88, 201, 7),
	(89, 202, 9),
	(90, 203, 6),
	(91, 204, 8),
	(92, 205, 7),
	(93, 206, 5),
	(94, 207, 9),
	(95, 208, 6),
	(96, 209, 8),
	(97, 210, 8),
	(98, 211, 8),
	(99, 212, 8),
	(100, 213, 8),
	(101, 214, 8),
	(102, 215, 8),
	(103, 216, 8),
	(104, 217, 8),
	(105, 218, 7),
	(106, 219, 9),
	(107, 220, 7),
	(108, 221, 5),
	(109, 222, 9),
	(110, 223, 7),
	(111, 224, 8),
	(112, 225, 6),
	(113, 226, 9),
	(114, 227, 6),
	(115, 228, 8),
	(116, 229, 6),
	(117, 230, 2),
	(118, 231, 8),
	(119, 232, 7),
	(120, 233, 6),
	(121, 234, 8),
	(122, 235, 7),
	(123, 236, 2),
	(124, 237, 4),
	(125, 241, 4),
	(126, 242, 4),
	(127, 246, 6),
	(128, 247, 5),
	(129, 248, 9),
	(130, 249, 6),
	(131, 250, 8),
	(132, 251, 5),
	(133, 252, 2),
	(134, 253, 5),
	(135, 254, 7),
	(136, 255, 9),
	(137, 256, 8),
	(138, 257, 9),
	(139, 258, 8),
	(140, 259, 10),
	(141, 260, 6),
	(142, 261, 8),
	(143, 262, 8),
	(144, 263, 9),
	(145, 264, 10),
	(146, 265, 7),
	(147, 266, 6),
	(148, 267, 2),
	(149, 268, 1),
	(150, 269, 10),
	(151, 270, 9),
	(152, 271, 10),
	(153, 272, 10),
	(154, 273, 10),
	(155, 274, 10),
	(156, 275, 10),
	(157, 276, 10),
	(158, 277, 10),
	(159, 278, 10),
	(160, 279, 10),
	(161, 280, 10),
	(162, 281, 10),
	(163, 282, 5),
	(164, 283, 7),
	(165, 284, 4),
	(166, 285, 9),
	(167, 286, 7),
	(168, 287, 8),
	(169, 288, 2),
	(170, 289, 4),
	(171, 290, 6),
	(172, 291, 5),
	(173, 292, 4),
	(174, 296, 4),
	(175, 297, 3),
	(176, 301, 3),
	(177, 302, 3),
	(178, 306, 4),
	(179, 307, 4),
	(180, 311, 4),
	(181, 312, 4),
	(182, 316, 5),
	(183, 317, 5),
	(184, 321, 5),
	(185, 322, 3),
	(186, 326, 5),
	(187, 327, 3),
	(188, 331, 6),
	(189, 332, 7),
	(190, 333, 9),
	(191, 334, 9),
	(192, 335, 9),
	(193, 336, 7),
	(194, 337, 9),
	(195, 338, 9),
	(196, 339, 8),
	(197, 340, 6),
	(198, 341, 7),
	(199, 342, 9),
	(200, 343, 9),
	(201, 344, 9),
	(202, 345, 7),
	(203, 346, 9),
	(204, 347, 9),
	(205, 348, 8),
	(206, 349, 9),
	(207, 350, 8),
	(208, 351, 9),
	(209, 352, 8),
	(210, 353, 9),
	(211, 354, 8),
	(212, 355, 8),
	(213, 356, 8),
	(214, 357, 8),
	(215, 358, 9),
	(216, 359, 8),
	(217, 360, 9),
	(218, 361, 8),
	(219, 362, 9),
	(220, 363, 8),
	(221, 364, 8),
	(222, 365, 8),
	(223, 366, 8),
	(224, 367, 5),
	(225, 368, 1),
	(226, 372, 5),
	(227, 373, 1),
	(228, 377, 5),
	(229, 378, 5),
	(230, 382, 5),
	(231, 383, 5),
	(232, 387, 1),
	(233, 388, 2),
	(234, 392, 7),
	(235, 393, 8),
	(236, 394, 10),
	(237, 395, 3),
	(238, 396, 8),
	(239, 397, 9),
	(240, 398, 8),
	(241, 399, 6),
	(242, 400, 9),
	(243, 401, 7),
	(244, 402, 8),
	(245, 403, 10),
	(246, 404, 3),
	(247, 405, 8),
	(248, 406, 9),
	(249, 407, 8),
	(250, 408, 6),
	(251, 409, 9),
	(252, 410, 1),
	(253, 411, 1),
	(254, 412, 2),
	(255, 413, 1),
	(256, 414, 1),
	(257, 415, 2),
	(258, 416, 1),
	(259, 417, 3),
	(260, 418, 5),
	(261, 419, 5),
	(262, 420, 4),
	(263, 421, 9),
	(264, 422, 10),
	(265, 423, 8),
	(266, 424, 9),
	(267, 425, 7),
	(268, 426, 10),
	(269, 427, 6),
	(270, 428, 6),
	(271, 429, 5),
	(272, 430, 3),
	(273, 431, 3),
	(274, 435, 4),
	(275, 436, 5),
	(276, 440, 5),
	(277, 441, 3),
	(278, 445, 6),
	(279, 446, 6),
	(280, 447, 8),
	(281, 448, 8),
	(282, 449, 6),
	(283, 450, 7),
	(284, 451, 6),
	(285, 452, 8),
	(286, 453, 6),
	(287, 454, 10),
	(288, 455, 6),
	(289, 456, 9),
	(290, 457, 9),
	(291, 458, 7),
	(292, 459, 7),
	(293, 460, 7),
	(294, 461, 9),
	(295, 462, 7),
	(296, 463, 2),
	(297, 464, 1),
	(298, 465, 1),
	(299, 466, 2),
	(300, 467, 1),
	(301, 468, 2),
	(302, 469, 2),
	(303, 470, 3),
	(304, 471, 6),
	(305, 472, 6),
	(306, 473, 3),
	(307, 474, 4),
	(308, 475, 2),
	(309, 479, 4),
	(310, 480, 2),
	(311, 482, 4),
	(312, 483, 2),
	(313, 486, 7),
	(314, 487, 9),
	(315, 488, 9),
	(316, 489, 8),
	(317, 490, 7),
	(318, 491, 10),
	(319, 492, 8),
	(320, 493, 6),
	(321, 494, 6),
	(322, 495, 2),
	(323, 496, 1),
	(324, 497, 2),
	(325, 498, 1),
	(326, 499, 2),
	(327, 500, 1),
	(328, 501, 1),
	(329, 502, 2),
	(330, 503, 5),
	(331, 504, 4),
	(332, 505, 2),
	(333, 506, 2),
	(334, 507, 2),
	(335, 511, 3),
	(336, 512, 3),
	(337, 513, 3),
	(338, 514, 3),
	(339, 515, 3),
	(340, 516, 3),
	(341, 517, 2),
	(342, 518, 2),
	(343, 519, 5),
	(344, 520, 6),
	(345, 521, 4),
	(346, 522, 4),
	(347, 523, 3),
	(348, 527, 3),
	(349, 528, 4),
	(350, 529, 2),
	(351, 530, 3),
	(352, 531, 4),
	(353, 532, 1),
	(354, 533, 4),
	(355, 534, 3),
	(356, 535, 6),
	(357, 536, 6),
	(358, 537, 4),
	(359, 538, 5),
	(360, 539, 4),
	(361, 544, 4),
	(362, 545, 3),
	(363, 549, 4),
	(364, 550, 3),
	(365, 554, 3),
	(366, 555, 2),
	(367, 556, 4),
	(368, 557, 1),
	(369, 558, 2),
	(370, 559, 3),
	(371, 560, 2),
	(372, 561, 1),
	(373, 562, 6),
	(374, 563, 5),
	(375, 564, 2),
	(376, 565, 4),
	(377, 566, 4),
	(378, 571, 3),
	(379, 572, 4),
	(380, 573, 3),
	(381, 574, 3),
	(382, 575, 4),
	(383, 576, 3),
	(384, 577, 4),
	(385, 578, 1),
	(386, 579, 6),
	(387, 580, 7),
	(388, 581, 2),
	(389, 582, 4),
	(390, 583, 5),
	(391, 589, 5),
	(392, 590, 3),
	(393, 596, 4),
	(394, 597, 3),
	(395, 603, 4),
	(396, 604, 2),
	(397, 610, 4),
	(398, 611, 5),
	(399, 617, 4),
	(400, 618, 5),
	(401, 623, 4),
	(402, 624, 5),
	(403, 629, 4),
	(404, 630, 4),
	(405, 635, 3),
	(406, 636, 2),
	(407, 637, 3),
	(408, 638, 4),
	(409, 639, 1),
	(410, 640, 3),
	(411, 641, 2),
	(412, 642, 3),
	(413, 643, 4),
	(414, 644, 4),
	(415, 645, 1),
	(416, 646, 4),
	(417, 647, 3),
	(418, 656, 4),
	(419, 657, 3),
	(420, 662, 9),
	(421, 663, 9),
	(422, 664, 10),
	(423, 665, 6),
	(424, 666, 9),
	(425, 667, 8),
	(426, 668, 8),
	(427, 669, 9),
	(428, 670, 9),
	(429, 676, 4),
	(430, 677, 5),
	(431, 682, 3),
	(432, 683, 4),
	(433, 684, 3),
	(434, 685, 2),
	(435, 686, 4),
	(436, 687, 4),
	(437, 688, 2),
	(438, 689, 3),
	(439, 690, 6),
	(440, 691, 6),
	(441, 692, 3),
	(442, 693, 3),
	(443, 694, 5),
	(444, 699, 4),
	(445, 700, 5),
	(446, 705, 4),
	(447, 706, 4),
	(448, 711, 4),
	(449, 712, 5),
	(450, 718, 4),
	(451, 719, 3),
	(452, 725, 4),
	(453, 726, 5),
	(454, 732, 3),
	(455, 733, 3),
	(456, 734, 3),
	(457, 735, 3),
	(458, 736, 3),
	(459, 737, 3),
	(460, 738, 4),
	(461, 739, 1),
	(462, 740, 4),
	(463, 741, 7),
	(464, 742, 3),
	(465, 743, 4),
	(466, 744, 2),
	(467, 749, 4),
	(468, 750, 3),
	(469, 755, 4),
	(470, 756, 3),
	(471, 766, 4),
	(472, 767, 5),
	(473, 777, 9),
	(474, 778, 7),
	(475, 779, 7),
	(476, 780, 9),
	(477, 781, 8),
	(478, 782, 5),
	(479, 783, 4),
	(480, 784, 3),
	(481, 785, 5),
	(482, 786, 5),
	(483, 787, 5),
	(484, 793, 3),
	(485, 794, 3),
	(486, 795, 2),
	(487, 796, 4),
	(488, 797, 2),
	(489, 798, 2),
	(490, 799, 3),
	(491, 800, 1),
	(492, 801, 6),
	(493, 802, 5),
	(494, 803, 2),
	(495, 809, 7),
	(496, 810, 6),
	(497, 811, 7),
	(498, 812, 6),
	(499, 813, 7),
	(500, 814, 6),
	(501, 815, 6),
	(502, 816, 6),
	(503, 817, 4),
	(504, 818, 2),
	(505, 819, 3),
	(506, 820, 2),
	(507, 821, 2),
	(508, 822, 1),
	(509, 823, 2),
	(510, 824, 2),
	(511, 825, 2),
	(512, 826, 5),
	(513, 827, 3),
	(514, 828, 2),
	(515, 829, 2),
	(516, 830, 2),
	(517, 831, 3),
	(518, 832, 1),
	(519, 833, 2),
	(520, 834, 2),
	(521, 835, 1),
	(522, 836, 1),
	(523, 837, 4),
	(524, 838, 4),
	(525, 839, 1),
	(526, 840, 4),
	(527, 841, 4),
	(528, 842, 3),
	(529, 843, 2),
	(530, 844, 2),
	(531, 845, 2),
	(532, 846, 2),
	(533, 847, 2),
	(534, 848, 5),
	(535, 849, 5),
	(536, 850, 2),
	(537, 859, 4),
	(538, 860, 4),
	(539, 861, 4),
	(540, 862, 4),
	(541, 863, 4),
	(542, 864, 4),
	(543, 865, 4),
	(544, 866, 4),
	(545, 867, 7),
	(546, 868, 7),
	(547, 869, 4),
	(548, 870, 2),
	(549, 871, 3),
	(550, 872, 2),
	(551, 873, 3),
	(552, 874, 2),
	(553, 875, 3),
	(554, 876, 2),
	(555, 877, 3),
	(556, 878, 7),
	(557, 879, 4),
	(558, 880, 2),
	(559, 881, 2),
	(560, 882, 2),
	(561, 883, 3),
	(562, 884, 1),
	(563, 885, 4),
	(564, 886, 3),
	(565, 887, 3),
	(566, 888, 1),
	(567, 889, 4),
	(568, 890, 6),
	(569, 891, 4),
	(570, 895, 3),
	(571, 896, 4),
	(572, 897, 3),
	(573, 898, 2),
	(574, 899, 1),
	(575, 900, 4),
	(576, 901, 2),
	(577, 902, 3),
	(578, 903, 2),
	(579, 904, 6),
	(580, 905, 4),
	(581, 909, 3),
	(582, 910, 4),
	(583, 911, 4),
	(584, 912, 4),
	(585, 913, 4),
	(586, 914, 4),
	(587, 915, 4),
	(588, 916, 3),
	(589, 917, 6),
	(590, 918, 6),
	(591, 919, 3),
	(592, 920, 5),
	(593, 921, 4),
	(594, 927, 10),
	(595, 928, 9),
	(596, 929, 8),
	(597, 930, 7),
	(598, 931, 6),
	(599, 932, 5),
	(600, 933, 4),
	(601, 934, 3),
	(602, 935, 2),
	(603, 939, 1),
	(604, 940, 1),
	(605, 941, 1),
	(606, 942, 1),
	(607, 943, 1),
	(608, 944, 1),
	(609, 945, 1),
	(610, 946, 1),
	(611, 947, 5),
	(612, 948, 3),
	(613, 949, 4),
	(614, 950, 4),
	(615, 951, 4),
	(616, 952, 4),
	(617, 953, 4),
	(618, 954, 4),
	(619, 955, 4),
	(620, 956, 6),
	(621, 957, 6),
	(622, 958, 3),
	(623, 959, 1),
	(624, 960, 1),
	(625, 961, 1),
	(626, 962, 1),
	(627, 963, 1),
	(628, 964, 1),
	(629, 965, 1),
	(630, 966, 1),
	(631, 967, 1),
	(632, 968, 1),
	(633, 969, 1),
	(634, 970, 4),
	(635, 971, 4),
	(636, 972, 4),
	(637, 973, 4),
	(638, 974, 4),
	(639, 975, 4),
	(640, 976, 4),
	(641, 977, 4),
	(642, 978, 4),
	(643, 979, 7),
	(644, 980, 4),
	(645, 986, 2),
	(646, 987, 2),
	(647, 988, 2),
	(648, 989, 2),
	(649, 990, 2),
	(650, 991, 2),
	(651, 992, 2),
	(652, 993, 4),
	(653, 994, 2),
	(654, 995, 2),
	(655, 996, 2),
	(656, 997, 1),
	(657, 998, 1),
	(658, 999, 1),
	(659, 1000, 1),
	(660, 1001, 4),
	(661, 1002, 3),
	(662, 1003, 2),
	(663, 1004, 1),
	(664, 1005, 1),
	(665, 1006, 1),
	(666, 1007, 1),
	(667, 1008, 4),
	(668, 1009, 7),
	(669, 1010, 8),
	(670, 1011, 7),
	(671, 1012, 7),
	(672, 1013, 7),
	(673, 1014, 8),
	(674, 1015, 7),
	(675, 1016, 6),
	(676, 1033, 4),
	(677, 1034, 4),
	(678, 1038, 5),
	(679, 1039, 6),
	(680, 1040, 5),
	(681, 1041, 6),
	(682, 1042, 5),
	(683, 1043, 6),
	(684, 1044, 5),
	(685, 1045, 6),
	(686, 1046, 1),
	(687, 1047, 5),
	(688, 1048, 4),
	(689, 1050, 4),
	(690, 1051, 3),
	(691, 1057, 4),
	(692, 1058, 1),
	(693, 1059, 4),
	(694, 1060, 2),
	(695, 1096, 2),
	(696, 1097, 5),
	(697, 1101, 5),
	(698, 1102, 5),
	(699, 1106, 5),
	(700, 1107, 5),
	(701, 1111, 5),
	(702, 1112, 5),
	(703, 1116, 5),
	(704, 1117, 5),
	(705, 1121, 4),
	(706, 1122, 4),
	(707, 1123, 1),
	(708, 1124, 2),
	(709, 1125, 2),
	(710, 1126, 3),
	(711, 1127, 3),
	(712, 1128, 2),
	(713, 1129, 6),
	(714, 1130, 5),
	(715, 1131, 3),
	(716, 1132, 4),
	(717, 1133, 3),
	(718, 1137, 5),
	(719, 1138, 5),
	(720, 1144, 4),
	(721, 1145, 2),
	(722, 1151, 3),
	(723, 1152, 2),
	(724, 1153, 1),
	(725, 1154, 1),
	(726, 1155, 2),
	(727, 1156, 2),
	(728, 1157, 3),
	(729, 1158, 2),
	(730, 1159, 4),
	(731, 1160, 3),
	(732, 1161, 2),
	(733, 1162, 4),
	(734, 1163, 4),
	(735, 1168, 9),
	(736, 1169, 10),
	(737, 1170, 10),
	(738, 1171, 9),
	(739, 1172, 8),
	(740, 1173, 5),
	(741, 1174, 6),
	(742, 1175, 10),
	(743, 1176, 3),
	(744, 1177, 10),
	(745, 1178, 10),
	(746, 1179, 10),
	(747, 1180, 10),
	(748, 1181, 10),
	(749, 1182, 10),
	(750, 1183, 10),
	(751, 1184, 10),
	(752, 1185, 10),
	(753, 1186, 5),
	(754, 1187, 5),
	(755, 1192, 5),
	(756, 1193, 4),
	(757, 1198, 5),
	(758, 1199, 5),
	(759, 1203, 4),
	(760, 1204, 4),
	(761, 1205, 4),
	(762, 1206, 4),
	(763, 1207, 4),
	(764, 1208, 4),
	(765, 1209, 4),
	(766, 1210, 4),
	(767, 1211, 7),
	(768, 1212, 7),
	(769, 1213, 4),
	(770, 1214, 3),
	(771, 1215, 4),
	(772, 1216, 2),
	(773, 1217, 1),
	(774, 1218, 1),
	(775, 1219, 1),
	(776, 1220, 2),
	(777, 1221, 4),
	(778, 1222, 2),
	(779, 1223, 3),
	(780, 1224, 3),
	(781, 1225, 3),
	(782, 1226, 3),
	(783, 1232, 5),
	(784, 1233, 5),
	(785, 1239, 3),
	(786, 1240, 4),
	(787, 1241, 3),
	(788, 1242, 1),
	(789, 1243, 1),
	(790, 1244, 1),
	(791, 1245, 2),
	(792, 1246, 3),
	(793, 1247, 3),
	(794, 1248, 4),
	(795, 1249, 3),
	(796, 1250, 3),
	(797, 1251, 3),
	(798, 1252, 2),
	(799, 1253, 1),
	(800, 1254, 1),
	(801, 1255, 2),
	(802, 1256, 2),
	(803, 1257, 4),
	(804, 1258, 3),
	(805, 1259, 3),
	(806, 1260, 4),
	(807, 1261, 3),
	(808, 1262, 3),
	(809, 1263, 3),
	(810, 1264, 3),
	(811, 1265, 3),
	(812, 1266, 3),
	(813, 1267, 2),
	(814, 1268, 1),
	(815, 1269, 2),
	(816, 1270, 1),
	(817, 1271, 2),
	(818, 1272, 9),
	(819, 1273, 9),
	(820, 1274, 8),
	(821, 1275, 7),
	(822, 1276, 9),
	(823, 1277, 7),
	(824, 1278, 8),
	(825, 1279, 6),
	(826, 1280, 7),
	(827, 1281, 3),
	(828, 1282, 3),
	(829, 1288, 5),
	(830, 1289, 4),
	(831, 1295, 9),
	(832, 1296, 9),
	(833, 1297, 7),
	(834, 1298, 6),
	(835, 1299, 5),
	(836, 1300, 7),
	(837, 1301, 6),
	(838, 1302, 6),
	(839, 1303, 5),
	(840, 1304, 4),
	(841, 1305, 4),
	(842, 1312, 5),
	(843, 1313, 4),
	(844, 1317, 5),
	(845, 1318, 4),
	(846, 1322, 5),
	(847, 1323, 5),
	(848, 1327, 3),
	(849, 1328, 3),
	(850, 1334, 3),
	(851, 1335, 4),
	(852, 1336, 1),
	(853, 1337, 0),
	(854, 1340, 3),
	(855, 1343, 1),
	(856, 1344, 2),
	(857, 1345, 3),
	(858, 1346, 4),
	(859, 1349, 3),
	(860, 1352, 4),
	(861, 1353, 1),
	(862, 1354, 3),
	(863, 1355, 2),
	(864, 1395, 4),
	(865, 1396, 1),
	(866, 1402, 2),
	(867, 1403, 4),
	(868, 1404, 2),
	(869, 1405, 1),
	(870, 1407, 20),
	(871, 1407, 21);
/*!40000 ALTER TABLE `answerslider` ENABLE KEYS */;

-- Dumping structure for table questionnairedb2019.answertextbox
DROP TABLE IF EXISTS `answertextbox`;
CREATE TABLE IF NOT EXISTS `answertextbox` (
  `ID` bigint(20) NOT NULL AUTO_INCREMENT,
  `answerId` bigint(20) NOT NULL,
  `value` text NOT NULL,
  PRIMARY KEY (`ID`),
  KEY `fk_answerTextBox_answerId_answer_ID` (`answerId`),
  CONSTRAINT `fk_answerTextBox_answerId_answer_ID` FOREIGN KEY (`answerId`) REFERENCES `answer` (`ID`)
) ENGINE=InnoDB AUTO_INCREMENT=214 DEFAULT CHARSET=utf8;

-- Dumping data for table questionnairedb2019.answertextbox: ~213 rows (approximately)
DELETE FROM `answertextbox`;
/*!40000 ALTER TABLE `answertextbox` DISABLE KEYS */;
INSERT INTO `answertextbox` (`ID`, `answerId`, `value`) VALUES
	(1, 4, 'asdafsa'),
	(2, 5, 'asfasdfasd'),
	(3, 9, 'asdasda'),
	(4, 10, 'adsfasdfasd'),
	(5, 14, 'aasDa'),
	(6, 15, 'asdSAdas'),
	(7, 19, 'ADAFADF'),
	(8, 20, 'ADSFASDFSA'),
	(9, 24, 'SDFAS'),
	(10, 25, 'dsafasdfa'),
	(11, 29, 'lkjlk'),
	(12, 30, 'ljljkl;j;'),
	(13, 34, 'Gehf'),
	(14, 35, 'Hdjfifs'),
	(15, 39, 'Thi'),
	(16, 40, 'The yuk'),
	(17, 44, 'gdsasdf'),
	(18, 45, 'fdsafsad'),
	(19, 49, 'fdsffasdf'),
	(20, 50, 'fdsfasdfsad'),
	(21, 54, 'dsfsdfs'),
	(22, 55, 'sdfsdafsd'),
	(23, 59, 'dfasdfas'),
	(24, 60, 'fdsafsadfsaf'),
	(25, 64, 'Dudnfg'),
	(26, 65, 'Cdknrdd'),
	(27, 69, 'khkhk'),
	(28, 70, 'fgfdgafsd'),
	(29, 74, 'DFADSFASDFASD'),
	(30, 75, 'DFASDFASDFASD'),
	(31, 79, 'dsfasdfadsf'),
	(32, 80, 'dfasdfdasfs'),
	(33, 84, 'dsfgdfdsa'),
	(34, 85, 'fddsafasdfsa'),
	(35, 89, 'tfadsfasdf'),
	(36, 90, 'fdsafsdfasd'),
	(37, 94, 'gfdsgfdgdfs'),
	(38, 95, 'fdsfasdfasdfasd'),
	(39, 99, 'fsdafasdfasdf'),
	(40, 100, 'dfasdfadsfasdf'),
	(41, 104, 'dgfadsfdsaf'),
	(42, 105, 'dfasdfsadfsa'),
	(43, 109, 'khlhldsfsdf'),
	(44, 110, 'fsadfadsfas'),
	(45, 114, 'dfdsafasd'),
	(46, 115, 'fdsfasdfasdf'),
	(47, 119, 'dfsadfsadf'),
	(48, 120, 'fdsafasdfas'),
	(49, 124, 'fdssadfsda'),
	(50, 125, 'dfasdfdsaf'),
	(51, 129, 'fgadfsgsd'),
	(52, 130, 'dfasfadsf'),
	(53, 134, 'fgadfsgsd'),
	(54, 135, 'dfasfadsf'),
	(55, 139, 'dsadASDA'),
	(56, 140, 'dfasdfdsaf'),
	(57, 144, 'gdfsgdfsgfd'),
	(58, 145, 'fgdfgfdsgs'),
	(59, 149, 'dsczxcXZ'),
	(60, 150, 'xzcxzczXC'),
	(61, 154, 'dsfsdaf'),
	(62, 155, 'fdssdfasd'),
	(63, 159, 'dfasdfasdf'),
	(64, 160, 'fdsafasdf'),
	(65, 164, 'dfsadfasdf'),
	(66, 165, 'sfasdfadsf'),
	(67, 169, 'cdsasd'),
	(68, 170, 'dsadasD'),
	(69, 174, 'fsdfasdfas'),
	(70, 175, 'fdsfasdfasdf'),
	(71, 179, 'k'),
	(72, 180, 'm'),
	(73, 184, 'lkjlk'),
	(74, 185, 'kjkjh'),
	(75, 189, 'JHGGK'),
	(76, 190, 'KJHLKJ'),
	(77, 239, 'It\'s lit!'),
	(78, 240, '-------------'),
	(79, 244, 'Testing'),
	(80, 245, 'D ggucuc'),
	(81, 294, 'Hgfyy'),
	(82, 295, 'Test'),
	(83, 299, 'Bdbshe'),
	(84, 300, 'Udurud'),
	(85, 304, 'Hhkrdgk'),
	(86, 305, 'Hkigdf'),
	(87, 309, 'Test'),
	(88, 310, 'Hi'),
	(89, 314, 'asfsgasd'),
	(90, 315, 'sadfdasf'),
	(91, 319, 'Hehehrhr'),
	(92, 320, 'Hehehrhr'),
	(93, 324, 'Tvrhtm'),
	(94, 325, 'Httyg'),
	(95, 329, 'Tvrhtm'),
	(96, 330, 'Httyg'),
	(97, 370, 'Should have the option to leave this empty!'),
	(98, 371, 'Should have the option to leave this empty!'),
	(99, 375, 'Should have the option to leave this empty!'),
	(100, 376, 'Should have the option to leave this empty!'),
	(101, 380, 'Test'),
	(102, 381, 'Test'),
	(103, 385, 'Test'),
	(104, 386, 'Test'),
	(105, 390, 'Yick is testing'),
	(106, 391, 'Testing'),
	(107, 433, 'I like it'),
	(108, 434, 'I like it again'),
	(109, 438, 'I like it. Easy to use'),
	(110, 439, 'I like it again...'),
	(111, 443, 'like it'),
	(112, 444, 'like it...'),
	(113, 477, '.'),
	(114, 478, '.'),
	(115, 485, '.'),
	(116, 543, '.'),
	(117, 570, '.'),
	(118, 588, 'testing'),
	(119, 595, '.'),
	(120, 602, 'nothing'),
	(121, 609, 'flexibility'),
	(122, 616, 'flex'),
	(123, 652, 'Flexible'),
	(124, 717, 'ogxotdotcocofoycoycyp'),
	(125, 724, 'Testing'),
	(126, 731, 'flexibility'),
	(127, 792, 'fknfewfwe;'),
	(128, 926, 'test'),
	(129, 1018, 'Test'),
	(130, 1020, 'Test'),
	(131, 1021, 'Test'),
	(132, 1023, 'Test'),
	(133, 1026, 'Test'),
	(134, 1029, 'Test'),
	(135, 1030, 'Test'),
	(136, 1032, 'Test'),
	(137, 1036, 'bbbb'),
	(138, 1037, 'xffg'),
	(139, 1053, 'Test'),
	(140, 1054, 'Test'),
	(141, 1055, '109'),
	(142, 1056, 'All my friends.'),
	(143, 1062, 'I have none.'),
	(144, 1081, 'Test 1'),
	(145, 1083, 'J\'ai mal aux paules.'),
	(146, 1084, '1, 2, 3 mdicaments'),
	(147, 1086, '(1) Aujourd\'hui\n(2) CUSM\n(3) paule gauche'),
	(148, 1089, '(1) Latex --> plaques sur la peau'),
	(149, 1092, '2 par jour, 5 ans.'),
	(150, 1093, 'N-A'),
	(151, 1095, '0'),
	(152, 1099, 'Example 1'),
	(153, 1100, 'Nothing new.'),
	(154, 1104, 'I love everything!'),
	(155, 1105, 'No you guys did great!'),
	(156, 1109, 'I love everything!'),
	(157, 1110, 'No you guys did great!'),
	(158, 1114, 'I love everything!'),
	(159, 1115, 'No you guys did great!'),
	(160, 1119, 'I love everything!'),
	(161, 1120, 'No you guys did great!'),
	(162, 1135, 'Dd'),
	(163, 1136, 'Dd'),
	(164, 1143, 'From Laurie as a test.'),
	(165, 1150, 'Gujddfg'),
	(166, 1191, 'lnfgsdnvds'),
	(167, 1197, 'knf;kwdn'),
	(168, 1201, 'd;fdn'),
	(169, 1202, 'd smsdn.'),
	(170, 1231, 'Rufidi'),
	(171, 1238, 'Food'),
	(172, 1287, 'Hhvhc'),
	(173, 1294, 'Would like waiting times.'),
	(174, 1307, 'Test'),
	(175, 1308, 'Test'),
	(176, 1315, 'test'),
	(177, 1316, 'test 2'),
	(178, 1320, 'Test'),
	(179, 1321, 'Test'),
	(180, 1325, 'Test 2018-01-28 11:04 AM - English'),
	(181, 1326, 'Test 2018-01-28 11:04 AM - English'),
	(182, 1330, 'Test 2019-01-29 1:24 PM - English'),
	(183, 1331, 'Test 2019-01-29 1:24 PM - English'),
	(184, 1332, '99'),
	(185, 1333, '2'),
	(186, 1339, 'The parent of my child of my parent of my child'),
	(187, 1341, '99'),
	(188, 1342, '99 friends'),
	(189, 1348, 'Holograms'),
	(190, 1350, 'Test 1'),
	(191, 1351, 'Test mother'),
	(192, 1357, 'Test suggestion'),
	(193, 1364, 'None'),
	(194, 1366, 'Example 2'),
	(195, 1367, 'Pill'),
	(196, 1369, 'Example 3... test'),
	(197, 1372, 'Example 1'),
	(198, 1375, '0'),
	(199, 1376, 'Never'),
	(200, 1378, '0.5'),
	(201, 1380, 'XYZ'),
	(202, 1382, '123456'),
	(203, 1383, 'Example 1'),
	(204, 1385, 'Test'),
	(205, 1388, 'Allergy 1'),
	(206, 1391, 'Test 2'),
	(207, 1392, '5'),
	(208, 1394, '8'),
	(209, 1398, 'Test '),
	(210, 1399, 'Un exemple d\'info'),
	(211, 1400, 'Test'),
	(212, 1401, '999'),
	(213, 1407, 'Exemple');
/*!40000 ALTER TABLE `answertextbox` ENABLE KEYS */;

-- Dumping structure for table questionnairedb2019.answertime
DROP TABLE IF EXISTS `answertime`;
CREATE TABLE IF NOT EXISTS `answertime` (
  `ID` bigint(20) NOT NULL AUTO_INCREMENT,
  `answerId` bigint(20) NOT NULL,
  `value` time NOT NULL,
  PRIMARY KEY (`ID`),
  KEY `fk_answerTime_answerId_answer_ID` (`answerId`),
  CONSTRAINT `fk_answerTime_answerId_answer_ID` FOREIGN KEY (`answerId`) REFERENCES `answer` (`ID`)
) ENGINE=InnoDB DEFAULT CHARSET=utf8;

-- Dumping data for table questionnairedb2019.answertime: ~0 rows (approximately)
DELETE FROM `answertime`;
/*!40000 ALTER TABLE `answertime` DISABLE KEYS */;
/*!40000 ALTER TABLE `answertime` ENABLE KEYS */;

-- Dumping structure for table questionnairedb2019.checkbox
DROP TABLE IF EXISTS `checkbox`;
CREATE TABLE IF NOT EXISTS `checkbox` (
  `ID` bigint(20) NOT NULL AUTO_INCREMENT,
  `questionId` bigint(20) NOT NULL,
  `minAnswer` int(11) NOT NULL DEFAULT '1',
  `maxAnswer` int(11) NOT NULL DEFAULT '1',
  PRIMARY KEY (`ID`),
  KEY `fk_checkbox_questionId_question_ID` (`questionId`),
  CONSTRAINT `fk_checkbox_questionId_question_ID` FOREIGN KEY (`questionId`) REFERENCES `question` (`ID`) ON DELETE NO ACTION ON UPDATE NO ACTION
) ENGINE=InnoDB AUTO_INCREMENT=4 DEFAULT CHARSET=utf8;

-- Dumping data for table questionnairedb2019.checkbox: ~3 rows (approximately)
DELETE FROM `checkbox`;
/*!40000 ALTER TABLE `checkbox` DISABLE KEYS */;
INSERT INTO `checkbox` (`ID`, `questionId`, `minAnswer`, `maxAnswer`) VALUES
	(1, 811, 1, 9),
	(2, 857, 1, 14),
	(3, 871, 1, 10);
/*!40000 ALTER TABLE `checkbox` ENABLE KEYS */;

-- Dumping structure for table questionnairedb2019.checkboxoption
DROP TABLE IF EXISTS `checkboxoption`;
CREATE TABLE IF NOT EXISTS `checkboxoption` (
  `ID` bigint(20) NOT NULL AUTO_INCREMENT,
  `parentTableId` bigint(20) NOT NULL,
  `order` int(11) NOT NULL DEFAULT '0',
  `description` bigint(20) NOT NULL,
  `specialAction` int(11) NOT NULL DEFAULT '0' COMMENT '0 = nothing special, 1 = check everything, 2 = uncheck everything',
  PRIMARY KEY (`ID`),
  KEY `fk_checkboxOption_parentTableId_checkBox_ID` (`parentTableId`),
  KEY `fk_checkboxOption_description_dictionary_contentId` (`description`),
  CONSTRAINT `fk_checkboxOption_description_dictionary_contentId` FOREIGN KEY (`description`) REFERENCES `dictionary` (`contentId`) ON DELETE NO ACTION ON UPDATE NO ACTION,
  CONSTRAINT `fk_checkboxOption_parentTableId_checkBox_ID` FOREIGN KEY (`parentTableId`) REFERENCES `checkbox` (`ID`) ON DELETE NO ACTION ON UPDATE NO ACTION
) ENGINE=InnoDB AUTO_INCREMENT=34 DEFAULT CHARSET=utf8;

-- Dumping data for table questionnairedb2019.checkboxoption: ~33 rows (approximately)
DELETE FROM `checkboxoption`;
/*!40000 ALTER TABLE `checkboxoption` DISABLE KEYS */;
INSERT INTO `checkboxoption` (`ID`, `parentTableId`, `order`, `description`, `specialAction`) VALUES
	(1, 1, 1, 25, 0),
	(2, 1, 2, 26, 0),
	(3, 1, 3, 27, 0),
	(4, 1, 4, 28, 0),
	(5, 1, 5, 29, 0),
	(6, 1, 6, 30, 0),
	(7, 1, 7, 31, 0),
	(8, 1, 8, 32, 0),
	(9, 1, 9, 33, 0),
	(10, 2, 1, 169, 0),
	(11, 2, 2, 170, 0),
	(12, 2, 3, 171, 0),
	(13, 2, 4, 172, 0),
	(14, 2, 5, 173, 0),
	(15, 2, 6, 174, 0),
	(16, 2, 7, 175, 0),
	(17, 2, 8, 176, 0),
	(18, 2, 9, 177, 0),
	(19, 2, 10, 178, 0),
	(20, 2, 11, 179, 0),
	(21, 2, 12, 180, 0),
	(22, 2, 13, 181, 0),
	(23, 2, 14, 182, 0),
	(24, 3, 1, 268, 0),
	(25, 3, 2, 269, 0),
	(26, 3, 3, 270, 0),
	(27, 3, 4, 271, 0),
	(28, 3, 5, 272, 0),
	(29, 3, 6, 273, 0),
	(30, 3, 7, 274, 0),
	(31, 3, 8, 275, 0),
	(32, 3, 9, 276, 0),
	(33, 3, 10, 277, 0);
/*!40000 ALTER TABLE `checkboxoption` ENABLE KEYS */;

-- Dumping structure for table questionnairedb2019.date
DROP TABLE IF EXISTS `date`;
CREATE TABLE IF NOT EXISTS `date` (
  `ID` bigint(20) NOT NULL AUTO_INCREMENT,
  `questionId` bigint(20) NOT NULL,
  PRIMARY KEY (`ID`),
  KEY `fk_date_questionId_question_ID` (`questionId`),
  CONSTRAINT `fk_date_questionId_question_ID` FOREIGN KEY (`questionId`) REFERENCES `question` (`ID`) ON DELETE NO ACTION ON UPDATE NO ACTION
) ENGINE=InnoDB DEFAULT CHARSET=utf8;

-- Dumping data for table questionnairedb2019.date: ~0 rows (approximately)
DELETE FROM `date`;
/*!40000 ALTER TABLE `date` DISABLE KEYS */;
/*!40000 ALTER TABLE `date` ENABLE KEYS */;

-- Dumping structure for table questionnairedb2019.definitiontable
DROP TABLE IF EXISTS `definitiontable`;
CREATE TABLE IF NOT EXISTS `definitiontable` (
  `ID` bigint(20) NOT NULL AUTO_INCREMENT,
  `name` varchar(255) NOT NULL,
  PRIMARY KEY (`ID`)
) ENGINE=InnoDB AUTO_INCREMENT=53 DEFAULT CHARSET=utf8;

-- Dumping data for table questionnairedb2019.definitiontable: ~52 rows (approximately)
DELETE FROM `definitiontable`;
/*!40000 ALTER TABLE `definitiontable` DISABLE KEYS */;
INSERT INTO `definitiontable` (`ID`, `name`) VALUES
	(1, 'answer'),
	(2, 'answerCheckbox'),
	(3, 'answerDate'),
	(4, 'answerLabel'),
	(5, 'answerQuestionnaire'),
	(6, 'answerRadioButton'),
	(7, 'answerSection'),
	(8, 'answerSlider'),
	(9, 'answerTextBox'),
	(10, 'answerTime'),
	(11, 'checkbox'),
	(12, 'checkboxOption'),
	(13, 'date'),
	(14, 'definitionTable'),
	(15, 'dictionary'),
	(16, 'label'),
	(17, 'labelOption'),
	(18, 'language'),
	(19, 'legacyType'),
	(20, 'library'),
	(21, 'libraryQuestion'),
	(22, 'patient'),
	(23, 'question'),
	(24, 'questionFeedback'),
	(25, 'questionRating'),
	(26, 'questionSection'),
	(27, 'questionnaire'),
	(28, 'questionnaireFeedback'),
	(29, 'questionnaireRating'),
	(30, 'radioButton'),
	(31, 'radioButtonOption'),
	(32, 'section'),
	(33, 'slider'),
	(34, 'tag'),
	(35, 'tagLibrary'),
	(36, 'tagQuestion'),
	(37, 'templateQuestion'),
	(38, 'templateQuestionCheckbox'),
	(39, 'templateQuestionCheckboxOption'),
	(40, 'templateQuestionDate'),
	(41, 'templateQuestionLabel'),
	(42, 'templateQuestionLabelOption'),
	(43, 'templateQuestionRadioButton'),
	(44, 'templateQuestionRadioButtonOption'),
	(45, 'templateQuestionSlider'),
	(46, 'templateQuestionTextBox'),
	(47, 'templateQuestionTextBoxTrigger'),
	(48, 'templateQuestionTime'),
	(49, 'textBox'),
	(50, 'textBoxTrigger'),
	(51, 'time'),
	(52, 'type');
/*!40000 ALTER TABLE `definitiontable` ENABLE KEYS */;

-- Dumping structure for table questionnairedb2019.dictionary
DROP TABLE IF EXISTS `dictionary`;
CREATE TABLE IF NOT EXISTS `dictionary` (
  `ID` bigint(20) NOT NULL AUTO_INCREMENT,
  `tableId` bigint(20) NOT NULL,
  `languageId` bigint(20) NOT NULL,
  `contentId` bigint(20) NOT NULL,
  `content` mediumtext NOT NULL,
  `deleted` tinyint(4) NOT NULL DEFAULT '0',
  `deletedBy` varchar(255) NOT NULL,
  `creationDate` datetime NOT NULL,
  `createdBy` varchar(255) NOT NULL,
  `lastUpdated` timestamp NOT NULL DEFAULT CURRENT_TIMESTAMP ON UPDATE CURRENT_TIMESTAMP,
  `updatedBy` varchar(255) NOT NULL,
  PRIMARY KEY (`ID`),
  KEY `idx_dictionary_contentId` (`contentId`),
  KEY `idx_dictionary_deleted` (`deleted`),
  KEY `fk_dictionary_languageId_language_ID` (`languageId`),
  KEY `fk_dictionary_tableId_definitionTable_ID` (`tableId`),
  CONSTRAINT `fk_dictionary_languageId_language_ID` FOREIGN KEY (`languageId`) REFERENCES `language` (`ID`) ON DELETE NO ACTION ON UPDATE NO ACTION,
  CONSTRAINT `fk_dictionary_tableId_definitionTable_ID` FOREIGN KEY (`tableId`) REFERENCES `definitiontable` (`ID`) ON DELETE NO ACTION ON UPDATE NO ACTION
) ENGINE=InnoDB AUTO_INCREMENT=1337 DEFAULT CHARSET=utf8;

-- Dumping data for table questionnairedb2019.dictionary: ~1,336 rows (approximately)
DELETE FROM `dictionary`;
/*!40000 ALTER TABLE `dictionary` DISABLE KEYS */;
INSERT INTO `dictionary` (`ID`, `tableId`, `languageId`, `contentId`, `content`, `deleted`, `deletedBy`, `creationDate`, `createdBy`, `lastUpdated`, `updatedBy`) VALUES
	(1, 15, 1, 1, 'Franais', 0, '', '2019-07-19 13:47:31', 'QUESTIONNAIRE_MIGRATION_2019', '2019-07-19 13:47:31', 'QUESTIONNAIRE_MIGRATION_2019'),
	(2, 15, 2, 1, 'French', 0, '', '2019-07-19 13:47:31', 'QUESTIONNAIRE_MIGRATION_2019', '2019-07-19 13:47:31', 'QUESTIONNAIRE_MIGRATION_2019'),
	(3, 15, 1, 2, 'Anglais', 0, '', '2019-07-19 13:47:31', 'QUESTIONNAIRE_MIGRATION_2019', '2019-07-19 13:47:31', 'QUESTIONNAIRE_MIGRATION_2019'),
	(4, 15, 2, 2, 'English', 0, '', '2019-07-19 13:47:31', 'QUESTIONNAIRE_MIGRATION_2019', '2019-07-19 13:47:31', 'QUESTIONNAIRE_MIGRATION_2019'),
	(5, 52, 1, 3, 'Case  cocher', 0, '', '2019-07-19 13:47:31', 'QUESTIONNAIRE_MIGRATION_2019', '2019-07-19 13:47:31', 'QUESTIONNAIRE_MIGRATION_2019'),
	(6, 52, 2, 3, 'Checkbox', 0, '', '2019-07-19 13:47:31', 'QUESTIONNAIRE_MIGRATION_2019', '2019-07-19 13:47:31', 'QUESTIONNAIRE_MIGRATION_2019'),
	(7, 52, 1, 4, 'Case de dfilement', 0, '', '2019-07-19 13:47:31', 'QUESTIONNAIRE_MIGRATION_2019', '2019-07-19 13:47:31', 'QUESTIONNAIRE_MIGRATION_2019'),
	(8, 52, 2, 4, 'Slider', 0, '', '2019-07-19 13:47:31', 'QUESTIONNAIRE_MIGRATION_2019', '2019-07-19 13:47:31', 'QUESTIONNAIRE_MIGRATION_2019'),
	(9, 52, 1, 5, 'Zone de texte', 0, '', '2019-07-19 13:47:31', 'QUESTIONNAIRE_MIGRATION_2019', '2019-07-19 13:47:31', 'QUESTIONNAIRE_MIGRATION_2019'),
	(10, 52, 2, 5, 'Text box', 0, '', '2019-07-19 13:47:31', 'QUESTIONNAIRE_MIGRATION_2019', '2019-07-19 13:47:31', 'QUESTIONNAIRE_MIGRATION_2019'),
	(11, 52, 1, 6, 'Bouton radio', 0, '', '2019-07-19 13:47:31', 'QUESTIONNAIRE_MIGRATION_2019', '2019-07-19 13:47:31', 'QUESTIONNAIRE_MIGRATION_2019'),
	(12, 52, 2, 6, 'Radio Button', 0, '', '2019-07-19 13:47:31', 'QUESTIONNAIRE_MIGRATION_2019', '2019-07-19 13:47:31', 'QUESTIONNAIRE_MIGRATION_2019'),
	(13, 52, 1, 7, 'tiquette', 0, '', '2019-07-19 13:47:31', 'QUESTIONNAIRE_MIGRATION_2019', '2019-07-19 13:47:31', 'QUESTIONNAIRE_MIGRATION_2019'),
	(14, 52, 2, 7, 'Label', 0, '', '2019-07-19 13:47:31', 'QUESTIONNAIRE_MIGRATION_2019', '2019-07-19 13:47:31', 'QUESTIONNAIRE_MIGRATION_2019'),
	(15, 52, 1, 8, 'Temps', 0, '', '2019-07-19 13:47:31', 'QUESTIONNAIRE_MIGRATION_2019', '2019-07-19 13:47:31', 'QUESTIONNAIRE_MIGRATION_2019'),
	(16, 52, 2, 8, 'Time', 0, '', '2019-07-19 13:47:31', 'QUESTIONNAIRE_MIGRATION_2019', '2019-07-19 13:47:31', 'QUESTIONNAIRE_MIGRATION_2019'),
	(17, 52, 1, 9, 'Date', 0, '', '2019-07-19 13:47:31', 'QUESTIONNAIRE_MIGRATION_2019', '2019-07-19 13:47:31', 'QUESTIONNAIRE_MIGRATION_2019'),
	(18, 52, 2, 9, 'Date', 0, '', '2019-07-19 13:47:31', 'QUESTIONNAIRE_MIGRATION_2019', '2019-07-19 13:47:31', 'QUESTIONNAIRE_MIGRATION_2019'),
	(19, 27, 1, 10, 'Questionnaire de satisfaction des patients', 0, '', '2019-07-19 13:47:31', 'QUESTIONNAIRE_MIGRATION_2019', '2019-07-19 13:47:31', 'QUESTIONNAIRE_MIGRATION_2019'),
	(20, 27, 2, 10, 'Patient Satisfaction Questionnaire', 0, '', '2019-07-19 13:47:31', 'QUESTIONNAIRE_MIGRATION_2019', '2019-07-19 13:47:31', 'QUESTIONNAIRE_MIGRATION_2019'),
	(21, 32, 1, 11, 'FR_', 0, '', '2019-07-19 13:47:31', 'QUESTIONNAIRE_MIGRATION_2019', '2019-07-19 13:47:31', 'QUESTIONNAIRE_MIGRATION_2019'),
	(22, 32, 2, 11, 'Grading the app value', 0, '', '2019-07-19 13:47:31', 'QUESTIONNAIRE_MIGRATION_2019', '2019-07-19 13:47:31', 'QUESTIONNAIRE_MIGRATION_2019'),
	(23, 23, 1, 12, 'Valeur de l\'application', 0, '', '2019-07-19 13:47:31', 'QUESTIONNAIRE_MIGRATION_2019', '2019-07-19 13:47:31', 'QUESTIONNAIRE_MIGRATION_2019'),
	(24, 23, 2, 12, 'Value of the App', 0, '', '2019-07-19 13:47:31', 'QUESTIONNAIRE_MIGRATION_2019', '2019-07-19 13:47:31', 'QUESTIONNAIRE_MIGRATION_2019'),
	(25, 23, 1, 13, 'FR_', 0, '', '2019-07-19 13:47:31', 'QUESTIONNAIRE_MIGRATION_2019', '2019-07-19 13:47:31', 'QUESTIONNAIRE_MIGRATION_2019'),
	(26, 23, 2, 13, 'Grading the app value', 0, '', '2019-07-19 13:47:31', 'QUESTIONNAIRE_MIGRATION_2019', '2019-07-19 13:47:31', 'QUESTIONNAIRE_MIGRATION_2019'),
	(27, 23, 1, 14, 'Veuillez noter ce qui suit sur une chelle de 1  5: Valeur de l\'application', 0, '', '2019-07-19 13:47:31', 'QUESTIONNAIRE_MIGRATION_2019', '2019-07-19 13:47:31', 'QUESTIONNAIRE_MIGRATION_2019'),
	(28, 23, 2, 14, 'Please rate the following on a scale from 1 to 5: Value of the App', 0, '', '2019-07-19 13:47:31', 'QUESTIONNAIRE_MIGRATION_2019', '2019-07-19 13:47:31', 'QUESTIONNAIRE_MIGRATION_2019'),
	(29, 33, 1, 15, 'Pas du tout utile', 0, '', '2019-07-19 13:47:31', 'QUESTIONNAIRE_MIGRATION_2019', '2019-07-19 13:47:31', 'QUESTIONNAIRE_MIGRATION_2019'),
	(30, 33, 2, 15, 'Not valuable at all', 0, '', '2019-07-19 13:47:31', 'QUESTIONNAIRE_MIGRATION_2019', '2019-07-19 13:47:31', 'QUESTIONNAIRE_MIGRATION_2019'),
	(31, 33, 1, 16, 'Extrmement utile', 0, '', '2019-07-19 13:47:31', 'QUESTIONNAIRE_MIGRATION_2019', '2019-07-19 13:47:31', 'QUESTIONNAIRE_MIGRATION_2019'),
	(32, 33, 2, 16, 'Extremely valuable', 0, '', '2019-07-19 13:47:31', 'QUESTIONNAIRE_MIGRATION_2019', '2019-07-19 13:47:31', 'QUESTIONNAIRE_MIGRATION_2019'),
	(33, 23, 1, 17, 'Facilit', 0, '', '2019-07-19 13:47:31', 'QUESTIONNAIRE_MIGRATION_2019', '2019-07-19 13:47:31', 'QUESTIONNAIRE_MIGRATION_2019'),
	(34, 23, 2, 17, 'Easiness', 0, '', '2019-07-19 13:47:31', 'QUESTIONNAIRE_MIGRATION_2019', '2019-07-19 13:47:31', 'QUESTIONNAIRE_MIGRATION_2019'),
	(35, 23, 1, 18, 'FR_', 0, '', '2019-07-19 13:47:31', 'QUESTIONNAIRE_MIGRATION_2019', '2019-07-19 13:47:31', 'QUESTIONNAIRE_MIGRATION_2019'),
	(36, 23, 2, 18, 'App navigation', 0, '', '2019-07-19 13:47:31', 'QUESTIONNAIRE_MIGRATION_2019', '2019-07-19 13:47:31', 'QUESTIONNAIRE_MIGRATION_2019'),
	(37, 23, 1, 19, 'Veuillez noter ce qui suit sur une chelle de 1  5: Facilit  naviguer dans l\'application et  trouver l\'information que vous vouliez', 0, '', '2019-07-19 13:47:31', 'QUESTIONNAIRE_MIGRATION_2019', '2019-07-19 13:47:31', 'QUESTIONNAIRE_MIGRATION_2019'),
	(38, 23, 2, 19, 'Please rate the following on a scale from 1 to 5: Easiness to navigate through the app and find the information you wanted', 0, '', '2019-07-19 13:47:31', 'QUESTIONNAIRE_MIGRATION_2019', '2019-07-19 13:47:31', 'QUESTIONNAIRE_MIGRATION_2019'),
	(39, 33, 1, 20, 'Pas facile du tout', 0, '', '2019-07-19 13:47:31', 'QUESTIONNAIRE_MIGRATION_2019', '2019-07-19 13:47:31', 'QUESTIONNAIRE_MIGRATION_2019'),
	(40, 33, 2, 20, 'Not easy at all', 0, '', '2019-07-19 13:47:31', 'QUESTIONNAIRE_MIGRATION_2019', '2019-07-19 13:47:31', 'QUESTIONNAIRE_MIGRATION_2019'),
	(41, 33, 1, 21, 'Extrmement facile', 0, '', '2019-07-19 13:47:31', 'QUESTIONNAIRE_MIGRATION_2019', '2019-07-19 13:47:31', 'QUESTIONNAIRE_MIGRATION_2019'),
	(42, 33, 2, 21, 'Extremely easy', 0, '', '2019-07-19 13:47:31', 'QUESTIONNAIRE_MIGRATION_2019', '2019-07-19 13:47:31', 'QUESTIONNAIRE_MIGRATION_2019'),
	(43, 23, 1, 22, 'FR_', 0, '', '2019-07-19 13:47:31', 'QUESTIONNAIRE_MIGRATION_2019', '2019-07-19 13:47:31', 'QUESTIONNAIRE_MIGRATION_2019'),
	(44, 23, 2, 22, 'App Features', 0, '', '2019-07-19 13:47:31', 'QUESTIONNAIRE_MIGRATION_2019', '2019-07-19 13:47:31', 'QUESTIONNAIRE_MIGRATION_2019'),
	(45, 23, 1, 23, 'FR_', 0, '', '2019-07-19 13:47:31', 'QUESTIONNAIRE_MIGRATION_2019', '2019-07-19 13:47:31', 'QUESTIONNAIRE_MIGRATION_2019'),
	(46, 23, 2, 23, 'A list of the mobile app features', 0, '', '2019-07-19 13:47:31', 'QUESTIONNAIRE_MIGRATION_2019', '2019-07-19 13:47:31', 'QUESTIONNAIRE_MIGRATION_2019'),
	(47, 23, 1, 24, 'Quelles fonctionnalits de l\'application avez-vous trouv utiles?', 0, '', '2019-07-19 13:47:31', 'QUESTIONNAIRE_MIGRATION_2019', '2019-07-19 13:47:31', 'QUESTIONNAIRE_MIGRATION_2019'),
	(48, 23, 2, 24, 'Which features of the app did you find useful?', 0, '', '2019-07-19 13:47:31', 'QUESTIONNAIRE_MIGRATION_2019', '2019-07-19 13:47:31', 'QUESTIONNAIRE_MIGRATION_2019'),
	(49, 31, 1, 25, 'Rendez-vous', 0, '', '2019-07-19 13:47:31', 'QUESTIONNAIRE_MIGRATION_2019', '2019-07-19 13:47:31', 'QUESTIONNAIRE_MIGRATION_2019'),
	(50, 31, 2, 25, 'Appointments', 0, '', '2019-07-19 13:47:31', 'QUESTIONNAIRE_MIGRATION_2019', '2019-07-19 13:47:31', 'QUESTIONNAIRE_MIGRATION_2019'),
	(51, 31, 1, 26, 'Documents', 0, '', '2019-07-19 13:47:31', 'QUESTIONNAIRE_MIGRATION_2019', '2019-07-19 13:47:31', 'QUESTIONNAIRE_MIGRATION_2019'),
	(52, 31, 2, 26, 'Documents', 0, '', '2019-07-19 13:47:31', 'QUESTIONNAIRE_MIGRATION_2019', '2019-07-19 13:47:31', 'QUESTIONNAIRE_MIGRATION_2019'),
	(53, 31, 1, 27, 'Planification du traitement', 0, '', '2019-07-19 13:47:31', 'QUESTIONNAIRE_MIGRATION_2019', '2019-07-19 13:47:31', 'QUESTIONNAIRE_MIGRATION_2019'),
	(54, 31, 2, 27, 'Treatment Planning', 0, '', '2019-07-19 13:47:31', 'QUESTIONNAIRE_MIGRATION_2019', '2019-07-19 13:47:31', 'QUESTIONNAIRE_MIGRATION_2019'),
	(55, 31, 1, 28, 'Contacts', 0, '', '2019-07-19 13:47:31', 'QUESTIONNAIRE_MIGRATION_2019', '2019-07-19 13:47:31', 'QUESTIONNAIRE_MIGRATION_2019'),
	(56, 31, 2, 28, 'Contacts', 0, '', '2019-07-19 13:47:31', 'QUESTIONNAIRE_MIGRATION_2019', '2019-07-19 13:47:31', 'QUESTIONNAIRE_MIGRATION_2019'),
	(57, 31, 1, 29, 'Matriel ducatif', 0, '', '2019-07-19 13:47:31', 'QUESTIONNAIRE_MIGRATION_2019', '2019-07-19 13:47:31', 'QUESTIONNAIRE_MIGRATION_2019'),
	(58, 31, 2, 29, 'Educational Material', 0, '', '2019-07-19 13:47:31', 'QUESTIONNAIRE_MIGRATION_2019', '2019-07-19 13:47:31', 'QUESTIONNAIRE_MIGRATION_2019'),
	(59, 31, 1, 30, 'Questionnaires', 0, '', '2019-07-19 13:47:31', 'QUESTIONNAIRE_MIGRATION_2019', '2019-07-19 13:47:31', 'QUESTIONNAIRE_MIGRATION_2019'),
	(60, 31, 2, 30, 'Questionnaires', 0, '', '2019-07-19 13:47:31', 'QUESTIONNAIRE_MIGRATION_2019', '2019-07-19 13:47:31', 'QUESTIONNAIRE_MIGRATION_2019'),
	(61, 31, 1, 31, 'Annonces', 0, '', '2019-07-19 13:47:31', 'QUESTIONNAIRE_MIGRATION_2019', '2019-07-19 13:47:31', 'QUESTIONNAIRE_MIGRATION_2019'),
	(62, 31, 2, 31, 'Announcements', 0, '', '2019-07-19 13:47:31', 'QUESTIONNAIRE_MIGRATION_2019', '2019-07-19 13:47:31', 'QUESTIONNAIRE_MIGRATION_2019'),
	(63, 31, 1, 32, 'Notifications', 0, '', '2019-07-19 13:47:31', 'QUESTIONNAIRE_MIGRATION_2019', '2019-07-19 13:47:31', 'QUESTIONNAIRE_MIGRATION_2019'),
	(64, 31, 2, 32, 'Notifications', 0, '', '2019-07-19 13:47:31', 'QUESTIONNAIRE_MIGRATION_2019', '2019-07-19 13:47:31', 'QUESTIONNAIRE_MIGRATION_2019'),
	(65, 31, 1, 33, 'Aucune des rponses ci-dessus', 0, '', '2019-07-19 13:47:31', 'QUESTIONNAIRE_MIGRATION_2019', '2019-07-19 13:47:31', 'QUESTIONNAIRE_MIGRATION_2019'),
	(66, 31, 2, 33, 'None of the above', 0, '', '2019-07-19 13:47:31', 'QUESTIONNAIRE_MIGRATION_2019', '2019-07-19 13:47:31', 'QUESTIONNAIRE_MIGRATION_2019'),
	(67, 23, 1, 34, 'FR_', 0, '', '2019-07-19 13:47:31', 'QUESTIONNAIRE_MIGRATION_2019', '2019-07-19 13:47:31', 'QUESTIONNAIRE_MIGRATION_2019'),
	(68, 23, 2, 34, 'Favorite Patient App Feature', 0, '', '2019-07-19 13:47:31', 'QUESTIONNAIRE_MIGRATION_2019', '2019-07-19 13:47:31', 'QUESTIONNAIRE_MIGRATION_2019'),
	(69, 23, 1, 35, 'FR_', 0, '', '2019-07-19 13:47:31', 'QUESTIONNAIRE_MIGRATION_2019', '2019-07-19 13:47:31', 'QUESTIONNAIRE_MIGRATION_2019'),
	(70, 23, 2, 35, 'Determining the favorite patient feature of the app', 0, '', '2019-07-19 13:47:31', 'QUESTIONNAIRE_MIGRATION_2019', '2019-07-19 13:47:31', 'QUESTIONNAIRE_MIGRATION_2019'),
	(71, 23, 1, 36, 'Qu\'avez-vous prfr dans l\'application?', 0, '', '2019-07-19 13:47:31', 'QUESTIONNAIRE_MIGRATION_2019', '2019-07-19 13:47:31', 'QUESTIONNAIRE_MIGRATION_2019'),
	(72, 23, 2, 36, 'What did you like best about the app?', 0, '', '2019-07-19 13:47:31', 'QUESTIONNAIRE_MIGRATION_2019', '2019-07-19 13:47:31', 'QUESTIONNAIRE_MIGRATION_2019'),
	(73, 23, 1, 37, 'FR_', 0, '', '2019-07-19 13:47:31', 'QUESTIONNAIRE_MIGRATION_2019', '2019-07-19 13:47:31', 'QUESTIONNAIRE_MIGRATION_2019'),
	(74, 23, 2, 37, 'Other Patient App Feature Suggestion', 0, '', '2019-07-19 13:47:31', 'QUESTIONNAIRE_MIGRATION_2019', '2019-07-19 13:47:31', 'QUESTIONNAIRE_MIGRATION_2019'),
	(75, 23, 1, 38, 'FR_', 0, '', '2019-07-19 13:47:31', 'QUESTIONNAIRE_MIGRATION_2019', '2019-07-19 13:47:31', 'QUESTIONNAIRE_MIGRATION_2019'),
	(76, 23, 2, 38, 'Determining other features that the patient would like to see in the app', 0, '', '2019-07-19 13:47:31', 'QUESTIONNAIRE_MIGRATION_2019', '2019-07-19 13:47:31', 'QUESTIONNAIRE_MIGRATION_2019'),
	(77, 23, 1, 39, 'Y a-t-il d\'autres informations que vous aimeriez que l\'application fournisse?', 0, '', '2019-07-19 13:47:31', 'QUESTIONNAIRE_MIGRATION_2019', '2019-07-19 13:47:31', 'QUESTIONNAIRE_MIGRATION_2019'),
	(78, 23, 2, 39, 'Is there any other information you would like the app to provide?', 0, '', '2019-07-19 13:47:31', 'QUESTIONNAIRE_MIGRATION_2019', '2019-07-19 13:47:31', 'QUESTIONNAIRE_MIGRATION_2019'),
	(79, 27, 1, 40, 'chelle d\'valuation des symptmes d\'Edmonton', 0, '', '2019-07-19 13:47:31', 'QUESTIONNAIRE_MIGRATION_2019', '2019-07-19 13:47:31', 'QUESTIONNAIRE_MIGRATION_2019'),
	(80, 27, 2, 40, 'Edmonton Symptom Assessment System', 0, '', '2019-07-19 13:47:31', 'QUESTIONNAIRE_MIGRATION_2019', '2019-07-19 13:47:31', 'QUESTIONNAIRE_MIGRATION_2019'),
	(81, 32, 1, 41, 'FR_', 0, '', '2019-07-19 13:47:31', 'QUESTIONNAIRE_MIGRATION_2019', '2019-07-19 13:47:31', 'QUESTIONNAIRE_MIGRATION_2019'),
	(82, 32, 2, 41, 'EN_', 0, '', '2019-07-19 13:47:31', 'QUESTIONNAIRE_MIGRATION_2019', '2019-07-19 13:47:31', 'QUESTIONNAIRE_MIGRATION_2019'),
	(83, 23, 1, 42, 'Douleur', 0, '', '2019-07-19 13:47:31', 'QUESTIONNAIRE_MIGRATION_2019', '2019-07-19 13:47:31', 'QUESTIONNAIRE_MIGRATION_2019'),
	(84, 23, 2, 42, 'Pain', 0, '', '2019-07-19 13:47:31', 'QUESTIONNAIRE_MIGRATION_2019', '2019-07-19 13:47:31', 'QUESTIONNAIRE_MIGRATION_2019'),
	(85, 23, 1, 43, 'FR_', 0, '', '2019-07-19 13:47:31', 'QUESTIONNAIRE_MIGRATION_2019', '2019-07-19 13:47:31', 'QUESTIONNAIRE_MIGRATION_2019'),
	(86, 23, 2, 43, 'EN_', 0, '', '2019-07-19 13:47:31', 'QUESTIONNAIRE_MIGRATION_2019', '2019-07-19 13:47:31', 'QUESTIONNAIRE_MIGRATION_2019'),
	(87, 23, 1, 44, 'Veuillez noter ce qui suit sur une chelle de 1  10: Douleur', 0, '', '2019-07-19 13:47:31', 'QUESTIONNAIRE_MIGRATION_2019', '2019-07-19 13:47:31', 'QUESTIONNAIRE_MIGRATION_2019'),
	(88, 23, 2, 44, 'Please rate the following on a scale from 1 to 10: Pain', 0, '', '2019-07-19 13:47:31', 'QUESTIONNAIRE_MIGRATION_2019', '2019-07-19 13:47:31', 'QUESTIONNAIRE_MIGRATION_2019'),
	(89, 33, 1, 45, 'Aucune douleur', 0, '', '2019-07-19 13:47:31', 'QUESTIONNAIRE_MIGRATION_2019', '2019-07-19 13:47:31', 'QUESTIONNAIRE_MIGRATION_2019'),
	(90, 33, 2, 45, 'No pain', 0, '', '2019-07-19 13:47:31', 'QUESTIONNAIRE_MIGRATION_2019', '2019-07-19 13:47:31', 'QUESTIONNAIRE_MIGRATION_2019'),
	(91, 33, 1, 46, 'La pire douleur possible', 0, '', '2019-07-19 13:47:31', 'QUESTIONNAIRE_MIGRATION_2019', '2019-07-19 13:47:31', 'QUESTIONNAIRE_MIGRATION_2019'),
	(92, 33, 2, 46, 'Worst possible pain', 0, '', '2019-07-19 13:47:31', 'QUESTIONNAIRE_MIGRATION_2019', '2019-07-19 13:47:31', 'QUESTIONNAIRE_MIGRATION_2019'),
	(93, 23, 1, 47, 'Fatigue', 0, '', '2019-07-19 13:47:31', 'QUESTIONNAIRE_MIGRATION_2019', '2019-07-19 13:47:31', 'QUESTIONNAIRE_MIGRATION_2019'),
	(94, 23, 2, 47, 'Tiredness', 0, '', '2019-07-19 13:47:31', 'QUESTIONNAIRE_MIGRATION_2019', '2019-07-19 13:47:31', 'QUESTIONNAIRE_MIGRATION_2019'),
	(95, 23, 1, 48, 'FR_', 0, '', '2019-07-19 13:47:31', 'QUESTIONNAIRE_MIGRATION_2019', '2019-07-19 13:47:31', 'QUESTIONNAIRE_MIGRATION_2019'),
	(96, 23, 2, 48, 'EN_', 0, '', '2019-07-19 13:47:31', 'QUESTIONNAIRE_MIGRATION_2019', '2019-07-19 13:47:31', 'QUESTIONNAIRE_MIGRATION_2019'),
	(97, 23, 1, 49, 'Veuillez noter ce qui suit sur une chelle de 1  10: Fatigue (manque dnergie)', 0, '', '2019-07-19 13:47:31', 'QUESTIONNAIRE_MIGRATION_2019', '2019-07-19 13:47:31', 'QUESTIONNAIRE_MIGRATION_2019'),
	(98, 23, 2, 49, 'Please rate the following on a scale from 1 to 10: Tiredness (lack of energy)', 0, '', '2019-07-19 13:47:31', 'QUESTIONNAIRE_MIGRATION_2019', '2019-07-19 13:47:31', 'QUESTIONNAIRE_MIGRATION_2019'),
	(99, 33, 1, 50, 'Aucune fatigue', 0, '', '2019-07-19 13:47:31', 'QUESTIONNAIRE_MIGRATION_2019', '2019-07-19 13:47:31', 'QUESTIONNAIRE_MIGRATION_2019'),
	(100, 33, 2, 50, 'No tiredness', 0, '', '2019-07-19 13:47:31', 'QUESTIONNAIRE_MIGRATION_2019', '2019-07-19 13:47:31', 'QUESTIONNAIRE_MIGRATION_2019'),
	(101, 33, 1, 51, 'La pire fatigue possible', 0, '', '2019-07-19 13:47:31', 'QUESTIONNAIRE_MIGRATION_2019', '2019-07-19 13:47:31', 'QUESTIONNAIRE_MIGRATION_2019'),
	(102, 33, 2, 51, 'Worst possible tiredness', 0, '', '2019-07-19 13:47:31', 'QUESTIONNAIRE_MIGRATION_2019', '2019-07-19 13:47:31', 'QUESTIONNAIRE_MIGRATION_2019'),
	(103, 23, 1, 52, 'Somnolence', 0, '', '2019-07-19 13:47:31', 'QUESTIONNAIRE_MIGRATION_2019', '2019-07-19 13:47:31', 'QUESTIONNAIRE_MIGRATION_2019'),
	(104, 23, 2, 52, 'Drowsiness', 0, '', '2019-07-19 13:47:31', 'QUESTIONNAIRE_MIGRATION_2019', '2019-07-19 13:47:31', 'QUESTIONNAIRE_MIGRATION_2019'),
	(105, 23, 1, 53, 'FR_', 0, '', '2019-07-19 13:47:31', 'QUESTIONNAIRE_MIGRATION_2019', '2019-07-19 13:47:31', 'QUESTIONNAIRE_MIGRATION_2019'),
	(106, 23, 2, 53, 'EN_', 0, '', '2019-07-19 13:47:31', 'QUESTIONNAIRE_MIGRATION_2019', '2019-07-19 13:47:31', 'QUESTIONNAIRE_MIGRATION_2019'),
	(107, 23, 1, 54, 'Veuillez noter ce qui suit sur une chelle de 1  10: Somnolence (se sentir endormi)', 0, '', '2019-07-19 13:47:31', 'QUESTIONNAIRE_MIGRATION_2019', '2019-07-19 13:47:31', 'QUESTIONNAIRE_MIGRATION_2019'),
	(108, 23, 2, 54, 'Please rate the following on a scale from 1 to 10: Drowsiness (feeling sleepy)', 0, '', '2019-07-19 13:47:31', 'QUESTIONNAIRE_MIGRATION_2019', '2019-07-19 13:47:31', 'QUESTIONNAIRE_MIGRATION_2019'),
	(109, 33, 1, 55, 'Aucune somnolence', 0, '', '2019-07-19 13:47:31', 'QUESTIONNAIRE_MIGRATION_2019', '2019-07-19 13:47:31', 'QUESTIONNAIRE_MIGRATION_2019'),
	(110, 33, 2, 55, 'No drowsiness', 0, '', '2019-07-19 13:47:31', 'QUESTIONNAIRE_MIGRATION_2019', '2019-07-19 13:47:31', 'QUESTIONNAIRE_MIGRATION_2019'),
	(111, 33, 1, 56, 'La pire somnolence possible', 0, '', '2019-07-19 13:47:31', 'QUESTIONNAIRE_MIGRATION_2019', '2019-07-19 13:47:31', 'QUESTIONNAIRE_MIGRATION_2019'),
	(112, 33, 2, 56, 'Worst possible drowsiness', 0, '', '2019-07-19 13:47:31', 'QUESTIONNAIRE_MIGRATION_2019', '2019-07-19 13:47:31', 'QUESTIONNAIRE_MIGRATION_2019'),
	(113, 23, 1, 57, 'Nause', 0, '', '2019-07-19 13:47:31', 'QUESTIONNAIRE_MIGRATION_2019', '2019-07-19 13:47:31', 'QUESTIONNAIRE_MIGRATION_2019'),
	(114, 23, 2, 57, 'Nausea', 0, '', '2019-07-19 13:47:31', 'QUESTIONNAIRE_MIGRATION_2019', '2019-07-19 13:47:31', 'QUESTIONNAIRE_MIGRATION_2019'),
	(115, 23, 1, 58, 'FR_', 0, '', '2019-07-19 13:47:31', 'QUESTIONNAIRE_MIGRATION_2019', '2019-07-19 13:47:31', 'QUESTIONNAIRE_MIGRATION_2019'),
	(116, 23, 2, 58, 'EN_', 0, '', '2019-07-19 13:47:31', 'QUESTIONNAIRE_MIGRATION_2019', '2019-07-19 13:47:31', 'QUESTIONNAIRE_MIGRATION_2019'),
	(117, 23, 1, 59, 'Veuillez noter ce qui suit sur une chelle de 1  10: Nause', 0, '', '2019-07-19 13:47:31', 'QUESTIONNAIRE_MIGRATION_2019', '2019-07-19 13:47:31', 'QUESTIONNAIRE_MIGRATION_2019'),
	(118, 23, 2, 59, 'Please rate the following on a scale from 1 to 10: Nausea', 0, '', '2019-07-19 13:47:31', 'QUESTIONNAIRE_MIGRATION_2019', '2019-07-19 13:47:31', 'QUESTIONNAIRE_MIGRATION_2019'),
	(119, 33, 1, 60, 'Aucune nause', 0, '', '2019-07-19 13:47:32', 'QUESTIONNAIRE_MIGRATION_2019', '2019-07-19 13:47:32', 'QUESTIONNAIRE_MIGRATION_2019'),
	(120, 33, 2, 60, 'No nausea', 0, '', '2019-07-19 13:47:32', 'QUESTIONNAIRE_MIGRATION_2019', '2019-07-19 13:47:32', 'QUESTIONNAIRE_MIGRATION_2019'),
	(121, 33, 1, 61, 'La pire nause possible', 0, '', '2019-07-19 13:47:32', 'QUESTIONNAIRE_MIGRATION_2019', '2019-07-19 13:47:32', 'QUESTIONNAIRE_MIGRATION_2019'),
	(122, 33, 2, 61, 'Worst possible nausea', 0, '', '2019-07-19 13:47:32', 'QUESTIONNAIRE_MIGRATION_2019', '2019-07-19 13:47:32', 'QUESTIONNAIRE_MIGRATION_2019'),
	(123, 23, 1, 62, 'Manque dapptit', 0, '', '2019-07-19 13:47:32', 'QUESTIONNAIRE_MIGRATION_2019', '2019-07-19 13:47:32', 'QUESTIONNAIRE_MIGRATION_2019'),
	(124, 23, 2, 62, 'Lack of appetite', 0, '', '2019-07-19 13:47:32', 'QUESTIONNAIRE_MIGRATION_2019', '2019-07-19 13:47:32', 'QUESTIONNAIRE_MIGRATION_2019'),
	(125, 23, 1, 63, 'FR_', 0, '', '2019-07-19 13:47:32', 'QUESTIONNAIRE_MIGRATION_2019', '2019-07-19 13:47:32', 'QUESTIONNAIRE_MIGRATION_2019'),
	(126, 23, 2, 63, 'EN_', 0, '', '2019-07-19 13:47:32', 'QUESTIONNAIRE_MIGRATION_2019', '2019-07-19 13:47:32', 'QUESTIONNAIRE_MIGRATION_2019'),
	(127, 23, 1, 64, 'Veuillez noter ce qui suit sur une chelle de 1  10: Manque dapptit', 0, '', '2019-07-19 13:47:32', 'QUESTIONNAIRE_MIGRATION_2019', '2019-07-19 13:47:32', 'QUESTIONNAIRE_MIGRATION_2019'),
	(128, 23, 2, 64, 'Please rate the following on a scale from 1 to 10: Lack of appetite', 0, '', '2019-07-19 13:47:32', 'QUESTIONNAIRE_MIGRATION_2019', '2019-07-19 13:47:32', 'QUESTIONNAIRE_MIGRATION_2019'),
	(129, 33, 1, 65, 'Aucun manque dapptit', 0, '', '2019-07-19 13:47:32', 'QUESTIONNAIRE_MIGRATION_2019', '2019-07-19 13:47:32', 'QUESTIONNAIRE_MIGRATION_2019'),
	(130, 33, 2, 65, 'No lack of appetite', 0, '', '2019-07-19 13:47:32', 'QUESTIONNAIRE_MIGRATION_2019', '2019-07-19 13:47:32', 'QUESTIONNAIRE_MIGRATION_2019'),
	(131, 33, 1, 66, 'Le pire manque dapptit possible', 0, '', '2019-07-19 13:47:32', 'QUESTIONNAIRE_MIGRATION_2019', '2019-07-19 13:47:32', 'QUESTIONNAIRE_MIGRATION_2019'),
	(132, 33, 2, 66, 'Worst possible lack of appetite', 0, '', '2019-07-19 13:47:32', 'QUESTIONNAIRE_MIGRATION_2019', '2019-07-19 13:47:32', 'QUESTIONNAIRE_MIGRATION_2019'),
	(133, 23, 1, 67, 'Essoufflement', 0, '', '2019-07-19 13:47:32', 'QUESTIONNAIRE_MIGRATION_2019', '2019-07-19 13:47:32', 'QUESTIONNAIRE_MIGRATION_2019'),
	(134, 23, 2, 67, 'Shortness of breath', 0, '', '2019-07-19 13:47:32', 'QUESTIONNAIRE_MIGRATION_2019', '2019-07-19 13:47:32', 'QUESTIONNAIRE_MIGRATION_2019'),
	(135, 23, 1, 68, 'FR_', 0, '', '2019-07-19 13:47:32', 'QUESTIONNAIRE_MIGRATION_2019', '2019-07-19 13:47:32', 'QUESTIONNAIRE_MIGRATION_2019'),
	(136, 23, 2, 68, 'EN_', 0, '', '2019-07-19 13:47:32', 'QUESTIONNAIRE_MIGRATION_2019', '2019-07-19 13:47:32', 'QUESTIONNAIRE_MIGRATION_2019'),
	(137, 23, 1, 69, 'Veuillez noter ce qui suit sur une chelle de 1  10: Essoufflement', 0, '', '2019-07-19 13:47:32', 'QUESTIONNAIRE_MIGRATION_2019', '2019-07-19 13:47:32', 'QUESTIONNAIRE_MIGRATION_2019'),
	(138, 23, 2, 69, 'Please rate the following on a scale from 1 to 10: Shortness of breath', 0, '', '2019-07-19 13:47:32', 'QUESTIONNAIRE_MIGRATION_2019', '2019-07-19 13:47:32', 'QUESTIONNAIRE_MIGRATION_2019'),
	(139, 33, 1, 70, 'Aucun essoufflement', 0, '', '2019-07-19 13:47:32', 'QUESTIONNAIRE_MIGRATION_2019', '2019-07-19 13:47:32', 'QUESTIONNAIRE_MIGRATION_2019'),
	(140, 33, 2, 70, 'No shortness of breath', 0, '', '2019-07-19 13:47:32', 'QUESTIONNAIRE_MIGRATION_2019', '2019-07-19 13:47:32', 'QUESTIONNAIRE_MIGRATION_2019'),
	(141, 33, 1, 71, 'Le pire essoufflement possible', 0, '', '2019-07-19 13:47:32', 'QUESTIONNAIRE_MIGRATION_2019', '2019-07-19 13:47:32', 'QUESTIONNAIRE_MIGRATION_2019'),
	(142, 33, 2, 71, 'Worst possible shortness of breath', 0, '', '2019-07-19 13:47:32', 'QUESTIONNAIRE_MIGRATION_2019', '2019-07-19 13:47:32', 'QUESTIONNAIRE_MIGRATION_2019'),
	(143, 23, 1, 72, 'Dpression', 0, '', '2019-07-19 13:47:32', 'QUESTIONNAIRE_MIGRATION_2019', '2019-07-19 13:47:32', 'QUESTIONNAIRE_MIGRATION_2019'),
	(144, 23, 2, 72, 'Depression', 0, '', '2019-07-19 13:47:32', 'QUESTIONNAIRE_MIGRATION_2019', '2019-07-19 13:47:32', 'QUESTIONNAIRE_MIGRATION_2019'),
	(145, 23, 1, 73, 'FR_', 0, '', '2019-07-19 13:47:32', 'QUESTIONNAIRE_MIGRATION_2019', '2019-07-19 13:47:32', 'QUESTIONNAIRE_MIGRATION_2019'),
	(146, 23, 2, 73, 'EN_', 0, '', '2019-07-19 13:47:32', 'QUESTIONNAIRE_MIGRATION_2019', '2019-07-19 13:47:32', 'QUESTIONNAIRE_MIGRATION_2019'),
	(147, 23, 1, 74, 'Veuillez noter ce qui suit sur une chelle de 1  10: Dpression (tristesse)', 0, '', '2019-07-19 13:47:32', 'QUESTIONNAIRE_MIGRATION_2019', '2019-07-19 13:47:32', 'QUESTIONNAIRE_MIGRATION_2019'),
	(148, 23, 2, 74, 'Please rate the following on a scale from 1 to 10: Depression (feeling sad)', 0, '', '2019-07-19 13:47:32', 'QUESTIONNAIRE_MIGRATION_2019', '2019-07-19 13:47:32', 'QUESTIONNAIRE_MIGRATION_2019'),
	(149, 33, 1, 75, 'Aucune dpression', 0, '', '2019-07-19 13:47:32', 'QUESTIONNAIRE_MIGRATION_2019', '2019-07-19 13:47:32', 'QUESTIONNAIRE_MIGRATION_2019'),
	(150, 33, 2, 75, 'No depression', 0, '', '2019-07-19 13:47:32', 'QUESTIONNAIRE_MIGRATION_2019', '2019-07-19 13:47:32', 'QUESTIONNAIRE_MIGRATION_2019'),
	(151, 33, 1, 76, 'La pire dpression possible', 0, '', '2019-07-19 13:47:32', 'QUESTIONNAIRE_MIGRATION_2019', '2019-07-19 13:47:32', 'QUESTIONNAIRE_MIGRATION_2019'),
	(152, 33, 2, 76, 'Worst possible depression', 0, '', '2019-07-19 13:47:32', 'QUESTIONNAIRE_MIGRATION_2019', '2019-07-19 13:47:32', 'QUESTIONNAIRE_MIGRATION_2019'),
	(153, 23, 1, 77, 'Anxit', 0, '', '2019-07-19 13:47:32', 'QUESTIONNAIRE_MIGRATION_2019', '2019-07-19 13:47:32', 'QUESTIONNAIRE_MIGRATION_2019'),
	(154, 23, 2, 77, 'Anxiety', 0, '', '2019-07-19 13:47:32', 'QUESTIONNAIRE_MIGRATION_2019', '2019-07-19 13:47:32', 'QUESTIONNAIRE_MIGRATION_2019'),
	(155, 23, 1, 78, 'FR_', 0, '', '2019-07-19 13:47:32', 'QUESTIONNAIRE_MIGRATION_2019', '2019-07-19 13:47:32', 'QUESTIONNAIRE_MIGRATION_2019'),
	(156, 23, 2, 78, 'EN_', 0, '', '2019-07-19 13:47:32', 'QUESTIONNAIRE_MIGRATION_2019', '2019-07-19 13:47:32', 'QUESTIONNAIRE_MIGRATION_2019'),
	(157, 23, 1, 79, 'Veuillez noter ce qui suit sur une chelle de 1  10: Anxit (se sentir nerveux)', 0, '', '2019-07-19 13:47:32', 'QUESTIONNAIRE_MIGRATION_2019', '2019-07-19 13:47:32', 'QUESTIONNAIRE_MIGRATION_2019'),
	(158, 23, 2, 79, 'Please rate the following on a scale from 1 to 10: Anxiety (feeling nervous)', 0, '', '2019-07-19 13:47:32', 'QUESTIONNAIRE_MIGRATION_2019', '2019-07-19 13:47:32', 'QUESTIONNAIRE_MIGRATION_2019'),
	(159, 33, 1, 80, 'Aucune anxit', 0, '', '2019-07-19 13:47:32', 'QUESTIONNAIRE_MIGRATION_2019', '2019-07-19 13:47:32', 'QUESTIONNAIRE_MIGRATION_2019'),
	(160, 33, 2, 80, 'No anxiety', 0, '', '2019-07-19 13:47:32', 'QUESTIONNAIRE_MIGRATION_2019', '2019-07-19 13:47:32', 'QUESTIONNAIRE_MIGRATION_2019'),
	(161, 33, 1, 81, 'La pire anxit possible', 0, '', '2019-07-19 13:47:32', 'QUESTIONNAIRE_MIGRATION_2019', '2019-07-19 13:47:32', 'QUESTIONNAIRE_MIGRATION_2019'),
	(162, 33, 2, 81, 'Worst possible anxiety', 0, '', '2019-07-19 13:47:32', 'QUESTIONNAIRE_MIGRATION_2019', '2019-07-19 13:47:32', 'QUESTIONNAIRE_MIGRATION_2019'),
	(163, 23, 1, 82, 'Bien-tre', 0, '', '2019-07-19 13:47:32', 'QUESTIONNAIRE_MIGRATION_2019', '2019-07-19 13:47:32', 'QUESTIONNAIRE_MIGRATION_2019'),
	(164, 23, 2, 82, 'Wellbeing', 0, '', '2019-07-19 13:47:32', 'QUESTIONNAIRE_MIGRATION_2019', '2019-07-19 13:47:32', 'QUESTIONNAIRE_MIGRATION_2019'),
	(165, 23, 1, 83, 'FR_', 0, '', '2019-07-19 13:47:32', 'QUESTIONNAIRE_MIGRATION_2019', '2019-07-19 13:47:32', 'QUESTIONNAIRE_MIGRATION_2019'),
	(166, 23, 2, 83, 'EN_', 0, '', '2019-07-19 13:47:32', 'QUESTIONNAIRE_MIGRATION_2019', '2019-07-19 13:47:32', 'QUESTIONNAIRE_MIGRATION_2019'),
	(167, 23, 1, 84, 'Veuillez noter ce qui suit sur une chelle de 1  10: Bien-tre (comment vous vous sentez en gnral)', 0, '', '2019-07-19 13:47:32', 'QUESTIONNAIRE_MIGRATION_2019', '2019-07-19 13:47:32', 'QUESTIONNAIRE_MIGRATION_2019'),
	(168, 23, 2, 84, 'Please rate the following on a scale from 1 to 10: Wellbeing (how you feel overall)', 0, '', '2019-07-19 13:47:32', 'QUESTIONNAIRE_MIGRATION_2019', '2019-07-19 13:47:32', 'QUESTIONNAIRE_MIGRATION_2019'),
	(169, 33, 1, 85, 'Meilleure sensation de bien-tre', 0, '', '2019-07-19 13:47:32', 'QUESTIONNAIRE_MIGRATION_2019', '2019-07-19 13:47:32', 'QUESTIONNAIRE_MIGRATION_2019'),
	(170, 33, 2, 85, 'Best wellbeing', 0, '', '2019-07-19 13:47:32', 'QUESTIONNAIRE_MIGRATION_2019', '2019-07-19 13:47:32', 'QUESTIONNAIRE_MIGRATION_2019'),
	(171, 33, 1, 86, 'Aucune sensation de bien-tre', 0, '', '2019-07-19 13:47:32', 'QUESTIONNAIRE_MIGRATION_2019', '2019-07-19 13:47:32', 'QUESTIONNAIRE_MIGRATION_2019'),
	(172, 33, 2, 86, 'Worst possible wellbeing', 0, '', '2019-07-19 13:47:32', 'QUESTIONNAIRE_MIGRATION_2019', '2019-07-19 13:47:32', 'QUESTIONNAIRE_MIGRATION_2019'),
	(173, 27, 1, 87, 'Symptmes de la radiothrapie du sein', 0, '', '2019-07-19 13:47:32', 'QUESTIONNAIRE_MIGRATION_2019', '2019-07-19 13:47:32', 'QUESTIONNAIRE_MIGRATION_2019'),
	(174, 27, 2, 87, 'Breast Radiotherapy Symptoms', 0, '', '2019-07-19 13:47:32', 'QUESTIONNAIRE_MIGRATION_2019', '2019-07-19 13:47:32', 'QUESTIONNAIRE_MIGRATION_2019'),
	(175, 32, 1, 88, 'FR_', 0, '', '2019-07-19 13:47:32', 'QUESTIONNAIRE_MIGRATION_2019', '2019-07-19 13:47:32', 'QUESTIONNAIRE_MIGRATION_2019'),
	(176, 32, 2, 88, 'EN_', 0, '', '2019-07-19 13:47:32', 'QUESTIONNAIRE_MIGRATION_2019', '2019-07-19 13:47:32', 'QUESTIONNAIRE_MIGRATION_2019'),
	(177, 23, 1, 89, 'FR_', 0, '', '2019-07-19 13:47:32', 'QUESTIONNAIRE_MIGRATION_2019', '2019-07-19 13:47:32', 'QUESTIONNAIRE_MIGRATION_2019'),
	(178, 23, 2, 89, 'EN_', 0, '', '2019-07-19 13:47:32', 'QUESTIONNAIRE_MIGRATION_2019', '2019-07-19 13:47:32', 'QUESTIONNAIRE_MIGRATION_2019'),
	(179, 23, 1, 90, 'FR_', 0, '', '2019-07-19 13:47:32', 'QUESTIONNAIRE_MIGRATION_2019', '2019-07-19 13:47:32', 'QUESTIONNAIRE_MIGRATION_2019'),
	(180, 23, 2, 90, 'EN_', 0, '', '2019-07-19 13:47:32', 'QUESTIONNAIRE_MIGRATION_2019', '2019-07-19 13:47:32', 'QUESTIONNAIRE_MIGRATION_2019'),
	(181, 23, 1, 91, 'Au cours de la semaine passe: Avez-vous eu mal au bras ou  lpaule?', 0, '', '2019-07-19 13:47:32', 'QUESTIONNAIRE_MIGRATION_2019', '2019-07-19 13:47:32', 'QUESTIONNAIRE_MIGRATION_2019'),
	(182, 23, 2, 91, 'During the past week: Did you have any pain in your arm or shoulder?', 0, '', '2019-07-19 13:47:32', 'QUESTIONNAIRE_MIGRATION_2019', '2019-07-19 13:47:32', 'QUESTIONNAIRE_MIGRATION_2019'),
	(183, 33, 1, 92, 'Pas du tout', 0, '', '2019-07-19 13:47:32', 'QUESTIONNAIRE_MIGRATION_2019', '2019-07-19 13:47:32', 'QUESTIONNAIRE_MIGRATION_2019'),
	(184, 33, 2, 92, 'Not at All', 0, '', '2019-07-19 13:47:32', 'QUESTIONNAIRE_MIGRATION_2019', '2019-07-19 13:47:32', 'QUESTIONNAIRE_MIGRATION_2019'),
	(185, 33, 1, 93, 'Beaucoup', 0, '', '2019-07-19 13:47:32', 'QUESTIONNAIRE_MIGRATION_2019', '2019-07-19 13:47:32', 'QUESTIONNAIRE_MIGRATION_2019'),
	(186, 33, 2, 93, 'Very Much', 0, '', '2019-07-19 13:47:32', 'QUESTIONNAIRE_MIGRATION_2019', '2019-07-19 13:47:32', 'QUESTIONNAIRE_MIGRATION_2019'),
	(187, 23, 1, 94, 'FR_', 0, '', '2019-07-19 13:47:32', 'QUESTIONNAIRE_MIGRATION_2019', '2019-07-19 13:47:32', 'QUESTIONNAIRE_MIGRATION_2019'),
	(188, 23, 2, 94, 'EN_', 0, '', '2019-07-19 13:47:32', 'QUESTIONNAIRE_MIGRATION_2019', '2019-07-19 13:47:32', 'QUESTIONNAIRE_MIGRATION_2019'),
	(189, 23, 1, 95, 'FR_', 0, '', '2019-07-19 13:47:32', 'QUESTIONNAIRE_MIGRATION_2019', '2019-07-19 13:47:32', 'QUESTIONNAIRE_MIGRATION_2019'),
	(190, 23, 2, 95, 'EN_', 0, '', '2019-07-19 13:47:32', 'QUESTIONNAIRE_MIGRATION_2019', '2019-07-19 13:47:32', 'QUESTIONNAIRE_MIGRATION_2019'),
	(191, 23, 1, 96, 'Au cours de la semaine passe: Avez-vous eu la main ou le bras enfl?', 0, '', '2019-07-19 13:47:32', 'QUESTIONNAIRE_MIGRATION_2019', '2019-07-19 13:47:32', 'QUESTIONNAIRE_MIGRATION_2019'),
	(192, 23, 2, 96, 'During the past week: Did you have a swollen arm or hand?', 0, '', '2019-07-19 13:47:32', 'QUESTIONNAIRE_MIGRATION_2019', '2019-07-19 13:47:32', 'QUESTIONNAIRE_MIGRATION_2019'),
	(193, 33, 1, 97, 'Pas du tout', 0, '', '2019-07-19 13:47:32', 'QUESTIONNAIRE_MIGRATION_2019', '2019-07-19 13:47:32', 'QUESTIONNAIRE_MIGRATION_2019'),
	(194, 33, 2, 97, 'Not at All', 0, '', '2019-07-19 13:47:32', 'QUESTIONNAIRE_MIGRATION_2019', '2019-07-19 13:47:32', 'QUESTIONNAIRE_MIGRATION_2019'),
	(195, 33, 1, 98, 'Beaucoup', 0, '', '2019-07-19 13:47:32', 'QUESTIONNAIRE_MIGRATION_2019', '2019-07-19 13:47:32', 'QUESTIONNAIRE_MIGRATION_2019'),
	(196, 33, 2, 98, 'Very Much', 0, '', '2019-07-19 13:47:32', 'QUESTIONNAIRE_MIGRATION_2019', '2019-07-19 13:47:32', 'QUESTIONNAIRE_MIGRATION_2019'),
	(197, 23, 1, 99, 'FR_', 0, '', '2019-07-19 13:47:32', 'QUESTIONNAIRE_MIGRATION_2019', '2019-07-19 13:47:32', 'QUESTIONNAIRE_MIGRATION_2019'),
	(198, 23, 2, 99, 'EN_', 0, '', '2019-07-19 13:47:32', 'QUESTIONNAIRE_MIGRATION_2019', '2019-07-19 13:47:32', 'QUESTIONNAIRE_MIGRATION_2019'),
	(199, 23, 1, 100, 'FR_', 0, '', '2019-07-19 13:47:32', 'QUESTIONNAIRE_MIGRATION_2019', '2019-07-19 13:47:32', 'QUESTIONNAIRE_MIGRATION_2019'),
	(200, 23, 2, 100, 'EN_', 0, '', '2019-07-19 13:47:32', 'QUESTIONNAIRE_MIGRATION_2019', '2019-07-19 13:47:32', 'QUESTIONNAIRE_MIGRATION_2019'),
	(201, 23, 1, 101, 'Au cours de la semaine passe: Avez-vous eu du mal  lever le bras devant vous ou sur le ct?', 0, '', '2019-07-19 13:47:32', 'QUESTIONNAIRE_MIGRATION_2019', '2019-07-19 13:47:32', 'QUESTIONNAIRE_MIGRATION_2019'),
	(202, 23, 2, 101, 'During the past week: Was it difficult to raise your arm or to move it sideways?', 0, '', '2019-07-19 13:47:32', 'QUESTIONNAIRE_MIGRATION_2019', '2019-07-19 13:47:32', 'QUESTIONNAIRE_MIGRATION_2019'),
	(203, 33, 1, 102, 'Pas du tout', 0, '', '2019-07-19 13:47:32', 'QUESTIONNAIRE_MIGRATION_2019', '2019-07-19 13:47:32', 'QUESTIONNAIRE_MIGRATION_2019'),
	(204, 33, 2, 102, 'Not at All', 0, '', '2019-07-19 13:47:32', 'QUESTIONNAIRE_MIGRATION_2019', '2019-07-19 13:47:32', 'QUESTIONNAIRE_MIGRATION_2019'),
	(205, 33, 1, 103, 'Beaucoup', 0, '', '2019-07-19 13:47:32', 'QUESTIONNAIRE_MIGRATION_2019', '2019-07-19 13:47:32', 'QUESTIONNAIRE_MIGRATION_2019'),
	(206, 33, 2, 103, 'Very Much', 0, '', '2019-07-19 13:47:32', 'QUESTIONNAIRE_MIGRATION_2019', '2019-07-19 13:47:32', 'QUESTIONNAIRE_MIGRATION_2019'),
	(207, 23, 1, 104, 'FR_', 0, '', '2019-07-19 13:47:32', 'QUESTIONNAIRE_MIGRATION_2019', '2019-07-19 13:47:32', 'QUESTIONNAIRE_MIGRATION_2019'),
	(208, 23, 2, 104, 'EN_', 0, '', '2019-07-19 13:47:32', 'QUESTIONNAIRE_MIGRATION_2019', '2019-07-19 13:47:32', 'QUESTIONNAIRE_MIGRATION_2019'),
	(209, 23, 1, 105, 'FR_', 0, '', '2019-07-19 13:47:32', 'QUESTIONNAIRE_MIGRATION_2019', '2019-07-19 13:47:32', 'QUESTIONNAIRE_MIGRATION_2019'),
	(210, 23, 2, 105, 'EN_', 0, '', '2019-07-19 13:47:32', 'QUESTIONNAIRE_MIGRATION_2019', '2019-07-19 13:47:32', 'QUESTIONNAIRE_MIGRATION_2019'),
	(211, 23, 1, 106, 'Au cours de la semaine passe: Avez-vous ressenti des douleurs dans la rgion trait?', 0, '', '2019-07-19 13:47:32', 'QUESTIONNAIRE_MIGRATION_2019', '2019-07-19 13:47:32', 'QUESTIONNAIRE_MIGRATION_2019'),
	(212, 23, 2, 106, 'During the past week: Have you had any pain in your radiated area?', 0, '', '2019-07-19 13:47:32', 'QUESTIONNAIRE_MIGRATION_2019', '2019-07-19 13:47:32', 'QUESTIONNAIRE_MIGRATION_2019'),
	(213, 33, 1, 107, 'Pas du tout', 0, '', '2019-07-19 13:47:32', 'QUESTIONNAIRE_MIGRATION_2019', '2019-07-19 13:47:32', 'QUESTIONNAIRE_MIGRATION_2019'),
	(214, 33, 2, 107, 'Not at All', 0, '', '2019-07-19 13:47:32', 'QUESTIONNAIRE_MIGRATION_2019', '2019-07-19 13:47:32', 'QUESTIONNAIRE_MIGRATION_2019'),
	(215, 33, 1, 108, 'Beaucoup', 0, '', '2019-07-19 13:47:32', 'QUESTIONNAIRE_MIGRATION_2019', '2019-07-19 13:47:32', 'QUESTIONNAIRE_MIGRATION_2019'),
	(216, 33, 2, 108, 'Very Much', 0, '', '2019-07-19 13:47:32', 'QUESTIONNAIRE_MIGRATION_2019', '2019-07-19 13:47:32', 'QUESTIONNAIRE_MIGRATION_2019'),
	(217, 23, 1, 109, 'FR_', 0, '', '2019-07-19 13:47:32', 'QUESTIONNAIRE_MIGRATION_2019', '2019-07-19 13:47:32', 'QUESTIONNAIRE_MIGRATION_2019'),
	(218, 23, 2, 109, 'EN_', 0, '', '2019-07-19 13:47:32', 'QUESTIONNAIRE_MIGRATION_2019', '2019-07-19 13:47:32', 'QUESTIONNAIRE_MIGRATION_2019'),
	(219, 23, 1, 110, 'FR_', 0, '', '2019-07-19 13:47:32', 'QUESTIONNAIRE_MIGRATION_2019', '2019-07-19 13:47:32', 'QUESTIONNAIRE_MIGRATION_2019'),
	(220, 23, 2, 110, 'EN_', 0, '', '2019-07-19 13:47:32', 'QUESTIONNAIRE_MIGRATION_2019', '2019-07-19 13:47:32', 'QUESTIONNAIRE_MIGRATION_2019'),
	(221, 23, 1, 111, 'Au cours de la semaine passe: La rgion trait tait-elle enfle?', 0, '', '2019-07-19 13:47:32', 'QUESTIONNAIRE_MIGRATION_2019', '2019-07-19 13:47:32', 'QUESTIONNAIRE_MIGRATION_2019'),
	(222, 23, 2, 111, 'During the past week: Have you had any swelling in your radiated area?', 0, '', '2019-07-19 13:47:32', 'QUESTIONNAIRE_MIGRATION_2019', '2019-07-19 13:47:32', 'QUESTIONNAIRE_MIGRATION_2019'),
	(223, 33, 1, 112, 'Pas du tout', 0, '', '2019-07-19 13:47:32', 'QUESTIONNAIRE_MIGRATION_2019', '2019-07-19 13:47:32', 'QUESTIONNAIRE_MIGRATION_2019'),
	(224, 33, 2, 112, 'Not at All', 0, '', '2019-07-19 13:47:32', 'QUESTIONNAIRE_MIGRATION_2019', '2019-07-19 13:47:32', 'QUESTIONNAIRE_MIGRATION_2019'),
	(225, 33, 1, 113, 'Beaucoup', 0, '', '2019-07-19 13:47:32', 'QUESTIONNAIRE_MIGRATION_2019', '2019-07-19 13:47:32', 'QUESTIONNAIRE_MIGRATION_2019'),
	(226, 33, 2, 113, 'Very Much', 0, '', '2019-07-19 13:47:32', 'QUESTIONNAIRE_MIGRATION_2019', '2019-07-19 13:47:32', 'QUESTIONNAIRE_MIGRATION_2019'),
	(227, 23, 1, 114, 'FR_', 0, '', '2019-07-19 13:47:32', 'QUESTIONNAIRE_MIGRATION_2019', '2019-07-19 13:47:32', 'QUESTIONNAIRE_MIGRATION_2019'),
	(228, 23, 2, 114, 'EN_', 0, '', '2019-07-19 13:47:32', 'QUESTIONNAIRE_MIGRATION_2019', '2019-07-19 13:47:32', 'QUESTIONNAIRE_MIGRATION_2019'),
	(229, 23, 1, 115, 'FR_', 0, '', '2019-07-19 13:47:32', 'QUESTIONNAIRE_MIGRATION_2019', '2019-07-19 13:47:32', 'QUESTIONNAIRE_MIGRATION_2019'),
	(230, 23, 2, 115, 'EN_', 0, '', '2019-07-19 13:47:32', 'QUESTIONNAIRE_MIGRATION_2019', '2019-07-19 13:47:32', 'QUESTIONNAIRE_MIGRATION_2019'),
	(231, 23, 1, 116, 'Au cours de la semaine passe: La rgion trait tait-elle particulirement sensible?', 0, '', '2019-07-19 13:47:32', 'QUESTIONNAIRE_MIGRATION_2019', '2019-07-19 13:47:32', 'QUESTIONNAIRE_MIGRATION_2019'),
	(232, 23, 2, 116, 'During the past week: Has your radiated area been oversensitive?', 0, '', '2019-07-19 13:47:32', 'QUESTIONNAIRE_MIGRATION_2019', '2019-07-19 13:47:32', 'QUESTIONNAIRE_MIGRATION_2019'),
	(233, 33, 1, 117, 'Pas du tout', 0, '', '2019-07-19 13:47:32', 'QUESTIONNAIRE_MIGRATION_2019', '2019-07-19 13:47:32', 'QUESTIONNAIRE_MIGRATION_2019'),
	(234, 33, 2, 117, 'Not at All', 0, '', '2019-07-19 13:47:32', 'QUESTIONNAIRE_MIGRATION_2019', '2019-07-19 13:47:32', 'QUESTIONNAIRE_MIGRATION_2019'),
	(235, 33, 1, 118, 'Beaucoup', 0, '', '2019-07-19 13:47:32', 'QUESTIONNAIRE_MIGRATION_2019', '2019-07-19 13:47:32', 'QUESTIONNAIRE_MIGRATION_2019'),
	(236, 33, 2, 118, 'Very Much', 0, '', '2019-07-19 13:47:32', 'QUESTIONNAIRE_MIGRATION_2019', '2019-07-19 13:47:32', 'QUESTIONNAIRE_MIGRATION_2019'),
	(237, 23, 1, 119, 'FR_', 0, '', '2019-07-19 13:47:32', 'QUESTIONNAIRE_MIGRATION_2019', '2019-07-19 13:47:32', 'QUESTIONNAIRE_MIGRATION_2019'),
	(238, 23, 2, 119, 'EN_', 0, '', '2019-07-19 13:47:32', 'QUESTIONNAIRE_MIGRATION_2019', '2019-07-19 13:47:32', 'QUESTIONNAIRE_MIGRATION_2019'),
	(239, 23, 1, 120, 'FR_', 0, '', '2019-07-19 13:47:32', 'QUESTIONNAIRE_MIGRATION_2019', '2019-07-19 13:47:32', 'QUESTIONNAIRE_MIGRATION_2019'),
	(240, 23, 2, 120, 'EN_', 0, '', '2019-07-19 13:47:32', 'QUESTIONNAIRE_MIGRATION_2019', '2019-07-19 13:47:32', 'QUESTIONNAIRE_MIGRATION_2019'),
	(241, 23, 1, 121, 'Au cours de la semaine passe: Avez-vous eu des problmes de peau dans la rgion trait?', 0, '', '2019-07-19 13:47:32', 'QUESTIONNAIRE_MIGRATION_2019', '2019-07-19 13:47:32', 'QUESTIONNAIRE_MIGRATION_2019'),
	(242, 23, 2, 121, 'During the past week: Have you had skin problems in the area that was radiated (eg. itchy, dry, flaky)?', 0, '', '2019-07-19 13:47:32', 'QUESTIONNAIRE_MIGRATION_2019', '2019-07-19 13:47:32', 'QUESTIONNAIRE_MIGRATION_2019'),
	(243, 33, 1, 122, 'Pas du tout', 0, '', '2019-07-19 13:47:32', 'QUESTIONNAIRE_MIGRATION_2019', '2019-07-19 13:47:32', 'QUESTIONNAIRE_MIGRATION_2019'),
	(244, 33, 2, 122, 'Not at All', 0, '', '2019-07-19 13:47:32', 'QUESTIONNAIRE_MIGRATION_2019', '2019-07-19 13:47:32', 'QUESTIONNAIRE_MIGRATION_2019'),
	(245, 33, 1, 123, 'Beaucoup', 0, '', '2019-07-19 13:47:32', 'QUESTIONNAIRE_MIGRATION_2019', '2019-07-19 13:47:32', 'QUESTIONNAIRE_MIGRATION_2019'),
	(246, 33, 2, 123, 'Very Much', 0, '', '2019-07-19 13:47:32', 'QUESTIONNAIRE_MIGRATION_2019', '2019-07-19 13:47:32', 'QUESTIONNAIRE_MIGRATION_2019'),
	(247, 23, 1, 124, 'FR_', 0, '', '2019-07-19 13:47:32', 'QUESTIONNAIRE_MIGRATION_2019', '2019-07-19 13:47:32', 'QUESTIONNAIRE_MIGRATION_2019'),
	(248, 23, 2, 124, 'EN_', 0, '', '2019-07-19 13:47:32', 'QUESTIONNAIRE_MIGRATION_2019', '2019-07-19 13:47:32', 'QUESTIONNAIRE_MIGRATION_2019'),
	(249, 23, 1, 125, 'FR_', 0, '', '2019-07-19 13:47:32', 'QUESTIONNAIRE_MIGRATION_2019', '2019-07-19 13:47:32', 'QUESTIONNAIRE_MIGRATION_2019'),
	(250, 23, 2, 125, 'EN_', 0, '', '2019-07-19 13:47:32', 'QUESTIONNAIRE_MIGRATION_2019', '2019-07-19 13:47:32', 'QUESTIONNAIRE_MIGRATION_2019'),
	(251, 23, 1, 126, 'Au cours de la semaine passe: tiez-vous fatigu(e) ?', 0, '', '2019-07-19 13:47:32', 'QUESTIONNAIRE_MIGRATION_2019', '2019-07-19 13:47:32', 'QUESTIONNAIRE_MIGRATION_2019'),
	(252, 23, 2, 126, 'During the past week: Were you tired?', 0, '', '2019-07-19 13:47:32', 'QUESTIONNAIRE_MIGRATION_2019', '2019-07-19 13:47:32', 'QUESTIONNAIRE_MIGRATION_2019'),
	(253, 33, 1, 127, 'Pas du tout', 0, '', '2019-07-19 13:47:32', 'QUESTIONNAIRE_MIGRATION_2019', '2019-07-19 13:47:32', 'QUESTIONNAIRE_MIGRATION_2019'),
	(254, 33, 2, 127, 'Not at All', 0, '', '2019-07-19 13:47:32', 'QUESTIONNAIRE_MIGRATION_2019', '2019-07-19 13:47:32', 'QUESTIONNAIRE_MIGRATION_2019'),
	(255, 33, 1, 128, 'Beaucoup', 0, '', '2019-07-19 13:47:32', 'QUESTIONNAIRE_MIGRATION_2019', '2019-07-19 13:47:32', 'QUESTIONNAIRE_MIGRATION_2019'),
	(256, 33, 2, 128, 'Very Much', 0, '', '2019-07-19 13:47:32', 'QUESTIONNAIRE_MIGRATION_2019', '2019-07-19 13:47:32', 'QUESTIONNAIRE_MIGRATION_2019'),
	(257, 23, 1, 129, 'FR_', 0, '', '2019-07-19 13:47:32', 'QUESTIONNAIRE_MIGRATION_2019', '2019-07-19 13:47:32', 'QUESTIONNAIRE_MIGRATION_2019'),
	(258, 23, 2, 129, 'EN_', 0, '', '2019-07-19 13:47:32', 'QUESTIONNAIRE_MIGRATION_2019', '2019-07-19 13:47:32', 'QUESTIONNAIRE_MIGRATION_2019'),
	(259, 23, 1, 130, 'FR_', 0, '', '2019-07-19 13:47:32', 'QUESTIONNAIRE_MIGRATION_2019', '2019-07-19 13:47:32', 'QUESTIONNAIRE_MIGRATION_2019'),
	(260, 23, 2, 130, 'EN_', 0, '', '2019-07-19 13:47:32', 'QUESTIONNAIRE_MIGRATION_2019', '2019-07-19 13:47:32', 'QUESTIONNAIRE_MIGRATION_2019'),
	(261, 23, 1, 131, 'Comment valueriez-vous votre tat de sant au cours de la semaine passe ?', 0, '', '2019-07-19 13:47:32', 'QUESTIONNAIRE_MIGRATION_2019', '2019-07-19 13:47:32', 'QUESTIONNAIRE_MIGRATION_2019'),
	(262, 23, 2, 131, 'How would you rate your overall health during the past week?', 0, '', '2019-07-19 13:47:32', 'QUESTIONNAIRE_MIGRATION_2019', '2019-07-19 13:47:32', 'QUESTIONNAIRE_MIGRATION_2019'),
	(263, 33, 1, 132, 'Trs Mauvais', 0, '', '2019-07-19 13:47:32', 'QUESTIONNAIRE_MIGRATION_2019', '2019-07-19 13:47:32', 'QUESTIONNAIRE_MIGRATION_2019'),
	(264, 33, 2, 132, 'Very Poor', 0, '', '2019-07-19 13:47:32', 'QUESTIONNAIRE_MIGRATION_2019', '2019-07-19 13:47:32', 'QUESTIONNAIRE_MIGRATION_2019'),
	(265, 33, 1, 133, 'Excellent', 0, '', '2019-07-19 13:47:32', 'QUESTIONNAIRE_MIGRATION_2019', '2019-07-19 13:47:32', 'QUESTIONNAIRE_MIGRATION_2019'),
	(266, 33, 2, 133, 'Excellent', 0, '', '2019-07-19 13:47:32', 'QUESTIONNAIRE_MIGRATION_2019', '2019-07-19 13:47:32', 'QUESTIONNAIRE_MIGRATION_2019'),
	(267, 23, 1, 134, 'FR_', 0, '', '2019-07-19 13:47:32', 'QUESTIONNAIRE_MIGRATION_2019', '2019-07-19 13:47:32', 'QUESTIONNAIRE_MIGRATION_2019'),
	(268, 23, 2, 134, 'EN_', 0, '', '2019-07-19 13:47:32', 'QUESTIONNAIRE_MIGRATION_2019', '2019-07-19 13:47:32', 'QUESTIONNAIRE_MIGRATION_2019'),
	(269, 23, 1, 135, 'FR_', 0, '', '2019-07-19 13:47:32', 'QUESTIONNAIRE_MIGRATION_2019', '2019-07-19 13:47:32', 'QUESTIONNAIRE_MIGRATION_2019'),
	(270, 23, 2, 135, 'EN_', 0, '', '2019-07-19 13:47:32', 'QUESTIONNAIRE_MIGRATION_2019', '2019-07-19 13:47:32', 'QUESTIONNAIRE_MIGRATION_2019'),
	(271, 23, 1, 136, 'Comment valueriez-vous l\'ensemble de votre qualit de vie au cours de la semaine passe ?', 0, '', '2019-07-19 13:47:32', 'QUESTIONNAIRE_MIGRATION_2019', '2019-07-19 13:47:32', 'QUESTIONNAIRE_MIGRATION_2019'),
	(272, 23, 2, 136, 'How would you rate your overall quality of life during the past week?', 0, '', '2019-07-19 13:47:32', 'QUESTIONNAIRE_MIGRATION_2019', '2019-07-19 13:47:32', 'QUESTIONNAIRE_MIGRATION_2019'),
	(273, 33, 1, 137, 'Trs Mauvais', 0, '', '2019-07-19 13:47:32', 'QUESTIONNAIRE_MIGRATION_2019', '2019-07-19 13:47:32', 'QUESTIONNAIRE_MIGRATION_2019'),
	(274, 33, 2, 137, 'Very Poor', 0, '', '2019-07-19 13:47:32', 'QUESTIONNAIRE_MIGRATION_2019', '2019-07-19 13:47:32', 'QUESTIONNAIRE_MIGRATION_2019'),
	(275, 33, 1, 138, 'Excellente', 0, '', '2019-07-19 13:47:32', 'QUESTIONNAIRE_MIGRATION_2019', '2019-07-19 13:47:32', 'QUESTIONNAIRE_MIGRATION_2019'),
	(276, 33, 2, 138, 'Excellent', 0, '', '2019-07-19 13:47:32', 'QUESTIONNAIRE_MIGRATION_2019', '2019-07-19 13:47:32', 'QUESTIONNAIRE_MIGRATION_2019'),
	(277, 23, 1, 139, 'FR_', 0, '', '2019-07-19 13:47:32', 'QUESTIONNAIRE_MIGRATION_2019', '2019-07-19 13:47:32', 'QUESTIONNAIRE_MIGRATION_2019'),
	(278, 23, 2, 139, 'EN_', 0, '', '2019-07-19 13:47:32', 'QUESTIONNAIRE_MIGRATION_2019', '2019-07-19 13:47:32', 'QUESTIONNAIRE_MIGRATION_2019'),
	(279, 23, 1, 140, 'FR_', 0, '', '2019-07-19 13:47:32', 'QUESTIONNAIRE_MIGRATION_2019', '2019-07-19 13:47:32', 'QUESTIONNAIRE_MIGRATION_2019'),
	(280, 23, 2, 140, 'EN_', 0, '', '2019-07-19 13:47:32', 'QUESTIONNAIRE_MIGRATION_2019', '2019-07-19 13:47:32', 'QUESTIONNAIRE_MIGRATION_2019'),
	(281, 23, 1, 141, 'Dans quelle mesure tes-vous satisfait de ce questionnaire?', 0, '', '2019-07-19 13:47:32', 'QUESTIONNAIRE_MIGRATION_2019', '2019-07-19 13:47:32', 'QUESTIONNAIRE_MIGRATION_2019'),
	(282, 23, 2, 141, 'How satisfied are you with this questionnaire?', 0, '', '2019-07-19 13:47:32', 'QUESTIONNAIRE_MIGRATION_2019', '2019-07-19 13:47:32', 'QUESTIONNAIRE_MIGRATION_2019'),
	(283, 33, 1, 142, 'Trs peu Satisfait', 0, '', '2019-07-19 13:47:32', 'QUESTIONNAIRE_MIGRATION_2019', '2019-07-19 13:47:32', 'QUESTIONNAIRE_MIGRATION_2019'),
	(284, 33, 2, 142, 'Not at all satisfied', 0, '', '2019-07-19 13:47:32', 'QUESTIONNAIRE_MIGRATION_2019', '2019-07-19 13:47:32', 'QUESTIONNAIRE_MIGRATION_2019'),
	(285, 33, 1, 143, 'Trs Satisfait', 0, '', '2019-07-19 13:47:32', 'QUESTIONNAIRE_MIGRATION_2019', '2019-07-19 13:47:32', 'QUESTIONNAIRE_MIGRATION_2019'),
	(286, 33, 2, 143, 'Very satisfied', 0, '', '2019-07-19 13:47:32', 'QUESTIONNAIRE_MIGRATION_2019', '2019-07-19 13:47:32', 'QUESTIONNAIRE_MIGRATION_2019'),
	(287, 27, 1, 144, 'FR_', 0, '', '2019-07-19 13:47:32', 'QUESTIONNAIRE_MIGRATION_2019', '2019-07-19 13:47:32', 'QUESTIONNAIRE_MIGRATION_2019'),
	(288, 27, 2, 144, 'Opal Feedback Questionnaire', 0, '', '2019-07-19 13:47:32', 'QUESTIONNAIRE_MIGRATION_2019', '2019-07-19 13:47:32', 'QUESTIONNAIRE_MIGRATION_2019'),
	(289, 32, 1, 145, 'FR_', 0, '', '2019-07-19 13:47:32', 'QUESTIONNAIRE_MIGRATION_2019', '2019-07-19 13:47:32', 'QUESTIONNAIRE_MIGRATION_2019'),
	(290, 32, 2, 145, 'EN_', 0, '', '2019-07-19 13:47:32', 'QUESTIONNAIRE_MIGRATION_2019', '2019-07-19 13:47:32', 'QUESTIONNAIRE_MIGRATION_2019'),
	(291, 23, 1, 146, 'FR_', 0, '', '2019-07-19 13:47:32', 'QUESTIONNAIRE_MIGRATION_2019', '2019-07-19 13:47:32', 'QUESTIONNAIRE_MIGRATION_2019'),
	(292, 23, 2, 146, 'EN_', 0, '', '2019-07-19 13:47:32', 'QUESTIONNAIRE_MIGRATION_2019', '2019-07-19 13:47:32', 'QUESTIONNAIRE_MIGRATION_2019'),
	(293, 23, 1, 147, 'FR_', 0, '', '2019-07-19 13:47:32', 'QUESTIONNAIRE_MIGRATION_2019', '2019-07-19 13:47:32', 'QUESTIONNAIRE_MIGRATION_2019'),
	(294, 23, 2, 147, 'EN_', 0, '', '2019-07-19 13:47:32', 'QUESTIONNAIRE_MIGRATION_2019', '2019-07-19 13:47:32', 'QUESTIONNAIRE_MIGRATION_2019'),
	(295, 23, 1, 148, 'Trouvez-vous l\'application Opal utile?', 0, '', '2019-07-19 13:47:32', 'QUESTIONNAIRE_MIGRATION_2019', '2019-07-19 13:47:32', 'QUESTIONNAIRE_MIGRATION_2019'),
	(296, 23, 2, 148, 'How useful is the Opal app?', 0, '', '2019-07-19 13:47:32', 'QUESTIONNAIRE_MIGRATION_2019', '2019-07-19 13:47:32', 'QUESTIONNAIRE_MIGRATION_2019'),
	(297, 33, 1, 149, 'Pas du tout utile', 0, '', '2019-07-19 13:47:32', 'QUESTIONNAIRE_MIGRATION_2019', '2019-07-19 13:47:32', 'QUESTIONNAIRE_MIGRATION_2019'),
	(298, 33, 2, 149, 'Not useful at all', 0, '', '2019-07-19 13:47:32', 'QUESTIONNAIRE_MIGRATION_2019', '2019-07-19 13:47:32', 'QUESTIONNAIRE_MIGRATION_2019'),
	(299, 33, 1, 150, 'Extrmement utile', 0, '', '2019-07-19 13:47:32', 'QUESTIONNAIRE_MIGRATION_2019', '2019-07-19 13:47:32', 'QUESTIONNAIRE_MIGRATION_2019'),
	(300, 33, 2, 150, 'Extremely useful', 0, '', '2019-07-19 13:47:32', 'QUESTIONNAIRE_MIGRATION_2019', '2019-07-19 13:47:32', 'QUESTIONNAIRE_MIGRATION_2019'),
	(301, 23, 1, 151, 'FR_', 0, '', '2019-07-19 13:47:32', 'QUESTIONNAIRE_MIGRATION_2019', '2019-07-19 13:47:32', 'QUESTIONNAIRE_MIGRATION_2019'),
	(302, 23, 2, 151, 'EN_', 0, '', '2019-07-19 13:47:32', 'QUESTIONNAIRE_MIGRATION_2019', '2019-07-19 13:47:32', 'QUESTIONNAIRE_MIGRATION_2019'),
	(303, 23, 1, 152, 'FR_', 0, '', '2019-07-19 13:47:32', 'QUESTIONNAIRE_MIGRATION_2019', '2019-07-19 13:47:32', 'QUESTIONNAIRE_MIGRATION_2019'),
	(304, 23, 2, 152, 'EN_', 0, '', '2019-07-19 13:47:32', 'QUESTIONNAIRE_MIGRATION_2019', '2019-07-19 13:47:32', 'QUESTIONNAIRE_MIGRATION_2019'),
	(305, 23, 1, 153, 'Est-il facile de naviguer dans l\'application Opal pour trouver l\'information que vous cherchez?', 0, '', '2019-07-19 13:47:32', 'QUESTIONNAIRE_MIGRATION_2019', '2019-07-19 13:47:32', 'QUESTIONNAIRE_MIGRATION_2019'),
	(306, 23, 2, 153, 'How easy is it to navigate through the Opal app to find the information that you want?', 0, '', '2019-07-19 13:47:32', 'QUESTIONNAIRE_MIGRATION_2019', '2019-07-19 13:47:32', 'QUESTIONNAIRE_MIGRATION_2019'),
	(307, 33, 1, 154, 'Pas facile du tout', 0, '', '2019-07-19 13:47:32', 'QUESTIONNAIRE_MIGRATION_2019', '2019-07-19 13:47:32', 'QUESTIONNAIRE_MIGRATION_2019'),
	(308, 33, 2, 154, 'Not easy at all', 0, '', '2019-07-19 13:47:32', 'QUESTIONNAIRE_MIGRATION_2019', '2019-07-19 13:47:32', 'QUESTIONNAIRE_MIGRATION_2019'),
	(309, 33, 1, 155, 'Extrmement facile', 0, '', '2019-07-19 13:47:32', 'QUESTIONNAIRE_MIGRATION_2019', '2019-07-19 13:47:32', 'QUESTIONNAIRE_MIGRATION_2019'),
	(310, 33, 2, 155, 'Extremely easy', 0, '', '2019-07-19 13:47:32', 'QUESTIONNAIRE_MIGRATION_2019', '2019-07-19 13:47:32', 'QUESTIONNAIRE_MIGRATION_2019'),
	(311, 23, 1, 156, 'FR_', 0, '', '2019-07-19 13:47:32', 'QUESTIONNAIRE_MIGRATION_2019', '2019-07-19 13:47:32', 'QUESTIONNAIRE_MIGRATION_2019'),
	(312, 23, 2, 156, 'Recommend Opal App', 0, '', '2019-07-19 13:47:32', 'QUESTIONNAIRE_MIGRATION_2019', '2019-07-19 13:47:32', 'QUESTIONNAIRE_MIGRATION_2019'),
	(313, 23, 1, 157, 'FR_', 0, '', '2019-07-19 13:47:32', 'QUESTIONNAIRE_MIGRATION_2019', '2019-07-19 13:47:32', 'QUESTIONNAIRE_MIGRATION_2019'),
	(314, 23, 2, 157, 'EN_', 0, '', '2019-07-19 13:47:32', 'QUESTIONNAIRE_MIGRATION_2019', '2019-07-19 13:47:32', 'QUESTIONNAIRE_MIGRATION_2019'),
	(315, 23, 1, 158, 'Recommanderiez-vous l\'application Opal  un autre patient atteint de cancer?', 0, '', '2019-07-19 13:47:32', 'QUESTIONNAIRE_MIGRATION_2019', '2019-07-19 13:47:32', 'QUESTIONNAIRE_MIGRATION_2019'),
	(316, 23, 2, 158, 'Would you recommend the Opal app to another cancer patient?', 0, '', '2019-07-19 13:47:32', 'QUESTIONNAIRE_MIGRATION_2019', '2019-07-19 13:47:32', 'QUESTIONNAIRE_MIGRATION_2019'),
	(317, 31, 1, 159, 'Oui', 0, '', '2019-07-19 13:47:32', 'QUESTIONNAIRE_MIGRATION_2019', '2019-07-19 13:47:32', 'QUESTIONNAIRE_MIGRATION_2019'),
	(318, 31, 2, 159, 'Yes', 0, '', '2019-07-19 13:47:32', 'QUESTIONNAIRE_MIGRATION_2019', '2019-07-19 13:47:32', 'QUESTIONNAIRE_MIGRATION_2019'),
	(319, 31, 1, 160, 'Non', 0, '', '2019-07-19 13:47:32', 'QUESTIONNAIRE_MIGRATION_2019', '2019-07-19 13:47:32', 'QUESTIONNAIRE_MIGRATION_2019'),
	(320, 31, 2, 160, 'No', 0, '', '2019-07-19 13:47:32', 'QUESTIONNAIRE_MIGRATION_2019', '2019-07-19 13:47:32', 'QUESTIONNAIRE_MIGRATION_2019'),
	(321, 23, 1, 161, 'FR_', 0, '', '2019-07-19 13:47:32', 'QUESTIONNAIRE_MIGRATION_2019', '2019-07-19 13:47:32', 'QUESTIONNAIRE_MIGRATION_2019'),
	(322, 23, 2, 161, 'Caregiver Access', 0, '', '2019-07-19 13:47:32', 'QUESTIONNAIRE_MIGRATION_2019', '2019-07-19 13:47:32', 'QUESTIONNAIRE_MIGRATION_2019'),
	(323, 23, 1, 162, 'FR_', 0, '', '2019-07-19 13:47:32', 'QUESTIONNAIRE_MIGRATION_2019', '2019-07-19 13:47:32', 'QUESTIONNAIRE_MIGRATION_2019'),
	(324, 23, 2, 162, 'EN_', 0, '', '2019-07-19 13:47:32', 'QUESTIONNAIRE_MIGRATION_2019', '2019-07-19 13:47:32', 'QUESTIONNAIRE_MIGRATION_2019'),
	(325, 23, 1, 163, 'Souhaitez-vous que vos aidants, tels que les membres de votre famille, aient accs  certaines de vos informations via une application comme Opal?', 0, '', '2019-07-19 13:47:32', 'QUESTIONNAIRE_MIGRATION_2019', '2019-07-19 13:47:32', 'QUESTIONNAIRE_MIGRATION_2019'),
	(326, 23, 2, 163, 'Would you like your caregiver(s), such as family members, to have access to some of your information via an app like Opal?', 0, '', '2019-07-19 13:47:32', 'QUESTIONNAIRE_MIGRATION_2019', '2019-07-19 13:47:32', 'QUESTIONNAIRE_MIGRATION_2019'),
	(327, 31, 1, 164, 'Oui', 0, '', '2019-07-19 13:47:32', 'QUESTIONNAIRE_MIGRATION_2019', '2019-07-19 13:47:32', 'QUESTIONNAIRE_MIGRATION_2019'),
	(328, 31, 2, 164, 'Yes', 0, '', '2019-07-19 13:47:32', 'QUESTIONNAIRE_MIGRATION_2019', '2019-07-19 13:47:32', 'QUESTIONNAIRE_MIGRATION_2019'),
	(329, 31, 1, 165, 'Non', 0, '', '2019-07-19 13:47:32', 'QUESTIONNAIRE_MIGRATION_2019', '2019-07-19 13:47:32', 'QUESTIONNAIRE_MIGRATION_2019'),
	(330, 31, 2, 165, 'No', 0, '', '2019-07-19 13:47:32', 'QUESTIONNAIRE_MIGRATION_2019', '2019-07-19 13:47:32', 'QUESTIONNAIRE_MIGRATION_2019'),
	(331, 23, 1, 166, 'FR_', 0, '', '2019-07-19 13:47:32', 'QUESTIONNAIRE_MIGRATION_2019', '2019-07-19 13:47:32', 'QUESTIONNAIRE_MIGRATION_2019'),
	(332, 23, 2, 166, 'EN_', 0, '', '2019-07-19 13:47:32', 'QUESTIONNAIRE_MIGRATION_2019', '2019-07-19 13:47:32', 'QUESTIONNAIRE_MIGRATION_2019'),
	(333, 23, 1, 167, 'FR_', 0, '', '2019-07-19 13:47:32', 'QUESTIONNAIRE_MIGRATION_2019', '2019-07-19 13:47:32', 'QUESTIONNAIRE_MIGRATION_2019'),
	(334, 23, 2, 167, 'EN_', 0, '', '2019-07-19 13:47:32', 'QUESTIONNAIRE_MIGRATION_2019', '2019-07-19 13:47:32', 'QUESTIONNAIRE_MIGRATION_2019'),
	(335, 23, 1, 168, 'Veuillez slectionner toutes les fonctionnalits dOpal que vous trouvez utiles.', 0, '', '2019-07-19 13:47:32', 'QUESTIONNAIRE_MIGRATION_2019', '2019-07-19 13:47:32', 'QUESTIONNAIRE_MIGRATION_2019'),
	(336, 23, 2, 168, 'Please select all the features that you find useful.', 0, '', '2019-07-19 13:47:32', 'QUESTIONNAIRE_MIGRATION_2019', '2019-07-19 13:47:32', 'QUESTIONNAIRE_MIGRATION_2019'),
	(337, 31, 1, 169, 'Calendrier / liste des rendez-vous', 0, '', '2019-07-19 13:47:32', 'QUESTIONNAIRE_MIGRATION_2019', '2019-07-19 13:47:32', 'QUESTIONNAIRE_MIGRATION_2019'),
	(338, 31, 2, 169, 'Calendar/list of appointments', 0, '', '2019-07-19 13:47:32', 'QUESTIONNAIRE_MIGRATION_2019', '2019-07-19 13:47:32', 'QUESTIONNAIRE_MIGRATION_2019'),
	(339, 31, 1, 170, 'Enregistrement  vos rendez-vous', 0, '', '2019-07-19 13:47:32', 'QUESTIONNAIRE_MIGRATION_2019', '2019-07-19 13:47:32', 'QUESTIONNAIRE_MIGRATION_2019'),
	(340, 31, 2, 170, 'Checking in for appointments', 0, '', '2019-07-19 13:47:32', 'QUESTIONNAIRE_MIGRATION_2019', '2019-07-19 13:47:32', 'QUESTIONNAIRE_MIGRATION_2019'),
	(341, 31, 1, 171, 'Notes cliniques', 0, '', '2019-07-19 13:47:32', 'QUESTIONNAIRE_MIGRATION_2019', '2019-07-19 13:47:32', 'QUESTIONNAIRE_MIGRATION_2019'),
	(342, 31, 2, 171, 'Clinical notes', 0, '', '2019-07-19 13:47:32', 'QUESTIONNAIRE_MIGRATION_2019', '2019-07-19 13:47:32', 'QUESTIONNAIRE_MIGRATION_2019'),
	(343, 31, 1, 172, 'Matriel pdagogique', 0, '', '2019-07-19 13:47:32', 'QUESTIONNAIRE_MIGRATION_2019', '2019-07-19 13:47:32', 'QUESTIONNAIRE_MIGRATION_2019'),
	(344, 31, 2, 172, 'Educational material', 0, '', '2019-07-19 13:47:32', 'QUESTIONNAIRE_MIGRATION_2019', '2019-07-19 13:47:32', 'QUESTIONNAIRE_MIGRATION_2019'),
	(345, 31, 1, 173, 'Rsultats de laboratoire', 0, '', '2019-07-19 13:47:32', 'QUESTIONNAIRE_MIGRATION_2019', '2019-07-19 13:47:32', 'QUESTIONNAIRE_MIGRATION_2019'),
	(346, 31, 2, 173, 'Lab results', 0, '', '2019-07-19 13:47:32', 'QUESTIONNAIRE_MIGRATION_2019', '2019-07-19 13:47:32', 'QUESTIONNAIRE_MIGRATION_2019'),
	(347, 31, 1, 174, 'Les contacts de mon quipe soignante', 0, '', '2019-07-19 13:47:32', 'QUESTIONNAIRE_MIGRATION_2019', '2019-07-19 13:47:32', 'QUESTIONNAIRE_MIGRATION_2019'),
	(348, 31, 2, 174, 'My treating team contacts', 0, '', '2019-07-19 13:47:32', 'QUESTIONNAIRE_MIGRATION_2019', '2019-07-19 13:47:32', 'QUESTIONNAIRE_MIGRATION_2019'),
	(349, 31, 1, 175, 'Notifications', 0, '', '2019-07-19 13:47:32', 'QUESTIONNAIRE_MIGRATION_2019', '2019-07-19 13:47:32', 'QUESTIONNAIRE_MIGRATION_2019'),
	(350, 31, 2, 175, 'Notifications', 0, '', '2019-07-19 13:47:32', 'QUESTIONNAIRE_MIGRATION_2019', '2019-07-19 13:47:32', 'QUESTIONNAIRE_MIGRATION_2019'),
	(351, 31, 1, 176, 'Informations par rapport au stationnement', 0, '', '2019-07-19 13:47:32', 'QUESTIONNAIRE_MIGRATION_2019', '2019-07-19 13:47:32', 'QUESTIONNAIRE_MIGRATION_2019'),
	(352, 31, 2, 176, 'Parking information', 0, '', '2019-07-19 13:47:32', 'QUESTIONNAIRE_MIGRATION_2019', '2019-07-19 13:47:32', 'QUESTIONNAIRE_MIGRATION_2019'),
	(353, 31, 1, 177, 'Le module Patients pour les patients', 0, '', '2019-07-19 13:47:32', 'QUESTIONNAIRE_MIGRATION_2019', '2019-07-19 13:47:32', 'QUESTIONNAIRE_MIGRATION_2019'),
	(354, 31, 2, 177, 'Patients for Patients', 0, '', '2019-07-19 13:47:32', 'QUESTIONNAIRE_MIGRATION_2019', '2019-07-19 13:47:32', 'QUESTIONNAIRE_MIGRATION_2019'),
	(355, 31, 1, 178, 'Questionnaires', 0, '', '2019-07-19 13:47:32', 'QUESTIONNAIRE_MIGRATION_2019', '2019-07-19 13:47:32', 'QUESTIONNAIRE_MIGRATION_2019'),
	(356, 31, 2, 178, 'Questionnaires', 0, '', '2019-07-19 13:47:32', 'QUESTIONNAIRE_MIGRATION_2019', '2019-07-19 13:47:32', 'QUESTIONNAIRE_MIGRATION_2019'),
	(357, 31, 1, 179, 'Paramtres (tel que la langue ou la taille de la police, etc)', 0, '', '2019-07-19 13:47:32', 'QUESTIONNAIRE_MIGRATION_2019', '2019-07-19 13:47:32', 'QUESTIONNAIRE_MIGRATION_2019'),
	(358, 31, 2, 179, 'Settings (i.e. language, font size)', 0, '', '2019-07-19 13:47:32', 'QUESTIONNAIRE_MIGRATION_2019', '2019-07-19 13:47:32', 'QUESTIONNAIRE_MIGRATION_2019'),
	(359, 31, 1, 180, 'Planification du traitement', 0, '', '2019-07-19 13:47:32', 'QUESTIONNAIRE_MIGRATION_2019', '2019-07-19 13:47:32', 'QUESTIONNAIRE_MIGRATION_2019'),
	(360, 31, 2, 180, 'Treatment planning', 0, '', '2019-07-19 13:47:32', 'QUESTIONNAIRE_MIGRATION_2019', '2019-07-19 13:47:32', 'QUESTIONNAIRE_MIGRATION_2019'),
	(361, 31, 1, 181, 'Messages de lquipe traitante', 0, '', '2019-07-19 13:47:32', 'QUESTIONNAIRE_MIGRATION_2019', '2019-07-19 13:47:32', 'QUESTIONNAIRE_MIGRATION_2019'),
	(362, 31, 2, 181, 'Treating team messages', 0, '', '2019-07-19 13:47:32', 'QUESTIONNAIRE_MIGRATION_2019', '2019-07-19 13:47:32', 'QUESTIONNAIRE_MIGRATION_2019'),
	(363, 31, 1, 182, 'Aucune des rponses ci-dessus', 0, '', '2019-07-19 13:47:32', 'QUESTIONNAIRE_MIGRATION_2019', '2019-07-19 13:47:32', 'QUESTIONNAIRE_MIGRATION_2019'),
	(364, 31, 2, 182, 'None of the Above', 0, '', '2019-07-19 13:47:32', 'QUESTIONNAIRE_MIGRATION_2019', '2019-07-19 13:47:32', 'QUESTIONNAIRE_MIGRATION_2019'),
	(365, 23, 1, 183, 'FR_', 0, '', '2019-07-19 13:47:32', 'QUESTIONNAIRE_MIGRATION_2019', '2019-07-19 13:47:32', 'QUESTIONNAIRE_MIGRATION_2019'),
	(366, 23, 2, 183, 'EN_', 0, '', '2019-07-19 13:47:32', 'QUESTIONNAIRE_MIGRATION_2019', '2019-07-19 13:47:32', 'QUESTIONNAIRE_MIGRATION_2019'),
	(367, 23, 1, 184, 'FR_', 0, '', '2019-07-19 13:47:32', 'QUESTIONNAIRE_MIGRATION_2019', '2019-07-19 13:47:32', 'QUESTIONNAIRE_MIGRATION_2019'),
	(368, 23, 2, 184, 'EN_', 0, '', '2019-07-19 13:47:32', 'QUESTIONNAIRE_MIGRATION_2019', '2019-07-19 13:47:32', 'QUESTIONNAIRE_MIGRATION_2019'),
	(369, 23, 1, 185, 'Quelle caractristique d\'Opal trouvez-vous la plus utile? (slectionnez une caractristique)', 0, '', '2019-07-19 13:47:32', 'QUESTIONNAIRE_MIGRATION_2019', '2019-07-19 13:47:32', 'QUESTIONNAIRE_MIGRATION_2019'),
	(370, 23, 2, 185, 'Which feature of Opal do you find most useful? (select one feature)', 0, '', '2019-07-19 13:47:32', 'QUESTIONNAIRE_MIGRATION_2019', '2019-07-19 13:47:32', 'QUESTIONNAIRE_MIGRATION_2019'),
	(371, 12, 1, 186, 'Calendrier / liste des rendez-vous', 0, '', '2019-07-19 13:47:32', 'QUESTIONNAIRE_MIGRATION_2019', '2019-07-19 13:47:32', 'QUESTIONNAIRE_MIGRATION_2019'),
	(372, 12, 2, 186, 'Calendar/list of appointments', 0, '', '2019-07-19 13:47:32', 'QUESTIONNAIRE_MIGRATION_2019', '2019-07-19 13:47:32', 'QUESTIONNAIRE_MIGRATION_2019'),
	(373, 12, 1, 187, 'Enregistrement  vos rendez-vous', 0, '', '2019-07-19 13:47:32', 'QUESTIONNAIRE_MIGRATION_2019', '2019-07-19 13:47:32', 'QUESTIONNAIRE_MIGRATION_2019'),
	(374, 12, 2, 187, 'Checking in for appointments', 0, '', '2019-07-19 13:47:32', 'QUESTIONNAIRE_MIGRATION_2019', '2019-07-19 13:47:32', 'QUESTIONNAIRE_MIGRATION_2019'),
	(375, 12, 1, 188, 'Notes cliniques', 0, '', '2019-07-19 13:47:32', 'QUESTIONNAIRE_MIGRATION_2019', '2019-07-19 13:47:32', 'QUESTIONNAIRE_MIGRATION_2019'),
	(376, 12, 2, 188, 'Clinical notes', 0, '', '2019-07-19 13:47:32', 'QUESTIONNAIRE_MIGRATION_2019', '2019-07-19 13:47:32', 'QUESTIONNAIRE_MIGRATION_2019'),
	(377, 12, 1, 189, 'Matriel pdagogique', 0, '', '2019-07-19 13:47:32', 'QUESTIONNAIRE_MIGRATION_2019', '2019-07-19 13:47:32', 'QUESTIONNAIRE_MIGRATION_2019'),
	(378, 12, 2, 189, 'Educational material', 0, '', '2019-07-19 13:47:32', 'QUESTIONNAIRE_MIGRATION_2019', '2019-07-19 13:47:32', 'QUESTIONNAIRE_MIGRATION_2019'),
	(379, 12, 1, 190, 'Rsultats de laboratoire', 0, '', '2019-07-19 13:47:32', 'QUESTIONNAIRE_MIGRATION_2019', '2019-07-19 13:47:32', 'QUESTIONNAIRE_MIGRATION_2019'),
	(380, 12, 2, 190, 'Lab results', 0, '', '2019-07-19 13:47:32', 'QUESTIONNAIRE_MIGRATION_2019', '2019-07-19 13:47:32', 'QUESTIONNAIRE_MIGRATION_2019'),
	(381, 12, 1, 191, 'Les contacts de mon quipe soignante', 0, '', '2019-07-19 13:47:32', 'QUESTIONNAIRE_MIGRATION_2019', '2019-07-19 13:47:32', 'QUESTIONNAIRE_MIGRATION_2019'),
	(382, 12, 2, 191, 'My treating team contacts', 0, '', '2019-07-19 13:47:32', 'QUESTIONNAIRE_MIGRATION_2019', '2019-07-19 13:47:32', 'QUESTIONNAIRE_MIGRATION_2019'),
	(383, 12, 1, 192, 'Notifications', 0, '', '2019-07-19 13:47:32', 'QUESTIONNAIRE_MIGRATION_2019', '2019-07-19 13:47:32', 'QUESTIONNAIRE_MIGRATION_2019'),
	(384, 12, 2, 192, 'Notifications', 0, '', '2019-07-19 13:47:32', 'QUESTIONNAIRE_MIGRATION_2019', '2019-07-19 13:47:32', 'QUESTIONNAIRE_MIGRATION_2019'),
	(385, 12, 1, 193, 'Informations par rapport au stationnement', 0, '', '2019-07-19 13:47:32', 'QUESTIONNAIRE_MIGRATION_2019', '2019-07-19 13:47:32', 'QUESTIONNAIRE_MIGRATION_2019'),
	(386, 12, 2, 193, 'Parking information', 0, '', '2019-07-19 13:47:32', 'QUESTIONNAIRE_MIGRATION_2019', '2019-07-19 13:47:32', 'QUESTIONNAIRE_MIGRATION_2019'),
	(387, 12, 1, 194, 'Le module Patients pour les patients', 0, '', '2019-07-19 13:47:32', 'QUESTIONNAIRE_MIGRATION_2019', '2019-07-19 13:47:32', 'QUESTIONNAIRE_MIGRATION_2019'),
	(388, 12, 2, 194, 'Patients for Patients', 0, '', '2019-07-19 13:47:32', 'QUESTIONNAIRE_MIGRATION_2019', '2019-07-19 13:47:32', 'QUESTIONNAIRE_MIGRATION_2019'),
	(389, 12, 1, 195, 'Questionnaires', 0, '', '2019-07-19 13:47:32', 'QUESTIONNAIRE_MIGRATION_2019', '2019-07-19 13:47:32', 'QUESTIONNAIRE_MIGRATION_2019'),
	(390, 12, 2, 195, 'Questionnaires', 0, '', '2019-07-19 13:47:32', 'QUESTIONNAIRE_MIGRATION_2019', '2019-07-19 13:47:32', 'QUESTIONNAIRE_MIGRATION_2019'),
	(391, 12, 1, 196, 'Paramtres (tel que la langue ou la taille de la police, etc)', 0, '', '2019-07-19 13:47:32', 'QUESTIONNAIRE_MIGRATION_2019', '2019-07-19 13:47:32', 'QUESTIONNAIRE_MIGRATION_2019'),
	(392, 12, 2, 196, 'Settings (i.e. language, font size)', 0, '', '2019-07-19 13:47:32', 'QUESTIONNAIRE_MIGRATION_2019', '2019-07-19 13:47:32', 'QUESTIONNAIRE_MIGRATION_2019'),
	(393, 12, 1, 197, 'Planification du traitement', 0, '', '2019-07-19 13:47:32', 'QUESTIONNAIRE_MIGRATION_2019', '2019-07-19 13:47:32', 'QUESTIONNAIRE_MIGRATION_2019'),
	(394, 12, 2, 197, 'Treatment planning', 0, '', '2019-07-19 13:47:32', 'QUESTIONNAIRE_MIGRATION_2019', '2019-07-19 13:47:32', 'QUESTIONNAIRE_MIGRATION_2019'),
	(395, 12, 1, 198, 'Messages de lquipe traitante', 0, '', '2019-07-19 13:47:32', 'QUESTIONNAIRE_MIGRATION_2019', '2019-07-19 13:47:32', 'QUESTIONNAIRE_MIGRATION_2019'),
	(396, 12, 2, 198, 'Treating team messages', 0, '', '2019-07-19 13:47:32', 'QUESTIONNAIRE_MIGRATION_2019', '2019-07-19 13:47:32', 'QUESTIONNAIRE_MIGRATION_2019'),
	(397, 12, 1, 199, 'Aucune des rponses ci-dessus', 0, '', '2019-07-19 13:47:32', 'QUESTIONNAIRE_MIGRATION_2019', '2019-07-19 13:47:32', 'QUESTIONNAIRE_MIGRATION_2019'),
	(398, 12, 2, 199, 'None of the Above', 0, '', '2019-07-19 13:47:32', 'QUESTIONNAIRE_MIGRATION_2019', '2019-07-19 13:47:32', 'QUESTIONNAIRE_MIGRATION_2019'),
	(399, 23, 1, 200, 'FR_', 0, '', '2019-07-19 13:47:32', 'QUESTIONNAIRE_MIGRATION_2019', '2019-07-19 13:47:32', 'QUESTIONNAIRE_MIGRATION_2019'),
	(400, 23, 2, 200, 'EN_', 0, '', '2019-07-19 13:47:32', 'QUESTIONNAIRE_MIGRATION_2019', '2019-07-19 13:47:32', 'QUESTIONNAIRE_MIGRATION_2019'),
	(401, 23, 1, 201, 'FR_', 0, '', '2019-07-19 13:47:32', 'QUESTIONNAIRE_MIGRATION_2019', '2019-07-19 13:47:32', 'QUESTIONNAIRE_MIGRATION_2019'),
	(402, 23, 2, 201, 'EN_', 0, '', '2019-07-19 13:47:32', 'QUESTIONNAIRE_MIGRATION_2019', '2019-07-19 13:47:32', 'QUESTIONNAIRE_MIGRATION_2019'),
	(403, 23, 1, 202, 'Avez-vous des commentaires sur l\'application Opal? Ceux-ci peuvent tre des commentaires sur ce que vous aimez, ou des suggestions sur ce qui pourrait tre ajout ou amlior.', 0, '', '2019-07-19 13:47:32', 'QUESTIONNAIRE_MIGRATION_2019', '2019-07-19 13:47:32', 'QUESTIONNAIRE_MIGRATION_2019'),
	(404, 23, 2, 202, 'Please enter any comments you have about the Opal app.  These can be comments about what you like, or suggestions about what could be added or improved.', 0, '', '2019-07-19 13:47:32', 'QUESTIONNAIRE_MIGRATION_2019', '2019-07-19 13:47:32', 'QUESTIONNAIRE_MIGRATION_2019'),
	(405, 27, 1, 203, 'FR_', 0, '', '2019-07-19 13:47:32', 'QUESTIONNAIRE_MIGRATION_2019', '2019-07-19 13:47:32', 'QUESTIONNAIRE_MIGRATION_2019'),
	(406, 27, 2, 203, 'Patient Acceptability', 0, '', '2019-07-19 13:47:32', 'QUESTIONNAIRE_MIGRATION_2019', '2019-07-19 13:47:32', 'QUESTIONNAIRE_MIGRATION_2019'),
	(407, 32, 1, 204, 'FR_', 0, '', '2019-07-19 13:47:33', 'QUESTIONNAIRE_MIGRATION_2019', '2019-07-19 13:47:33', 'QUESTIONNAIRE_MIGRATION_2019'),
	(408, 32, 2, 204, 'EN_', 0, '', '2019-07-19 13:47:33', 'QUESTIONNAIRE_MIGRATION_2019', '2019-07-19 13:47:33', 'QUESTIONNAIRE_MIGRATION_2019'),
	(409, 23, 1, 205, 'FR_', 0, '', '2019-07-19 13:47:33', 'QUESTIONNAIRE_MIGRATION_2019', '2019-07-19 13:47:33', 'QUESTIONNAIRE_MIGRATION_2019'),
	(410, 23, 2, 205, 'EN_', 0, '', '2019-07-19 13:47:33', 'QUESTIONNAIRE_MIGRATION_2019', '2019-07-19 13:47:33', 'QUESTIONNAIRE_MIGRATION_2019'),
	(411, 23, 1, 206, 'FR_', 0, '', '2019-07-19 13:47:33', 'QUESTIONNAIRE_MIGRATION_2019', '2019-07-19 13:47:33', 'QUESTIONNAIRE_MIGRATION_2019'),
	(412, 23, 2, 206, 'EN_', 0, '', '2019-07-19 13:47:33', 'QUESTIONNAIRE_MIGRATION_2019', '2019-07-19 13:47:33', 'QUESTIONNAIRE_MIGRATION_2019'),
	(413, 23, 1, 207, 'tiez-vous confortable  rpondre  ce questionnaire?', 0, '', '2019-07-19 13:47:33', 'QUESTIONNAIRE_MIGRATION_2019', '2019-07-19 13:47:33', 'QUESTIONNAIRE_MIGRATION_2019'),
	(414, 23, 2, 207, 'Were you comfortable to answer this questionnaire?', 0, '', '2019-07-19 13:47:33', 'QUESTIONNAIRE_MIGRATION_2019', '2019-07-19 13:47:33', 'QUESTIONNAIRE_MIGRATION_2019'),
	(415, 12, 1, 208, 'Oui', 0, '', '2019-07-19 13:47:33', 'QUESTIONNAIRE_MIGRATION_2019', '2019-07-19 13:47:33', 'QUESTIONNAIRE_MIGRATION_2019'),
	(416, 12, 2, 208, 'Yes', 0, '', '2019-07-19 13:47:33', 'QUESTIONNAIRE_MIGRATION_2019', '2019-07-19 13:47:33', 'QUESTIONNAIRE_MIGRATION_2019'),
	(417, 12, 1, 209, 'Non', 0, '', '2019-07-19 13:47:33', 'QUESTIONNAIRE_MIGRATION_2019', '2019-07-19 13:47:33', 'QUESTIONNAIRE_MIGRATION_2019'),
	(418, 12, 2, 209, 'No', 0, '', '2019-07-19 13:47:33', 'QUESTIONNAIRE_MIGRATION_2019', '2019-07-19 13:47:33', 'QUESTIONNAIRE_MIGRATION_2019'),
	(419, 12, 1, 210, 'Neutre', 0, '', '2019-07-19 13:47:33', 'QUESTIONNAIRE_MIGRATION_2019', '2019-07-19 13:47:33', 'QUESTIONNAIRE_MIGRATION_2019'),
	(420, 12, 2, 210, 'Neutral', 0, '', '2019-07-19 13:47:33', 'QUESTIONNAIRE_MIGRATION_2019', '2019-07-19 13:47:33', 'QUESTIONNAIRE_MIGRATION_2019'),
	(421, 23, 1, 211, 'FR_', 0, '', '2019-07-19 13:47:33', 'QUESTIONNAIRE_MIGRATION_2019', '2019-07-19 13:47:33', 'QUESTIONNAIRE_MIGRATION_2019'),
	(422, 23, 2, 211, 'EN_', 0, '', '2019-07-19 13:47:33', 'QUESTIONNAIRE_MIGRATION_2019', '2019-07-19 13:47:33', 'QUESTIONNAIRE_MIGRATION_2019'),
	(423, 23, 1, 212, 'FR_', 0, '', '2019-07-19 13:47:33', 'QUESTIONNAIRE_MIGRATION_2019', '2019-07-19 13:47:33', 'QUESTIONNAIRE_MIGRATION_2019'),
	(424, 23, 2, 212, 'EN_', 0, '', '2019-07-19 13:47:33', 'QUESTIONNAIRE_MIGRATION_2019', '2019-07-19 13:47:33', 'QUESTIONNAIRE_MIGRATION_2019'),
	(425, 23, 1, 213, 'Avez-vous trouv le fait de remplir ce questionnaire un fardeau?', 0, '', '2019-07-19 13:47:33', 'QUESTIONNAIRE_MIGRATION_2019', '2019-07-19 13:47:33', 'QUESTIONNAIRE_MIGRATION_2019'),
	(426, 23, 2, 213, 'Did you find completing this questionnaire a burden?', 0, '', '2019-07-19 13:47:33', 'QUESTIONNAIRE_MIGRATION_2019', '2019-07-19 13:47:33', 'QUESTIONNAIRE_MIGRATION_2019'),
	(427, 12, 1, 214, 'Oui', 0, '', '2019-07-19 13:47:33', 'QUESTIONNAIRE_MIGRATION_2019', '2019-07-19 13:47:33', 'QUESTIONNAIRE_MIGRATION_2019'),
	(428, 12, 2, 214, 'Yes', 0, '', '2019-07-19 13:47:33', 'QUESTIONNAIRE_MIGRATION_2019', '2019-07-19 13:47:33', 'QUESTIONNAIRE_MIGRATION_2019'),
	(429, 12, 1, 215, 'Non', 0, '', '2019-07-19 13:47:33', 'QUESTIONNAIRE_MIGRATION_2019', '2019-07-19 13:47:33', 'QUESTIONNAIRE_MIGRATION_2019'),
	(430, 12, 2, 215, 'No', 0, '', '2019-07-19 13:47:33', 'QUESTIONNAIRE_MIGRATION_2019', '2019-07-19 13:47:33', 'QUESTIONNAIRE_MIGRATION_2019'),
	(431, 12, 1, 216, 'Neutre', 0, '', '2019-07-19 13:47:33', 'QUESTIONNAIRE_MIGRATION_2019', '2019-07-19 13:47:33', 'QUESTIONNAIRE_MIGRATION_2019'),
	(432, 12, 2, 216, 'Neutral', 0, '', '2019-07-19 13:47:33', 'QUESTIONNAIRE_MIGRATION_2019', '2019-07-19 13:47:33', 'QUESTIONNAIRE_MIGRATION_2019'),
	(433, 23, 1, 217, 'FR_', 0, '', '2019-07-19 13:47:33', 'QUESTIONNAIRE_MIGRATION_2019', '2019-07-19 13:47:33', 'QUESTIONNAIRE_MIGRATION_2019'),
	(434, 23, 2, 217, 'EN_', 0, '', '2019-07-19 13:47:33', 'QUESTIONNAIRE_MIGRATION_2019', '2019-07-19 13:47:33', 'QUESTIONNAIRE_MIGRATION_2019'),
	(435, 23, 1, 218, 'FR_', 0, '', '2019-07-19 13:47:33', 'QUESTIONNAIRE_MIGRATION_2019', '2019-07-19 13:47:33', 'QUESTIONNAIRE_MIGRATION_2019'),
	(436, 23, 2, 218, 'EN_', 0, '', '2019-07-19 13:47:33', 'QUESTIONNAIRE_MIGRATION_2019', '2019-07-19 13:47:33', 'QUESTIONNAIRE_MIGRATION_2019'),
	(437, 23, 1, 219, 'Compliter ce questionnaire tait important pour m\'aider  obtenir de l\'information sur le pronostic de mon cancer en ce moment.', 0, '', '2019-07-19 13:47:33', 'QUESTIONNAIRE_MIGRATION_2019', '2019-07-19 13:47:33', 'QUESTIONNAIRE_MIGRATION_2019'),
	(438, 23, 2, 219, 'Completing this questionnaire was important to help me obtaining information about the prognosis of my cancer now.', 0, '', '2019-07-19 13:47:33', 'QUESTIONNAIRE_MIGRATION_2019', '2019-07-19 13:47:33', 'QUESTIONNAIRE_MIGRATION_2019'),
	(439, 12, 1, 220, 'Oui', 0, '', '2019-07-19 13:47:33', 'QUESTIONNAIRE_MIGRATION_2019', '2019-07-19 13:47:33', 'QUESTIONNAIRE_MIGRATION_2019'),
	(440, 12, 2, 220, 'Yes', 0, '', '2019-07-19 13:47:33', 'QUESTIONNAIRE_MIGRATION_2019', '2019-07-19 13:47:33', 'QUESTIONNAIRE_MIGRATION_2019'),
	(441, 12, 1, 221, 'Non', 0, '', '2019-07-19 13:47:33', 'QUESTIONNAIRE_MIGRATION_2019', '2019-07-19 13:47:33', 'QUESTIONNAIRE_MIGRATION_2019'),
	(442, 12, 2, 221, 'No', 0, '', '2019-07-19 13:47:33', 'QUESTIONNAIRE_MIGRATION_2019', '2019-07-19 13:47:33', 'QUESTIONNAIRE_MIGRATION_2019'),
	(443, 12, 1, 222, 'Neutre', 0, '', '2019-07-19 13:47:33', 'QUESTIONNAIRE_MIGRATION_2019', '2019-07-19 13:47:33', 'QUESTIONNAIRE_MIGRATION_2019'),
	(444, 12, 2, 222, 'Neutral', 0, '', '2019-07-19 13:47:33', 'QUESTIONNAIRE_MIGRATION_2019', '2019-07-19 13:47:33', 'QUESTIONNAIRE_MIGRATION_2019'),
	(445, 27, 1, 223, 'FR_', 0, '', '2019-07-19 13:47:33', 'QUESTIONNAIRE_MIGRATION_2019', '2019-07-19 13:47:33', 'QUESTIONNAIRE_MIGRATION_2019'),
	(446, 27, 2, 223, 'Information about diagnosis and prognosis of cancer disease', 0, '', '2019-07-19 13:47:33', 'QUESTIONNAIRE_MIGRATION_2019', '2019-07-19 13:47:33', 'QUESTIONNAIRE_MIGRATION_2019'),
	(447, 32, 1, 224, 'FR_', 0, '', '2019-07-19 13:47:33', 'QUESTIONNAIRE_MIGRATION_2019', '2019-07-19 13:47:33', 'QUESTIONNAIRE_MIGRATION_2019'),
	(448, 32, 2, 224, 'EN_', 0, '', '2019-07-19 13:47:33', 'QUESTIONNAIRE_MIGRATION_2019', '2019-07-19 13:47:33', 'QUESTIONNAIRE_MIGRATION_2019'),
	(449, 23, 1, 225, 'FR_', 0, '', '2019-07-19 13:47:33', 'QUESTIONNAIRE_MIGRATION_2019', '2019-07-19 13:47:33', 'QUESTIONNAIRE_MIGRATION_2019'),
	(450, 23, 2, 225, 'EN_', 0, '', '2019-07-19 13:47:33', 'QUESTIONNAIRE_MIGRATION_2019', '2019-07-19 13:47:33', 'QUESTIONNAIRE_MIGRATION_2019'),
	(451, 23, 1, 226, 'FR_', 0, '', '2019-07-19 13:47:33', 'QUESTIONNAIRE_MIGRATION_2019', '2019-07-19 13:47:33', 'QUESTIONNAIRE_MIGRATION_2019'),
	(452, 23, 2, 226, 'EN_', 0, '', '2019-07-19 13:47:33', 'QUESTIONNAIRE_MIGRATION_2019', '2019-07-19 13:47:33', 'QUESTIONNAIRE_MIGRATION_2019'),
	(453, 23, 1, 227, 'Nous pensons que de vouloir savoir toutes, certaines out aucune des informations  propos de votre maladie est particulier  chaque patient. Les gens font face  leur maladie de manires diffrentes. Certains patients prfrent avoir tous les dtails sur leur maladie, certains prfent avoir une quantit limite d\'information, certains prfrent ne rien savoir ou avoir trs peu d\'information, et certains prfrent que leur famile sache  leur place. Que prfrez-vous?', 0, '', '2019-07-19 13:47:33', 'QUESTIONNAIRE_MIGRATION_2019', '2019-07-19 13:47:33', 'QUESTIONNAIRE_MIGRATION_2019'),
	(454, 23, 2, 227, 'We believe that wanting to know all, some or none of the information about your disease is particular to each patient. People cope with their illness differently. Some patients like to know all of the details about their disease, some prefer limited information, some prefer not to know or to know very little, and some prefer that their family knows on their behalf. What do you prefer?', 0, '', '2019-07-19 13:47:33', 'QUESTIONNAIRE_MIGRATION_2019', '2019-07-19 13:47:33', 'QUESTIONNAIRE_MIGRATION_2019'),
	(455, 12, 1, 228, 'Connaitre tous les dtails', 0, '', '2019-07-19 13:47:33', 'QUESTIONNAIRE_MIGRATION_2019', '2019-07-19 13:47:33', 'QUESTIONNAIRE_MIGRATION_2019'),
	(456, 12, 2, 228, 'To know all the details', 0, '', '2019-07-19 13:47:33', 'QUESTIONNAIRE_MIGRATION_2019', '2019-07-19 13:47:33', 'QUESTIONNAIRE_MIGRATION_2019'),
	(457, 12, 1, 229, 'Quantit limite d\'informations', 0, '', '2019-07-19 13:47:33', 'QUESTIONNAIRE_MIGRATION_2019', '2019-07-19 13:47:33', 'QUESTIONNAIRE_MIGRATION_2019'),
	(458, 12, 2, 229, 'To have limited information', 0, '', '2019-07-19 13:47:33', 'QUESTIONNAIRE_MIGRATION_2019', '2019-07-19 13:47:33', 'QUESTIONNAIRE_MIGRATION_2019'),
	(459, 12, 1, 230, 'Ne rien savoir', 0, '', '2019-07-19 13:47:33', 'QUESTIONNAIRE_MIGRATION_2019', '2019-07-19 13:47:33', 'QUESTIONNAIRE_MIGRATION_2019'),
	(460, 12, 2, 230, 'Not to know', 0, '', '2019-07-19 13:47:33', 'QUESTIONNAIRE_MIGRATION_2019', '2019-07-19 13:47:33', 'QUESTIONNAIRE_MIGRATION_2019'),
	(461, 23, 1, 231, 'FR_', 0, '', '2019-07-19 13:47:33', 'QUESTIONNAIRE_MIGRATION_2019', '2019-07-19 13:47:33', 'QUESTIONNAIRE_MIGRATION_2019'),
	(462, 23, 2, 231, 'EN_', 0, '', '2019-07-19 13:47:33', 'QUESTIONNAIRE_MIGRATION_2019', '2019-07-19 13:47:33', 'QUESTIONNAIRE_MIGRATION_2019'),
	(463, 23, 1, 232, 'FR_', 0, '', '2019-07-19 13:47:33', 'QUESTIONNAIRE_MIGRATION_2019', '2019-07-19 13:47:33', 'QUESTIONNAIRE_MIGRATION_2019'),
	(464, 23, 2, 232, 'EN_', 0, '', '2019-07-19 13:47:33', 'QUESTIONNAIRE_MIGRATION_2019', '2019-07-19 13:47:33', 'QUESTIONNAIRE_MIGRATION_2019'),
	(465, 23, 1, 233, '(pour les patients qui veulent toutes ou certaines informations)<br />Dans quelle(s) rgion(s) se situe votre cancer aujourd\'hui?', 0, '', '2019-07-19 13:47:33', 'QUESTIONNAIRE_MIGRATION_2019', '2019-07-19 13:47:33', 'QUESTIONNAIRE_MIGRATION_2019'),
	(466, 23, 2, 233, '(for patients who wants to know all or limited information)<br />How extensive is your cancer now?', 0, '', '2019-07-19 13:47:33', 'QUESTIONNAIRE_MIGRATION_2019', '2019-07-19 13:47:33', 'QUESTIONNAIRE_MIGRATION_2019'),
	(467, 12, 1, 234, 'Dans l\'organe ou la rgion o il a commenc (stade limit)', 0, '', '2019-07-19 13:47:33', 'QUESTIONNAIRE_MIGRATION_2019', '2019-07-19 13:47:33', 'QUESTIONNAIRE_MIGRATION_2019'),
	(468, 12, 2, 234, 'Localized (only in the organ where it started)', 0, '', '2019-07-19 13:47:33', 'QUESTIONNAIRE_MIGRATION_2019', '2019-07-19 13:47:33', 'QUESTIONNAIRE_MIGRATION_2019'),
	(469, 12, 1, 235, 'Dans d\'autres rgions du corps (stage quatre)', 0, '', '2019-07-19 13:47:33', 'QUESTIONNAIRE_MIGRATION_2019', '2019-07-19 13:47:33', 'QUESTIONNAIRE_MIGRATION_2019'),
	(470, 12, 2, 235, 'Distant spread to other parts of the body (stage four)', 0, '', '2019-07-19 13:47:33', 'QUESTIONNAIRE_MIGRATION_2019', '2019-07-19 13:47:33', 'QUESTIONNAIRE_MIGRATION_2019'),
	(471, 12, 1, 236, 'Je ne sais pas', 0, '', '2019-07-19 13:47:33', 'QUESTIONNAIRE_MIGRATION_2019', '2019-07-19 13:47:33', 'QUESTIONNAIRE_MIGRATION_2019'),
	(472, 12, 2, 236, 'I don\'t know', 0, '', '2019-07-19 13:47:33', 'QUESTIONNAIRE_MIGRATION_2019', '2019-07-19 13:47:33', 'QUESTIONNAIRE_MIGRATION_2019'),
	(473, 23, 1, 237, 'FR_', 0, '', '2019-07-19 13:47:33', 'QUESTIONNAIRE_MIGRATION_2019', '2019-07-19 13:47:33', 'QUESTIONNAIRE_MIGRATION_2019'),
	(474, 23, 2, 237, 'EN_', 0, '', '2019-07-19 13:47:33', 'QUESTIONNAIRE_MIGRATION_2019', '2019-07-19 13:47:33', 'QUESTIONNAIRE_MIGRATION_2019'),
	(475, 23, 1, 238, 'FR_', 0, '', '2019-07-19 13:47:33', 'QUESTIONNAIRE_MIGRATION_2019', '2019-07-19 13:47:33', 'QUESTIONNAIRE_MIGRATION_2019'),
	(476, 23, 2, 238, 'EN_', 0, '', '2019-07-19 13:47:33', 'QUESTIONNAIRE_MIGRATION_2019', '2019-07-19 13:47:33', 'QUESTIONNAIRE_MIGRATION_2019'),
	(477, 23, 1, 239, '(pour les patients qui veulent toutes ou certaines informations)<br />Quel est le but (ou la raison) de votre prochain traitement aujourd\'hui?', 0, '', '2019-07-19 13:47:33', 'QUESTIONNAIRE_MIGRATION_2019', '2019-07-19 13:47:33', 'QUESTIONNAIRE_MIGRATION_2019'),
	(478, 23, 2, 239, '(for patients who wants to know all or limited information)<br />What is the goal (or reason) of the treatment of your cancer now?', 0, '', '2019-07-19 13:47:33', 'QUESTIONNAIRE_MIGRATION_2019', '2019-07-19 13:47:33', 'QUESTIONNAIRE_MIGRATION_2019'),
	(479, 12, 1, 240, 'Gurir ou essayer de gurir mon cacer', 0, '', '2019-07-19 13:47:33', 'QUESTIONNAIRE_MIGRATION_2019', '2019-07-19 13:47:33', 'QUESTIONNAIRE_MIGRATION_2019'),
	(480, 12, 2, 240, 'To cure or try to cure the cancer', 0, '', '2019-07-19 13:47:33', 'QUESTIONNAIRE_MIGRATION_2019', '2019-07-19 13:47:33', 'QUESTIONNAIRE_MIGRATION_2019'),
	(481, 12, 1, 241, 'Aider avec les symptmes, mais pas gurir', 0, '', '2019-07-19 13:47:33', 'QUESTIONNAIRE_MIGRATION_2019', '2019-07-19 13:47:33', 'QUESTIONNAIRE_MIGRATION_2019'),
	(482, 12, 2, 241, 'To help with symptoms, but not to cure', 0, '', '2019-07-19 13:47:33', 'QUESTIONNAIRE_MIGRATION_2019', '2019-07-19 13:47:33', 'QUESTIONNAIRE_MIGRATION_2019'),
	(483, 12, 1, 242, 'Je ne sais pas', 0, '', '2019-07-19 13:47:33', 'QUESTIONNAIRE_MIGRATION_2019', '2019-07-19 13:47:33', 'QUESTIONNAIRE_MIGRATION_2019'),
	(484, 12, 2, 242, 'I don\'t know', 0, '', '2019-07-19 13:47:33', 'QUESTIONNAIRE_MIGRATION_2019', '2019-07-19 13:47:33', 'QUESTIONNAIRE_MIGRATION_2019'),
	(485, 23, 1, 243, 'FR_', 0, '', '2019-07-19 13:47:33', 'QUESTIONNAIRE_MIGRATION_2019', '2019-07-19 13:47:33', 'QUESTIONNAIRE_MIGRATION_2019'),
	(486, 23, 2, 243, 'EN_', 0, '', '2019-07-19 13:47:33', 'QUESTIONNAIRE_MIGRATION_2019', '2019-07-19 13:47:33', 'QUESTIONNAIRE_MIGRATION_2019'),
	(487, 23, 1, 244, 'FR_', 0, '', '2019-07-19 13:47:33', 'QUESTIONNAIRE_MIGRATION_2019', '2019-07-19 13:47:33', 'QUESTIONNAIRE_MIGRATION_2019'),
	(488, 23, 2, 244, 'EN_', 0, '', '2019-07-19 13:47:33', 'QUESTIONNAIRE_MIGRATION_2019', '2019-07-19 13:47:33', 'QUESTIONNAIRE_MIGRATION_2019'),
	(489, 23, 1, 245, '(pour les patients qui veulent toutes ou certaines informations)<br />Pour combien de temps, voire pas du tout, est-ce que votre prochain traitement est susceptible de prolonger votre vie?', 0, '', '2019-07-19 13:47:33', 'QUESTIONNAIRE_MIGRATION_2019', '2019-07-19 13:47:33', 'QUESTIONNAIRE_MIGRATION_2019'),
	(490, 23, 2, 245, '(for patients who wants to know all or limited information)<br />For how long, if at all, is your cancer treatment now going to prolong your life?', 0, '', '2019-07-19 13:47:33', 'QUESTIONNAIRE_MIGRATION_2019', '2019-07-19 13:47:33', 'QUESTIONNAIRE_MIGRATION_2019'),
	(491, 12, 1, 246, 'Moins qu\'une anne', 0, '', '2019-07-19 13:47:33', 'QUESTIONNAIRE_MIGRATION_2019', '2019-07-19 13:47:33', 'QUESTIONNAIRE_MIGRATION_2019'),
	(492, 12, 2, 246, 'It probably will not or weeks-months', 0, '', '2019-07-19 13:47:33', 'QUESTIONNAIRE_MIGRATION_2019', '2019-07-19 13:47:33', 'QUESTIONNAIRE_MIGRATION_2019'),
	(493, 12, 1, 247, 'Plus qu\'une anne', 0, '', '2019-07-19 13:47:33', 'QUESTIONNAIRE_MIGRATION_2019', '2019-07-19 13:47:33', 'QUESTIONNAIRE_MIGRATION_2019'),
	(494, 12, 2, 247, 'Years', 0, '', '2019-07-19 13:47:33', 'QUESTIONNAIRE_MIGRATION_2019', '2019-07-19 13:47:33', 'QUESTIONNAIRE_MIGRATION_2019'),
	(495, 12, 1, 248, 'Je ne sais pas', 0, '', '2019-07-19 13:47:33', 'QUESTIONNAIRE_MIGRATION_2019', '2019-07-19 13:47:33', 'QUESTIONNAIRE_MIGRATION_2019'),
	(496, 12, 2, 248, 'I don\'t know', 0, '', '2019-07-19 13:47:33', 'QUESTIONNAIRE_MIGRATION_2019', '2019-07-19 13:47:33', 'QUESTIONNAIRE_MIGRATION_2019'),
	(497, 23, 1, 249, 'FR_', 0, '', '2019-07-19 13:47:33', 'QUESTIONNAIRE_MIGRATION_2019', '2019-07-19 13:47:33', 'QUESTIONNAIRE_MIGRATION_2019'),
	(498, 23, 2, 249, 'EN_', 0, '', '2019-07-19 13:47:33', 'QUESTIONNAIRE_MIGRATION_2019', '2019-07-19 13:47:33', 'QUESTIONNAIRE_MIGRATION_2019'),
	(499, 23, 1, 250, 'FR_', 0, '', '2019-07-19 13:47:33', 'QUESTIONNAIRE_MIGRATION_2019', '2019-07-19 13:47:33', 'QUESTIONNAIRE_MIGRATION_2019'),
	(500, 23, 2, 250, 'EN_', 0, '', '2019-07-19 13:47:33', 'QUESTIONNAIRE_MIGRATION_2019', '2019-07-19 13:47:33', 'QUESTIONNAIRE_MIGRATION_2019'),
	(501, 23, 1, 251, '(pour les patients qui veulent toutes ou certaines informations)<br />Votre cancer, aujourd\'hui, est considr:', 0, '', '2019-07-19 13:47:33', 'QUESTIONNAIRE_MIGRATION_2019', '2019-07-19 13:47:33', 'QUESTIONNAIRE_MIGRATION_2019'),
	(502, 23, 2, 251, '(for patients who wants to know all or limited information)<br />Your cancer now is considered:', 0, '', '2019-07-19 13:47:33', 'QUESTIONNAIRE_MIGRATION_2019', '2019-07-19 13:47:33', 'QUESTIONNAIRE_MIGRATION_2019'),
	(503, 12, 1, 252, 'Pas curable', 0, '', '2019-07-19 13:47:33', 'QUESTIONNAIRE_MIGRATION_2019', '2019-07-19 13:47:33', 'QUESTIONNAIRE_MIGRATION_2019'),
	(504, 12, 2, 252, 'Not curable', 0, '', '2019-07-19 13:47:33', 'QUESTIONNAIRE_MIGRATION_2019', '2019-07-19 13:47:33', 'QUESTIONNAIRE_MIGRATION_2019'),
	(505, 12, 1, 253, 'Curable', 0, '', '2019-07-19 13:47:33', 'QUESTIONNAIRE_MIGRATION_2019', '2019-07-19 13:47:33', 'QUESTIONNAIRE_MIGRATION_2019'),
	(506, 12, 2, 253, 'Curable', 0, '', '2019-07-19 13:47:33', 'QUESTIONNAIRE_MIGRATION_2019', '2019-07-19 13:47:33', 'QUESTIONNAIRE_MIGRATION_2019'),
	(507, 12, 1, 254, 'Je ne sais pas', 0, '', '2019-07-19 13:47:33', 'QUESTIONNAIRE_MIGRATION_2019', '2019-07-19 13:47:33', 'QUESTIONNAIRE_MIGRATION_2019'),
	(508, 12, 2, 254, 'I don\'t know', 0, '', '2019-07-19 13:47:33', 'QUESTIONNAIRE_MIGRATION_2019', '2019-07-19 13:47:33', 'QUESTIONNAIRE_MIGRATION_2019'),
	(509, 27, 1, 255, 'Portrait de sant', 0, '', '2019-07-19 13:47:33', 'QUESTIONNAIRE_MIGRATION_2019', '2019-07-19 13:47:33', 'QUESTIONNAIRE_MIGRATION_2019'),
	(510, 27, 2, 255, 'Health Snapshot Questionnaire', 0, '', '2019-07-19 13:47:33', 'QUESTIONNAIRE_MIGRATION_2019', '2019-07-19 13:47:33', 'QUESTIONNAIRE_MIGRATION_2019'),
	(511, 32, 1, 256, 'FR_', 0, '', '2019-07-19 13:47:33', 'QUESTIONNAIRE_MIGRATION_2019', '2019-07-19 13:47:33', 'QUESTIONNAIRE_MIGRATION_2019'),
	(512, 32, 2, 256, 'EN_', 0, '', '2019-07-19 13:47:33', 'QUESTIONNAIRE_MIGRATION_2019', '2019-07-19 13:47:33', 'QUESTIONNAIRE_MIGRATION_2019'),
	(513, 23, 1, 257, 'FR_', 0, '', '2019-07-19 13:47:33', 'QUESTIONNAIRE_MIGRATION_2019', '2019-07-19 13:47:33', 'QUESTIONNAIRE_MIGRATION_2019'),
	(514, 23, 2, 257, 'EN_', 0, '', '2019-07-19 13:47:33', 'QUESTIONNAIRE_MIGRATION_2019', '2019-07-19 13:47:33', 'QUESTIONNAIRE_MIGRATION_2019'),
	(515, 23, 1, 258, 'FR_', 0, '', '2019-07-19 13:47:33', 'QUESTIONNAIRE_MIGRATION_2019', '2019-07-19 13:47:33', 'QUESTIONNAIRE_MIGRATION_2019'),
	(516, 23, 2, 258, 'EN_', 0, '', '2019-07-19 13:47:33', 'QUESTIONNAIRE_MIGRATION_2019', '2019-07-19 13:47:33', 'QUESTIONNAIRE_MIGRATION_2019'),
	(517, 23, 1, 259, 'Avez-vous dj eu une chirurgie?', 0, '', '2019-07-19 13:47:33', 'QUESTIONNAIRE_MIGRATION_2019', '2019-07-19 13:47:33', 'QUESTIONNAIRE_MIGRATION_2019'),
	(518, 23, 2, 259, 'Have you ever had surgery?', 0, '', '2019-07-19 13:47:33', 'QUESTIONNAIRE_MIGRATION_2019', '2019-07-19 13:47:33', 'QUESTIONNAIRE_MIGRATION_2019'),
	(519, 12, 1, 260, 'Oui', 0, '', '2019-07-19 13:47:33', 'QUESTIONNAIRE_MIGRATION_2019', '2019-07-19 13:47:33', 'QUESTIONNAIRE_MIGRATION_2019'),
	(520, 12, 2, 260, 'Yes', 0, '', '2019-07-19 13:47:33', 'QUESTIONNAIRE_MIGRATION_2019', '2019-07-19 13:47:33', 'QUESTIONNAIRE_MIGRATION_2019'),
	(521, 12, 1, 261, 'Non', 0, '', '2019-07-19 13:47:33', 'QUESTIONNAIRE_MIGRATION_2019', '2019-07-19 13:47:33', 'QUESTIONNAIRE_MIGRATION_2019'),
	(522, 12, 2, 261, 'No', 0, '', '2019-07-19 13:47:33', 'QUESTIONNAIRE_MIGRATION_2019', '2019-07-19 13:47:33', 'QUESTIONNAIRE_MIGRATION_2019'),
	(523, 23, 1, 262, 'FR_', 0, '', '2019-07-19 13:47:33', 'QUESTIONNAIRE_MIGRATION_2019', '2019-07-19 13:47:33', 'QUESTIONNAIRE_MIGRATION_2019'),
	(524, 23, 2, 262, 'EN_', 0, '', '2019-07-19 13:47:33', 'QUESTIONNAIRE_MIGRATION_2019', '2019-07-19 13:47:33', 'QUESTIONNAIRE_MIGRATION_2019'),
	(525, 23, 1, 263, 'FR_', 0, '', '2019-07-19 13:47:33', 'QUESTIONNAIRE_MIGRATION_2019', '2019-07-19 13:47:33', 'QUESTIONNAIRE_MIGRATION_2019'),
	(526, 23, 2, 263, 'EN_', 0, '', '2019-07-19 13:47:33', 'QUESTIONNAIRE_MIGRATION_2019', '2019-07-19 13:47:33', 'QUESTIONNAIRE_MIGRATION_2019'),
	(527, 23, 1, 264, 'Si vous avez rpondu oui  la question prcdente, veuillez indiquer le type et la date de chaque chirurgie.', 0, '', '2019-07-19 13:47:33', 'QUESTIONNAIRE_MIGRATION_2019', '2019-07-19 13:47:33', 'QUESTIONNAIRE_MIGRATION_2019'),
	(528, 23, 2, 264, 'If you answered "yes" to the previous question,please list the type and date of each surgery?', 0, '', '2019-07-19 13:47:33', 'QUESTIONNAIRE_MIGRATION_2019', '2019-07-19 13:47:33', 'QUESTIONNAIRE_MIGRATION_2019'),
	(529, 23, 1, 265, 'FR_', 0, '', '2019-07-19 13:47:33', 'QUESTIONNAIRE_MIGRATION_2019', '2019-07-19 13:47:33', 'QUESTIONNAIRE_MIGRATION_2019'),
	(530, 23, 2, 265, 'EN_', 0, '', '2019-07-19 13:47:33', 'QUESTIONNAIRE_MIGRATION_2019', '2019-07-19 13:47:33', 'QUESTIONNAIRE_MIGRATION_2019'),
	(531, 23, 1, 266, 'FR_', 0, '', '2019-07-19 13:47:33', 'QUESTIONNAIRE_MIGRATION_2019', '2019-07-19 13:47:33', 'QUESTIONNAIRE_MIGRATION_2019'),
	(532, 23, 2, 266, 'EN_', 0, '', '2019-07-19 13:47:33', 'QUESTIONNAIRE_MIGRATION_2019', '2019-07-19 13:47:33', 'QUESTIONNAIRE_MIGRATION_2019'),
	(533, 23, 1, 267, 'Souffrez-vous de problmes de sant?', 0, '', '2019-07-19 13:47:33', 'QUESTIONNAIRE_MIGRATION_2019', '2019-07-19 13:47:33', 'QUESTIONNAIRE_MIGRATION_2019'),
	(534, 23, 2, 267, 'Do you suffer from any health problems?', 0, '', '2019-07-19 13:47:33', 'QUESTIONNAIRE_MIGRATION_2019', '2019-07-19 13:47:33', 'QUESTIONNAIRE_MIGRATION_2019'),
	(535, 31, 1, 268, 'Problmes cardiaques', 0, '', '2019-07-19 13:47:33', 'QUESTIONNAIRE_MIGRATION_2019', '2019-07-19 13:47:33', 'QUESTIONNAIRE_MIGRATION_2019'),
	(536, 31, 2, 268, 'Heart condition', 0, '', '2019-07-19 13:47:33', 'QUESTIONNAIRE_MIGRATION_2019', '2019-07-19 13:47:33', 'QUESTIONNAIRE_MIGRATION_2019'),
	(537, 31, 1, 269, 'Hypertension artrielle', 0, '', '2019-07-19 13:47:33', 'QUESTIONNAIRE_MIGRATION_2019', '2019-07-19 13:47:33', 'QUESTIONNAIRE_MIGRATION_2019'),
	(538, 31, 2, 269, 'High blood pressure', 0, '', '2019-07-19 13:47:33', 'QUESTIONNAIRE_MIGRATION_2019', '2019-07-19 13:47:33', 'QUESTIONNAIRE_MIGRATION_2019'),
	(539, 31, 1, 270, 'Diabtes', 0, '', '2019-07-19 13:47:33', 'QUESTIONNAIRE_MIGRATION_2019', '2019-07-19 13:47:33', 'QUESTIONNAIRE_MIGRATION_2019'),
	(540, 31, 2, 270, 'Diabetes', 0, '', '2019-07-19 13:47:33', 'QUESTIONNAIRE_MIGRATION_2019', '2019-07-19 13:47:33', 'QUESTIONNAIRE_MIGRATION_2019'),
	(541, 31, 1, 271, 'Problmes respiratoires', 0, '', '2019-07-19 13:47:33', 'QUESTIONNAIRE_MIGRATION_2019', '2019-07-19 13:47:33', 'QUESTIONNAIRE_MIGRATION_2019'),
	(542, 31, 2, 271, 'Respiratory problems', 0, '', '2019-07-19 13:47:33', 'QUESTIONNAIRE_MIGRATION_2019', '2019-07-19 13:47:33', 'QUESTIONNAIRE_MIGRATION_2019'),
	(543, 31, 1, 272, 'Problmes rnaux', 0, '', '2019-07-19 13:47:33', 'QUESTIONNAIRE_MIGRATION_2019', '2019-07-19 13:47:33', 'QUESTIONNAIRE_MIGRATION_2019'),
	(544, 31, 2, 272, 'Kidney disorders', 0, '', '2019-07-19 13:47:33', 'QUESTIONNAIRE_MIGRATION_2019', '2019-07-19 13:47:33', 'QUESTIONNAIRE_MIGRATION_2019'),
	(545, 31, 1, 273, 'Arthrite', 0, '', '2019-07-19 13:47:33', 'QUESTIONNAIRE_MIGRATION_2019', '2019-07-19 13:47:33', 'QUESTIONNAIRE_MIGRATION_2019'),
	(546, 31, 2, 273, 'Arthritis', 0, '', '2019-07-19 13:47:33', 'QUESTIONNAIRE_MIGRATION_2019', '2019-07-19 13:47:33', 'QUESTIONNAIRE_MIGRATION_2019'),
	(547, 31, 1, 274, 'pilepsie', 0, '', '2019-07-19 13:47:33', 'QUESTIONNAIRE_MIGRATION_2019', '2019-07-19 13:47:33', 'QUESTIONNAIRE_MIGRATION_2019'),
	(548, 31, 2, 274, 'Epilepsy', 0, '', '2019-07-19 13:47:33', 'QUESTIONNAIRE_MIGRATION_2019', '2019-07-19 13:47:33', 'QUESTIONNAIRE_MIGRATION_2019'),
	(549, 31, 1, 275, 'Traitement anticoagulant', 0, '', '2019-07-19 13:47:33', 'QUESTIONNAIRE_MIGRATION_2019', '2019-07-19 13:47:33', 'QUESTIONNAIRE_MIGRATION_2019'),
	(550, 31, 2, 275, 'Anticoagulant treatment', 0, '', '2019-07-19 13:47:33', 'QUESTIONNAIRE_MIGRATION_2019', '2019-07-19 13:47:33', 'QUESTIONNAIRE_MIGRATION_2019'),
	(551, 31, 1, 276, 'Autres', 0, '', '2019-07-19 13:47:33', 'QUESTIONNAIRE_MIGRATION_2019', '2019-07-19 13:47:33', 'QUESTIONNAIRE_MIGRATION_2019'),
	(552, 31, 2, 276, 'Other', 0, '', '2019-07-19 13:47:33', 'QUESTIONNAIRE_MIGRATION_2019', '2019-07-19 13:47:33', 'QUESTIONNAIRE_MIGRATION_2019'),
	(553, 31, 1, 277, 'Aucune de ces rponses', 0, '', '2019-07-19 13:47:33', 'QUESTIONNAIRE_MIGRATION_2019', '2019-07-19 13:47:33', 'QUESTIONNAIRE_MIGRATION_2019'),
	(554, 31, 2, 277, 'None of the Above', 0, '', '2019-07-19 13:47:33', 'QUESTIONNAIRE_MIGRATION_2019', '2019-07-19 13:47:33', 'QUESTIONNAIRE_MIGRATION_2019'),
	(555, 23, 1, 278, 'FR_', 0, '', '2019-07-19 13:47:33', 'QUESTIONNAIRE_MIGRATION_2019', '2019-07-19 13:47:33', 'QUESTIONNAIRE_MIGRATION_2019'),
	(556, 23, 2, 278, 'EN_', 0, '', '2019-07-19 13:47:33', 'QUESTIONNAIRE_MIGRATION_2019', '2019-07-19 13:47:33', 'QUESTIONNAIRE_MIGRATION_2019'),
	(557, 23, 1, 279, 'FR_', 0, '', '2019-07-19 13:47:33', 'QUESTIONNAIRE_MIGRATION_2019', '2019-07-19 13:47:33', 'QUESTIONNAIRE_MIGRATION_2019'),
	(558, 23, 2, 279, 'EN_', 0, '', '2019-07-19 13:47:33', 'QUESTIONNAIRE_MIGRATION_2019', '2019-07-19 13:47:33', 'QUESTIONNAIRE_MIGRATION_2019'),
	(559, 23, 1, 280, 'Si vous avez rpondu Autres  la question prcdente, veuillez numrer tous vos autres problmes de sant.', 0, '', '2019-07-19 13:47:33', 'QUESTIONNAIRE_MIGRATION_2019', '2019-07-19 13:47:33', 'QUESTIONNAIRE_MIGRATION_2019'),
	(560, 23, 2, 280, 'If you answered "other" to the previous question, please list all of your other health problems.', 0, '', '2019-07-19 13:47:33', 'QUESTIONNAIRE_MIGRATION_2019', '2019-07-19 13:47:33', 'QUESTIONNAIRE_MIGRATION_2019'),
	(561, 23, 1, 281, 'FR_', 0, '', '2019-07-19 13:47:33', 'QUESTIONNAIRE_MIGRATION_2019', '2019-07-19 13:47:33', 'QUESTIONNAIRE_MIGRATION_2019'),
	(562, 23, 2, 281, 'EN_', 0, '', '2019-07-19 13:47:33', 'QUESTIONNAIRE_MIGRATION_2019', '2019-07-19 13:47:33', 'QUESTIONNAIRE_MIGRATION_2019'),
	(563, 23, 1, 282, 'FR_', 0, '', '2019-07-19 13:47:33', 'QUESTIONNAIRE_MIGRATION_2019', '2019-07-19 13:47:33', 'QUESTIONNAIRE_MIGRATION_2019'),
	(564, 23, 2, 282, 'EN_', 0, '', '2019-07-19 13:47:33', 'QUESTIONNAIRE_MIGRATION_2019', '2019-07-19 13:47:33', 'QUESTIONNAIRE_MIGRATION_2019'),
	(565, 23, 1, 283, 'Veuillez numrer tous les mdicaments que vous prenez actuellement.', 0, '', '2019-07-19 13:47:33', 'QUESTIONNAIRE_MIGRATION_2019', '2019-07-19 13:47:33', 'QUESTIONNAIRE_MIGRATION_2019'),
	(566, 23, 2, 283, 'Please list all the medications that you are currently taking.', 0, '', '2019-07-19 13:47:33', 'QUESTIONNAIRE_MIGRATION_2019', '2019-07-19 13:47:33', 'QUESTIONNAIRE_MIGRATION_2019'),
	(567, 23, 1, 284, 'FR_', 0, '', '2019-07-19 13:47:33', 'QUESTIONNAIRE_MIGRATION_2019', '2019-07-19 13:47:33', 'QUESTIONNAIRE_MIGRATION_2019'),
	(568, 23, 2, 284, 'EN_', 0, '', '2019-07-19 13:47:33', 'QUESTIONNAIRE_MIGRATION_2019', '2019-07-19 13:47:33', 'QUESTIONNAIRE_MIGRATION_2019'),
	(569, 23, 1, 285, 'FR_', 0, '', '2019-07-19 13:47:33', 'QUESTIONNAIRE_MIGRATION_2019', '2019-07-19 13:47:33', 'QUESTIONNAIRE_MIGRATION_2019'),
	(570, 23, 2, 285, 'EN_', 0, '', '2019-07-19 13:47:33', 'QUESTIONNAIRE_MIGRATION_2019', '2019-07-19 13:47:33', 'QUESTIONNAIRE_MIGRATION_2019'),
	(571, 23, 1, 286, 'Avez-vous dj reu un traitement de radiothrapie?', 0, '', '2019-07-19 13:47:33', 'QUESTIONNAIRE_MIGRATION_2019', '2019-07-19 13:47:33', 'QUESTIONNAIRE_MIGRATION_2019'),
	(572, 23, 2, 286, 'Have you ever received radiation treatment(s)?', 0, '', '2019-07-19 13:47:33', 'QUESTIONNAIRE_MIGRATION_2019', '2019-07-19 13:47:33', 'QUESTIONNAIRE_MIGRATION_2019'),
	(573, 12, 1, 287, 'Oui', 0, '', '2019-07-19 13:47:33', 'QUESTIONNAIRE_MIGRATION_2019', '2019-07-19 13:47:33', 'QUESTIONNAIRE_MIGRATION_2019'),
	(574, 12, 2, 287, 'Yes', 0, '', '2019-07-19 13:47:33', 'QUESTIONNAIRE_MIGRATION_2019', '2019-07-19 13:47:33', 'QUESTIONNAIRE_MIGRATION_2019'),
	(575, 12, 1, 288, 'Non', 0, '', '2019-07-19 13:47:33', 'QUESTIONNAIRE_MIGRATION_2019', '2019-07-19 13:47:33', 'QUESTIONNAIRE_MIGRATION_2019'),
	(576, 12, 2, 288, 'No', 0, '', '2019-07-19 13:47:33', 'QUESTIONNAIRE_MIGRATION_2019', '2019-07-19 13:47:33', 'QUESTIONNAIRE_MIGRATION_2019'),
	(577, 23, 1, 289, 'FR_', 0, '', '2019-07-19 13:47:33', 'QUESTIONNAIRE_MIGRATION_2019', '2019-07-19 13:47:33', 'QUESTIONNAIRE_MIGRATION_2019'),
	(578, 23, 2, 289, 'EN_', 0, '', '2019-07-19 13:47:33', 'QUESTIONNAIRE_MIGRATION_2019', '2019-07-19 13:47:33', 'QUESTIONNAIRE_MIGRATION_2019'),
	(579, 23, 1, 290, 'FR_', 0, '', '2019-07-19 13:47:33', 'QUESTIONNAIRE_MIGRATION_2019', '2019-07-19 13:47:33', 'QUESTIONNAIRE_MIGRATION_2019'),
	(580, 23, 2, 290, 'EN_', 0, '', '2019-07-19 13:47:33', 'QUESTIONNAIRE_MIGRATION_2019', '2019-07-19 13:47:33', 'QUESTIONNAIRE_MIGRATION_2019'),
	(581, 23, 1, 291, 'Si vous avez rpondu oui  la question prcdente, indiquez (1) quand, (2) dans quel hpital vous avez t trait et (3) la partie du corps qui a t traite par radiation.', 0, '', '2019-07-19 13:47:33', 'QUESTIONNAIRE_MIGRATION_2019', '2019-07-19 13:47:33', 'QUESTIONNAIRE_MIGRATION_2019'),
	(582, 23, 2, 291, 'If you have answered "yes" to the previous question, please state (1) when, (2) in which hospital you were treated, and (3) the body part that was treated with radiation.', 0, '', '2019-07-19 13:47:33', 'QUESTIONNAIRE_MIGRATION_2019', '2019-07-19 13:47:33', 'QUESTIONNAIRE_MIGRATION_2019'),
	(583, 23, 1, 292, 'FR_', 0, '', '2019-07-19 13:47:33', 'QUESTIONNAIRE_MIGRATION_2019', '2019-07-19 13:47:33', 'QUESTIONNAIRE_MIGRATION_2019'),
	(584, 23, 2, 292, 'EN_', 0, '', '2019-07-19 13:47:33', 'QUESTIONNAIRE_MIGRATION_2019', '2019-07-19 13:47:33', 'QUESTIONNAIRE_MIGRATION_2019'),
	(585, 23, 1, 293, 'FR_', 0, '', '2019-07-19 13:47:33', 'QUESTIONNAIRE_MIGRATION_2019', '2019-07-19 13:47:33', 'QUESTIONNAIRE_MIGRATION_2019'),
	(586, 23, 2, 293, 'EN_', 0, '', '2019-07-19 13:47:33', 'QUESTIONNAIRE_MIGRATION_2019', '2019-07-19 13:47:33', 'QUESTIONNAIRE_MIGRATION_2019'),
	(587, 23, 1, 294, 'Avez-vous un stimulateur cardiaque?', 0, '', '2019-07-19 13:47:33', 'QUESTIONNAIRE_MIGRATION_2019', '2019-07-19 13:47:33', 'QUESTIONNAIRE_MIGRATION_2019'),
	(588, 23, 2, 294, 'Do you have a pacemaker?', 0, '', '2019-07-19 13:47:33', 'QUESTIONNAIRE_MIGRATION_2019', '2019-07-19 13:47:33', 'QUESTIONNAIRE_MIGRATION_2019'),
	(589, 12, 1, 295, 'Oui', 0, '', '2019-07-19 13:47:33', 'QUESTIONNAIRE_MIGRATION_2019', '2019-07-19 13:47:33', 'QUESTIONNAIRE_MIGRATION_2019'),
	(590, 12, 2, 295, 'Yes', 0, '', '2019-07-19 13:47:33', 'QUESTIONNAIRE_MIGRATION_2019', '2019-07-19 13:47:33', 'QUESTIONNAIRE_MIGRATION_2019'),
	(591, 12, 1, 296, 'Non', 0, '', '2019-07-19 13:47:33', 'QUESTIONNAIRE_MIGRATION_2019', '2019-07-19 13:47:33', 'QUESTIONNAIRE_MIGRATION_2019'),
	(592, 12, 2, 296, 'No', 0, '', '2019-07-19 13:47:33', 'QUESTIONNAIRE_MIGRATION_2019', '2019-07-19 13:47:33', 'QUESTIONNAIRE_MIGRATION_2019'),
	(593, 23, 1, 297, 'FR_', 0, '', '2019-07-19 13:47:33', 'QUESTIONNAIRE_MIGRATION_2019', '2019-07-19 13:47:33', 'QUESTIONNAIRE_MIGRATION_2019'),
	(594, 23, 2, 297, 'EN_', 0, '', '2019-07-19 13:47:33', 'QUESTIONNAIRE_MIGRATION_2019', '2019-07-19 13:47:33', 'QUESTIONNAIRE_MIGRATION_2019'),
	(595, 23, 1, 298, 'FR_', 0, '', '2019-07-19 13:47:33', 'QUESTIONNAIRE_MIGRATION_2019', '2019-07-19 13:47:33', 'QUESTIONNAIRE_MIGRATION_2019'),
	(596, 23, 2, 298, 'EN_', 0, '', '2019-07-19 13:47:33', 'QUESTIONNAIRE_MIGRATION_2019', '2019-07-19 13:47:33', 'QUESTIONNAIRE_MIGRATION_2019'),
	(597, 23, 1, 299, 'Avez-vous des allergies?', 0, '', '2019-07-19 13:47:33', 'QUESTIONNAIRE_MIGRATION_2019', '2019-07-19 13:47:33', 'QUESTIONNAIRE_MIGRATION_2019'),
	(598, 23, 2, 299, 'Do you have any allergies?', 0, '', '2019-07-19 13:47:33', 'QUESTIONNAIRE_MIGRATION_2019', '2019-07-19 13:47:33', 'QUESTIONNAIRE_MIGRATION_2019'),
	(599, 12, 1, 300, 'Oui', 0, '', '2019-07-19 13:47:33', 'QUESTIONNAIRE_MIGRATION_2019', '2019-07-19 13:47:33', 'QUESTIONNAIRE_MIGRATION_2019'),
	(600, 12, 2, 300, 'Yes', 0, '', '2019-07-19 13:47:33', 'QUESTIONNAIRE_MIGRATION_2019', '2019-07-19 13:47:33', 'QUESTIONNAIRE_MIGRATION_2019'),
	(601, 12, 1, 301, 'Non', 0, '', '2019-07-19 13:47:33', 'QUESTIONNAIRE_MIGRATION_2019', '2019-07-19 13:47:33', 'QUESTIONNAIRE_MIGRATION_2019'),
	(602, 12, 2, 301, 'No', 0, '', '2019-07-19 13:47:33', 'QUESTIONNAIRE_MIGRATION_2019', '2019-07-19 13:47:33', 'QUESTIONNAIRE_MIGRATION_2019'),
	(603, 23, 1, 302, 'FR_', 0, '', '2019-07-19 13:47:33', 'QUESTIONNAIRE_MIGRATION_2019', '2019-07-19 13:47:33', 'QUESTIONNAIRE_MIGRATION_2019'),
	(604, 23, 2, 302, 'EN_', 0, '', '2019-07-19 13:47:33', 'QUESTIONNAIRE_MIGRATION_2019', '2019-07-19 13:47:33', 'QUESTIONNAIRE_MIGRATION_2019'),
	(605, 23, 1, 303, 'FR_', 0, '', '2019-07-19 13:47:33', 'QUESTIONNAIRE_MIGRATION_2019', '2019-07-19 13:47:33', 'QUESTIONNAIRE_MIGRATION_2019'),
	(606, 23, 2, 303, 'EN_', 0, '', '2019-07-19 13:47:33', 'QUESTIONNAIRE_MIGRATION_2019', '2019-07-19 13:47:33', 'QUESTIONNAIRE_MIGRATION_2019'),
	(607, 23, 1, 304, 'Si vous avez rpondu oui  la question prcdente, veuillez indiquer (1) les mdicaments et les produits auxquels vous tes allergique et (2) les types de ractions que vous prouvez.', 0, '', '2019-07-19 13:47:33', 'QUESTIONNAIRE_MIGRATION_2019', '2019-07-19 13:47:33', 'QUESTIONNAIRE_MIGRATION_2019'),
	(608, 23, 2, 304, 'If you answered "yes" to the previous question, please list (1) the medications and products you are allergic to and (2) the reactions you experience.', 0, '', '2019-07-19 13:47:33', 'QUESTIONNAIRE_MIGRATION_2019', '2019-07-19 13:47:33', 'QUESTIONNAIRE_MIGRATION_2019'),
	(609, 23, 1, 305, 'FR_', 0, '', '2019-07-19 13:47:33', 'QUESTIONNAIRE_MIGRATION_2019', '2019-07-19 13:47:33', 'QUESTIONNAIRE_MIGRATION_2019'),
	(610, 23, 2, 305, 'EN_', 0, '', '2019-07-19 13:47:33', 'QUESTIONNAIRE_MIGRATION_2019', '2019-07-19 13:47:33', 'QUESTIONNAIRE_MIGRATION_2019'),
	(611, 23, 1, 306, 'FR_', 0, '', '2019-07-19 13:47:33', 'QUESTIONNAIRE_MIGRATION_2019', '2019-07-19 13:47:33', 'QUESTIONNAIRE_MIGRATION_2019'),
	(612, 23, 2, 306, 'EN_', 0, '', '2019-07-19 13:47:33', 'QUESTIONNAIRE_MIGRATION_2019', '2019-07-19 13:47:33', 'QUESTIONNAIRE_MIGRATION_2019'),
	(613, 23, 1, 307, 'Est-ce que l\'un de vos proches du premier degr (parents, frres et surs ou enfants) a t atteint du cancer?', 0, '', '2019-07-19 13:47:33', 'QUESTIONNAIRE_MIGRATION_2019', '2019-07-19 13:47:33', 'QUESTIONNAIRE_MIGRATION_2019'),
	(614, 23, 2, 307, 'Have any of your fisrt-degree relatives (parents, siblings or kids) ever been diagnosed with cancer?', 0, '', '2019-07-19 13:47:33', 'QUESTIONNAIRE_MIGRATION_2019', '2019-07-19 13:47:33', 'QUESTIONNAIRE_MIGRATION_2019'),
	(615, 12, 1, 308, 'Oui', 0, '', '2019-07-19 13:47:33', 'QUESTIONNAIRE_MIGRATION_2019', '2019-07-19 13:47:33', 'QUESTIONNAIRE_MIGRATION_2019'),
	(616, 12, 2, 308, 'Yes', 0, '', '2019-07-19 13:47:33', 'QUESTIONNAIRE_MIGRATION_2019', '2019-07-19 13:47:33', 'QUESTIONNAIRE_MIGRATION_2019'),
	(617, 12, 1, 309, 'Non', 0, '', '2019-07-19 13:47:33', 'QUESTIONNAIRE_MIGRATION_2019', '2019-07-19 13:47:33', 'QUESTIONNAIRE_MIGRATION_2019'),
	(618, 12, 2, 309, 'No', 0, '', '2019-07-19 13:47:33', 'QUESTIONNAIRE_MIGRATION_2019', '2019-07-19 13:47:33', 'QUESTIONNAIRE_MIGRATION_2019'),
	(619, 12, 1, 310, 'Je ne suis pas au courant', 0, '', '2019-07-19 13:47:33', 'QUESTIONNAIRE_MIGRATION_2019', '2019-07-19 13:47:33', 'QUESTIONNAIRE_MIGRATION_2019'),
	(620, 12, 2, 310, 'I am not aware', 0, '', '2019-07-19 13:47:33', 'QUESTIONNAIRE_MIGRATION_2019', '2019-07-19 13:47:33', 'QUESTIONNAIRE_MIGRATION_2019'),
	(621, 23, 1, 311, 'FR_', 0, '', '2019-07-19 13:47:33', 'QUESTIONNAIRE_MIGRATION_2019', '2019-07-19 13:47:33', 'QUESTIONNAIRE_MIGRATION_2019'),
	(622, 23, 2, 311, 'EN_', 0, '', '2019-07-19 13:47:33', 'QUESTIONNAIRE_MIGRATION_2019', '2019-07-19 13:47:33', 'QUESTIONNAIRE_MIGRATION_2019'),
	(623, 23, 1, 312, 'FR_', 0, '', '2019-07-19 13:47:33', 'QUESTIONNAIRE_MIGRATION_2019', '2019-07-19 13:47:33', 'QUESTIONNAIRE_MIGRATION_2019'),
	(624, 23, 2, 312, 'EN_', 0, '', '2019-07-19 13:47:33', 'QUESTIONNAIRE_MIGRATION_2019', '2019-07-19 13:47:33', 'QUESTIONNAIRE_MIGRATION_2019'),
	(625, 23, 1, 313, 'Avez-vous dj fum?', 0, '', '2019-07-19 13:47:33', 'QUESTIONNAIRE_MIGRATION_2019', '2019-07-19 13:47:33', 'QUESTIONNAIRE_MIGRATION_2019'),
	(626, 23, 2, 313, 'Have you ever smoked?', 0, '', '2019-07-19 13:47:33', 'QUESTIONNAIRE_MIGRATION_2019', '2019-07-19 13:47:33', 'QUESTIONNAIRE_MIGRATION_2019'),
	(627, 12, 1, 314, 'Je fume prsentement', 0, '', '2019-07-19 13:47:33', 'QUESTIONNAIRE_MIGRATION_2019', '2019-07-19 13:47:33', 'QUESTIONNAIRE_MIGRATION_2019'),
	(628, 12, 2, 314, 'I currently smoke', 0, '', '2019-07-19 13:47:33', 'QUESTIONNAIRE_MIGRATION_2019', '2019-07-19 13:47:33', 'QUESTIONNAIRE_MIGRATION_2019'),
	(629, 12, 1, 315, 'Je fumais autrefois', 0, '', '2019-07-19 13:47:33', 'QUESTIONNAIRE_MIGRATION_2019', '2019-07-19 13:47:33', 'QUESTIONNAIRE_MIGRATION_2019'),
	(630, 12, 2, 315, 'I used to smoke', 0, '', '2019-07-19 13:47:33', 'QUESTIONNAIRE_MIGRATION_2019', '2019-07-19 13:47:33', 'QUESTIONNAIRE_MIGRATION_2019'),
	(631, 12, 1, 316, 'Non', 0, '', '2019-07-19 13:47:33', 'QUESTIONNAIRE_MIGRATION_2019', '2019-07-19 13:47:33', 'QUESTIONNAIRE_MIGRATION_2019'),
	(632, 12, 2, 316, 'No', 0, '', '2019-07-19 13:47:33', 'QUESTIONNAIRE_MIGRATION_2019', '2019-07-19 13:47:33', 'QUESTIONNAIRE_MIGRATION_2019'),
	(633, 23, 1, 317, 'FR_', 0, '', '2019-07-19 13:47:33', 'QUESTIONNAIRE_MIGRATION_2019', '2019-07-19 13:47:33', 'QUESTIONNAIRE_MIGRATION_2019'),
	(634, 23, 2, 317, 'EN_', 0, '', '2019-07-19 13:47:33', 'QUESTIONNAIRE_MIGRATION_2019', '2019-07-19 13:47:33', 'QUESTIONNAIRE_MIGRATION_2019'),
	(635, 23, 1, 318, 'FR_', 0, '', '2019-07-19 13:47:33', 'QUESTIONNAIRE_MIGRATION_2019', '2019-07-19 13:47:33', 'QUESTIONNAIRE_MIGRATION_2019'),
	(636, 23, 2, 318, 'EN_', 0, '', '2019-07-19 13:47:33', 'QUESTIONNAIRE_MIGRATION_2019', '2019-07-19 13:47:33', 'QUESTIONNAIRE_MIGRATION_2019'),
	(637, 23, 1, 319, 'Si vous avez rpondu Je fume actuellement  la question prcdente, combien de cigarettes fumez-vous par jour? Depuis combien d\'annes fumez-vous?', 0, '', '2019-07-19 13:47:33', 'QUESTIONNAIRE_MIGRATION_2019', '2019-07-19 13:47:33', 'QUESTIONNAIRE_MIGRATION_2019'),
	(638, 23, 2, 319, 'If you answered "I currently smoke" to the previous question, how many cigarettes do you smoke per day? For how many years have you been smoking?', 0, '', '2019-07-19 13:47:33', 'QUESTIONNAIRE_MIGRATION_2019', '2019-07-19 13:47:33', 'QUESTIONNAIRE_MIGRATION_2019'),
	(639, 23, 1, 320, 'FR_', 0, '', '2019-07-19 13:47:33', 'QUESTIONNAIRE_MIGRATION_2019', '2019-07-19 13:47:33', 'QUESTIONNAIRE_MIGRATION_2019'),
	(640, 23, 2, 320, 'EN_', 0, '', '2019-07-19 13:47:33', 'QUESTIONNAIRE_MIGRATION_2019', '2019-07-19 13:47:33', 'QUESTIONNAIRE_MIGRATION_2019'),
	(641, 23, 1, 321, 'FR_', 0, '', '2019-07-19 13:47:33', 'QUESTIONNAIRE_MIGRATION_2019', '2019-07-19 13:47:33', 'QUESTIONNAIRE_MIGRATION_2019'),
	(642, 23, 2, 321, 'EN_', 0, '', '2019-07-19 13:47:33', 'QUESTIONNAIRE_MIGRATION_2019', '2019-07-19 13:47:33', 'QUESTIONNAIRE_MIGRATION_2019'),
	(643, 23, 1, 322, 'Si vous avez rpondu Je fumais autrefois  la question 12, combien de cigarettes fumiez-vous par jour? Pendant combien d\'annes avait-vous fum ? Quand avez-vous arrt?', 0, '', '2019-07-19 13:47:33', 'QUESTIONNAIRE_MIGRATION_2019', '2019-07-19 13:47:33', 'QUESTIONNAIRE_MIGRATION_2019'),
	(644, 23, 2, 322, 'If you answered "I used to smoke" to question 12, how many cigarettes did you somke per day? For how many years have you been smoking? When did you stop?', 0, '', '2019-07-19 13:47:33', 'QUESTIONNAIRE_MIGRATION_2019', '2019-07-19 13:47:33', 'QUESTIONNAIRE_MIGRATION_2019'),
	(645, 23, 1, 323, 'FR_', 0, '', '2019-07-19 13:47:33', 'QUESTIONNAIRE_MIGRATION_2019', '2019-07-19 13:47:33', 'QUESTIONNAIRE_MIGRATION_2019'),
	(646, 23, 2, 323, 'EN_', 0, '', '2019-07-19 13:47:33', 'QUESTIONNAIRE_MIGRATION_2019', '2019-07-19 13:47:33', 'QUESTIONNAIRE_MIGRATION_2019'),
	(647, 23, 1, 324, 'FR_', 0, '', '2019-07-19 13:47:33', 'QUESTIONNAIRE_MIGRATION_2019', '2019-07-19 13:47:33', 'QUESTIONNAIRE_MIGRATION_2019'),
	(648, 23, 2, 324, 'EN_', 0, '', '2019-07-19 13:47:33', 'QUESTIONNAIRE_MIGRATION_2019', '2019-07-19 13:47:33', 'QUESTIONNAIRE_MIGRATION_2019'),
	(649, 23, 1, 325, 'Consommez-vous de l\'alcool?', 0, '', '2019-07-19 13:47:33', 'QUESTIONNAIRE_MIGRATION_2019', '2019-07-19 13:47:33', 'QUESTIONNAIRE_MIGRATION_2019'),
	(650, 23, 2, 325, 'Do you consume alcohol?', 0, '', '2019-07-19 13:47:33', 'QUESTIONNAIRE_MIGRATION_2019', '2019-07-19 13:47:33', 'QUESTIONNAIRE_MIGRATION_2019'),
	(651, 12, 1, 326, 'Oui', 0, '', '2019-07-19 13:47:33', 'QUESTIONNAIRE_MIGRATION_2019', '2019-07-19 13:47:33', 'QUESTIONNAIRE_MIGRATION_2019'),
	(652, 12, 2, 326, 'Yes', 0, '', '2019-07-19 13:47:33', 'QUESTIONNAIRE_MIGRATION_2019', '2019-07-19 13:47:33', 'QUESTIONNAIRE_MIGRATION_2019'),
	(653, 12, 1, 327, 'Non', 0, '', '2019-07-19 13:47:33', 'QUESTIONNAIRE_MIGRATION_2019', '2019-07-19 13:47:33', 'QUESTIONNAIRE_MIGRATION_2019'),
	(654, 12, 2, 327, 'No', 0, '', '2019-07-19 13:47:33', 'QUESTIONNAIRE_MIGRATION_2019', '2019-07-19 13:47:33', 'QUESTIONNAIRE_MIGRATION_2019'),
	(655, 23, 1, 328, 'FR_', 0, '', '2019-07-19 13:47:33', 'QUESTIONNAIRE_MIGRATION_2019', '2019-07-19 13:47:33', 'QUESTIONNAIRE_MIGRATION_2019'),
	(656, 23, 2, 328, 'EN_', 0, '', '2019-07-19 13:47:33', 'QUESTIONNAIRE_MIGRATION_2019', '2019-07-19 13:47:33', 'QUESTIONNAIRE_MIGRATION_2019'),
	(657, 23, 1, 329, 'FR_', 0, '', '2019-07-19 13:47:33', 'QUESTIONNAIRE_MIGRATION_2019', '2019-07-19 13:47:33', 'QUESTIONNAIRE_MIGRATION_2019'),
	(658, 23, 2, 329, 'EN_', 0, '', '2019-07-19 13:47:33', 'QUESTIONNAIRE_MIGRATION_2019', '2019-07-19 13:47:33', 'QUESTIONNAIRE_MIGRATION_2019'),
	(659, 23, 1, 330, 'Si vous avez rpondu oui  la question prcdente, combien de verres prenez-vous par semaine, en moyenne?', 0, '', '2019-07-19 13:47:33', 'QUESTIONNAIRE_MIGRATION_2019', '2019-07-19 13:47:33', 'QUESTIONNAIRE_MIGRATION_2019'),
	(660, 23, 2, 330, 'If you answered "yes" to the pevious question, how many drinks do you have per week, on avergae?', 0, '', '2019-07-19 13:47:33', 'QUESTIONNAIRE_MIGRATION_2019', '2019-07-19 13:47:33', 'QUESTIONNAIRE_MIGRATION_2019'),
	(661, 27, 1, 331, 'FR_', 0, '', '2019-07-19 13:47:33', 'QUESTIONNAIRE_MIGRATION_2019', '2019-07-19 13:47:33', 'QUESTIONNAIRE_MIGRATION_2019'),
	(662, 27, 2, 331, 'Patient-Reported Daily Side Effects Questionnaire', 0, '', '2019-07-19 13:47:33', 'QUESTIONNAIRE_MIGRATION_2019', '2019-07-19 13:47:33', 'QUESTIONNAIRE_MIGRATION_2019'),
	(663, 32, 1, 332, 'FR_', 0, '', '2019-07-19 13:47:33', 'QUESTIONNAIRE_MIGRATION_2019', '2019-07-19 13:47:33', 'QUESTIONNAIRE_MIGRATION_2019'),
	(664, 32, 2, 332, 'Skin itchiness', 0, '', '2019-07-19 13:47:33', 'QUESTIONNAIRE_MIGRATION_2019', '2019-07-19 13:47:33', 'QUESTIONNAIRE_MIGRATION_2019'),
	(665, 23, 1, 333, 'Dmangeaisons de la peau', 0, '', '2019-07-19 13:47:33', 'QUESTIONNAIRE_MIGRATION_2019', '2019-07-19 13:47:33', 'QUESTIONNAIRE_MIGRATION_2019'),
	(666, 23, 2, 333, 'Skin itchiness', 0, '', '2019-07-19 13:47:33', 'QUESTIONNAIRE_MIGRATION_2019', '2019-07-19 13:47:33', 'QUESTIONNAIRE_MIGRATION_2019'),
	(667, 23, 1, 334, 'FR_', 0, '', '2019-07-19 13:47:33', 'QUESTIONNAIRE_MIGRATION_2019', '2019-07-19 13:47:33', 'QUESTIONNAIRE_MIGRATION_2019'),
	(668, 23, 2, 334, 'Skin itchiness', 0, '', '2019-07-19 13:47:33', 'QUESTIONNAIRE_MIGRATION_2019', '2019-07-19 13:47:33', 'QUESTIONNAIRE_MIGRATION_2019'),
	(669, 23, 1, 335, 'Au cours de la dernire journe, avez-vous eu des dmangeaisons sur la region affecte de votre poitrine/torse?', 0, '', '2019-07-19 13:47:33', 'QUESTIONNAIRE_MIGRATION_2019', '2019-07-19 13:47:33', 'QUESTIONNAIRE_MIGRATION_2019'),
	(670, 23, 2, 335, 'In the past day, have you had itchiness on or in the area of your affected breast/chest wall?', 0, '', '2019-07-19 13:47:33', 'QUESTIONNAIRE_MIGRATION_2019', '2019-07-19 13:47:33', 'QUESTIONNAIRE_MIGRATION_2019'),
	(671, 12, 1, 336, '4 - Beaucoup', 0, '', '2019-07-19 13:47:33', 'QUESTIONNAIRE_MIGRATION_2019', '2019-07-19 13:47:33', 'QUESTIONNAIRE_MIGRATION_2019'),
	(672, 12, 2, 336, '4 - Very Much', 0, '', '2019-07-19 13:47:33', 'QUESTIONNAIRE_MIGRATION_2019', '2019-07-19 13:47:33', 'QUESTIONNAIRE_MIGRATION_2019'),
	(673, 12, 1, 337, '3 - Assez', 0, '', '2019-07-19 13:47:33', 'QUESTIONNAIRE_MIGRATION_2019', '2019-07-19 13:47:33', 'QUESTIONNAIRE_MIGRATION_2019'),
	(674, 12, 2, 337, '3 - Quite a Bit', 0, '', '2019-07-19 13:47:33', 'QUESTIONNAIRE_MIGRATION_2019', '2019-07-19 13:47:33', 'QUESTIONNAIRE_MIGRATION_2019'),
	(675, 12, 1, 338, '2 - Un peu', 0, '', '2019-07-19 13:47:33', 'QUESTIONNAIRE_MIGRATION_2019', '2019-07-19 13:47:33', 'QUESTIONNAIRE_MIGRATION_2019'),
	(676, 12, 2, 338, '2 - A Little', 0, '', '2019-07-19 13:47:33', 'QUESTIONNAIRE_MIGRATION_2019', '2019-07-19 13:47:33', 'QUESTIONNAIRE_MIGRATION_2019'),
	(677, 12, 1, 339, '1 - Pas du tout', 0, '', '2019-07-19 13:47:33', 'QUESTIONNAIRE_MIGRATION_2019', '2019-07-19 13:47:33', 'QUESTIONNAIRE_MIGRATION_2019'),
	(678, 12, 2, 339, '1 - Not at All', 0, '', '2019-07-19 13:47:33', 'QUESTIONNAIRE_MIGRATION_2019', '2019-07-19 13:47:33', 'QUESTIONNAIRE_MIGRATION_2019'),
	(679, 23, 1, 340, 'Scheresse de la peau', 0, '', '2019-07-19 13:47:33', 'QUESTIONNAIRE_MIGRATION_2019', '2019-07-19 13:47:33', 'QUESTIONNAIRE_MIGRATION_2019'),
	(680, 23, 2, 340, 'Skin dryness', 0, '', '2019-07-19 13:47:33', 'QUESTIONNAIRE_MIGRATION_2019', '2019-07-19 13:47:33', 'QUESTIONNAIRE_MIGRATION_2019'),
	(681, 23, 1, 341, 'FR_', 0, '', '2019-07-19 13:47:33', 'QUESTIONNAIRE_MIGRATION_2019', '2019-07-19 13:47:33', 'QUESTIONNAIRE_MIGRATION_2019'),
	(682, 23, 2, 341, 'Skin dryness', 0, '', '2019-07-19 13:47:33', 'QUESTIONNAIRE_MIGRATION_2019', '2019-07-19 13:47:33', 'QUESTIONNAIRE_MIGRATION_2019'),
	(683, 23, 1, 342, 'Au cours de la dernire journe, avez-vous eu de la scheresse sur la region affecte de votre poitrine/torse?', 0, '', '2019-07-19 13:47:33', 'QUESTIONNAIRE_MIGRATION_2019', '2019-07-19 13:47:33', 'QUESTIONNAIRE_MIGRATION_2019'),
	(684, 23, 2, 342, 'In the past day, have you had dryness on or in the area of your affected breast/chest wall?', 0, '', '2019-07-19 13:47:33', 'QUESTIONNAIRE_MIGRATION_2019', '2019-07-19 13:47:33', 'QUESTIONNAIRE_MIGRATION_2019'),
	(685, 12, 1, 343, '4 - Beaucoup', 0, '', '2019-07-19 13:47:33', 'QUESTIONNAIRE_MIGRATION_2019', '2019-07-19 13:47:33', 'QUESTIONNAIRE_MIGRATION_2019'),
	(686, 12, 2, 343, '4 - Very Much', 0, '', '2019-07-19 13:47:33', 'QUESTIONNAIRE_MIGRATION_2019', '2019-07-19 13:47:33', 'QUESTIONNAIRE_MIGRATION_2019'),
	(687, 12, 1, 344, '3 - Assez', 0, '', '2019-07-19 13:47:33', 'QUESTIONNAIRE_MIGRATION_2019', '2019-07-19 13:47:33', 'QUESTIONNAIRE_MIGRATION_2019'),
	(688, 12, 2, 344, '3 - Quite a Bit', 0, '', '2019-07-19 13:47:33', 'QUESTIONNAIRE_MIGRATION_2019', '2019-07-19 13:47:33', 'QUESTIONNAIRE_MIGRATION_2019'),
	(689, 12, 1, 345, '2 - Un peu', 0, '', '2019-07-19 13:47:33', 'QUESTIONNAIRE_MIGRATION_2019', '2019-07-19 13:47:33', 'QUESTIONNAIRE_MIGRATION_2019'),
	(690, 12, 2, 345, '2 - A Little', 0, '', '2019-07-19 13:47:33', 'QUESTIONNAIRE_MIGRATION_2019', '2019-07-19 13:47:33', 'QUESTIONNAIRE_MIGRATION_2019'),
	(691, 12, 1, 346, '1 - Pas du tout', 0, '', '2019-07-19 13:47:33', 'QUESTIONNAIRE_MIGRATION_2019', '2019-07-19 13:47:33', 'QUESTIONNAIRE_MIGRATION_2019'),
	(692, 12, 2, 346, '1 - Not at All', 0, '', '2019-07-19 13:47:33', 'QUESTIONNAIRE_MIGRATION_2019', '2019-07-19 13:47:33', 'QUESTIONNAIRE_MIGRATION_2019'),
	(693, 23, 1, 347, 'Plaques de la peau', 0, '', '2019-07-19 13:47:33', 'QUESTIONNAIRE_MIGRATION_2019', '2019-07-19 13:47:33', 'QUESTIONNAIRE_MIGRATION_2019'),
	(694, 23, 2, 347, 'Skin flakiness', 0, '', '2019-07-19 13:47:33', 'QUESTIONNAIRE_MIGRATION_2019', '2019-07-19 13:47:33', 'QUESTIONNAIRE_MIGRATION_2019'),
	(695, 23, 1, 348, 'FR_', 0, '', '2019-07-19 13:47:33', 'QUESTIONNAIRE_MIGRATION_2019', '2019-07-19 13:47:33', 'QUESTIONNAIRE_MIGRATION_2019'),
	(696, 23, 2, 348, 'Skin flakiness', 0, '', '2019-07-19 13:47:33', 'QUESTIONNAIRE_MIGRATION_2019', '2019-07-19 13:47:33', 'QUESTIONNAIRE_MIGRATION_2019'),
	(697, 23, 1, 349, 'Au cours de la dernire journe, avez-vous eu des plaques sur la region affecte de votre poitrine/torse?', 0, '', '2019-07-19 13:47:33', 'QUESTIONNAIRE_MIGRATION_2019', '2019-07-19 13:47:33', 'QUESTIONNAIRE_MIGRATION_2019'),
	(698, 23, 2, 349, 'In the past day, have you had flakiness on or in the area of your affected breast/chest wall?', 0, '', '2019-07-19 13:47:34', 'QUESTIONNAIRE_MIGRATION_2019', '2019-07-19 13:47:34', 'QUESTIONNAIRE_MIGRATION_2019'),
	(699, 12, 1, 350, '4 - Beaucoup', 0, '', '2019-07-19 13:47:34', 'QUESTIONNAIRE_MIGRATION_2019', '2019-07-19 13:47:34', 'QUESTIONNAIRE_MIGRATION_2019'),
	(700, 12, 2, 350, '4 - Very Much', 0, '', '2019-07-19 13:47:34', 'QUESTIONNAIRE_MIGRATION_2019', '2019-07-19 13:47:34', 'QUESTIONNAIRE_MIGRATION_2019'),
	(701, 12, 1, 351, '3 - Assez', 0, '', '2019-07-19 13:47:34', 'QUESTIONNAIRE_MIGRATION_2019', '2019-07-19 13:47:34', 'QUESTIONNAIRE_MIGRATION_2019'),
	(702, 12, 2, 351, '3 - Quite a Bit', 0, '', '2019-07-19 13:47:34', 'QUESTIONNAIRE_MIGRATION_2019', '2019-07-19 13:47:34', 'QUESTIONNAIRE_MIGRATION_2019'),
	(703, 12, 1, 352, '2 - Un peu', 0, '', '2019-07-19 13:47:34', 'QUESTIONNAIRE_MIGRATION_2019', '2019-07-19 13:47:34', 'QUESTIONNAIRE_MIGRATION_2019'),
	(704, 12, 2, 352, '2 - A Little', 0, '', '2019-07-19 13:47:34', 'QUESTIONNAIRE_MIGRATION_2019', '2019-07-19 13:47:34', 'QUESTIONNAIRE_MIGRATION_2019'),
	(705, 12, 1, 353, '1 - Pas du tout', 0, '', '2019-07-19 13:47:34', 'QUESTIONNAIRE_MIGRATION_2019', '2019-07-19 13:47:34', 'QUESTIONNAIRE_MIGRATION_2019'),
	(706, 12, 2, 353, '1 - Not at All', 0, '', '2019-07-19 13:47:34', 'QUESTIONNAIRE_MIGRATION_2019', '2019-07-19 13:47:34', 'QUESTIONNAIRE_MIGRATION_2019'),
	(707, 27, 1, 354, 'FR_ Kansas City Cardiomyopathy Questionnaire (KCCQ-12)', 0, '', '2019-07-19 13:47:34', 'QUESTIONNAIRE_MIGRATION_2019', '2019-07-19 14:19:15', 'QUESTIONNAIRE_MIGRATION_2019'),
	(708, 27, 2, 354, 'Kansas City Cardiomyopathy Questionnaire (KCCQ-12)', 0, '', '2019-07-19 13:47:34', 'QUESTIONNAIRE_MIGRATION_2019', '2019-07-19 13:47:34', 'QUESTIONNAIRE_MIGRATION_2019'),
	(709, 32, 1, 355, 'FR_', 0, '', '2019-07-19 13:47:34', 'QUESTIONNAIRE_MIGRATION_2019', '2019-07-19 13:47:34', 'QUESTIONNAIRE_MIGRATION_2019'),
	(710, 32, 2, 355, 'heart failure', 0, '', '2019-07-19 13:47:34', 'QUESTIONNAIRE_MIGRATION_2019', '2019-07-19 13:47:34', 'QUESTIONNAIRE_MIGRATION_2019'),
	(711, 23, 1, 356, 'FR_', 0, '', '2019-07-19 13:47:34', 'QUESTIONNAIRE_MIGRATION_2019', '2019-07-19 13:47:34', 'QUESTIONNAIRE_MIGRATION_2019'),
	(712, 23, 2, 356, 'heart failure', 0, '', '2019-07-19 13:47:34', 'QUESTIONNAIRE_MIGRATION_2019', '2019-07-19 13:47:34', 'QUESTIONNAIRE_MIGRATION_2019'),
	(713, 23, 1, 357, 'FR_', 0, '', '2019-07-19 13:47:34', 'QUESTIONNAIRE_MIGRATION_2019', '2019-07-19 13:47:34', 'QUESTIONNAIRE_MIGRATION_2019'),
	(714, 23, 2, 357, 'heart failure', 0, '', '2019-07-19 13:47:34', 'QUESTIONNAIRE_MIGRATION_2019', '2019-07-19 13:47:34', 'QUESTIONNAIRE_MIGRATION_2019'),
	(715, 23, 1, 358, 'FR_', 0, '', '2019-07-19 13:47:34', 'QUESTIONNAIRE_MIGRATION_2019', '2019-07-19 13:47:34', 'QUESTIONNAIRE_MIGRATION_2019'),
	(716, 23, 2, 358, 'Showering/bathing - Heart failure affects different people in different ways. Some feel shortness of breath while others feel fatigue. Please indicate how much you are limited by heart failure (shortness of breath or fatigue) in your ability to do the following activities over the past 2 weeks.', 0, '', '2019-07-19 13:47:34', 'QUESTIONNAIRE_MIGRATION_2019', '2019-07-19 13:47:34', 'QUESTIONNAIRE_MIGRATION_2019'),
	(717, 12, 1, 359, 'FR_', 0, '', '2019-07-19 13:47:34', 'QUESTIONNAIRE_MIGRATION_2019', '2019-07-19 13:47:34', 'QUESTIONNAIRE_MIGRATION_2019'),
	(718, 12, 2, 359, 'Extremely Limited', 0, '', '2019-07-19 13:47:34', 'QUESTIONNAIRE_MIGRATION_2019', '2019-07-19 13:47:34', 'QUESTIONNAIRE_MIGRATION_2019'),
	(719, 12, 1, 360, 'FR_', 0, '', '2019-07-19 13:47:34', 'QUESTIONNAIRE_MIGRATION_2019', '2019-07-19 13:47:34', 'QUESTIONNAIRE_MIGRATION_2019'),
	(720, 12, 2, 360, 'Quite a bit Limited', 0, '', '2019-07-19 13:47:34', 'QUESTIONNAIRE_MIGRATION_2019', '2019-07-19 13:47:34', 'QUESTIONNAIRE_MIGRATION_2019'),
	(721, 12, 1, 361, 'FR_', 0, '', '2019-07-19 13:47:34', 'QUESTIONNAIRE_MIGRATION_2019', '2019-07-19 13:47:34', 'QUESTIONNAIRE_MIGRATION_2019'),
	(722, 12, 2, 361, 'Moderately Limited', 0, '', '2019-07-19 13:47:34', 'QUESTIONNAIRE_MIGRATION_2019', '2019-07-19 13:47:34', 'QUESTIONNAIRE_MIGRATION_2019'),
	(723, 12, 1, 362, 'FR_', 0, '', '2019-07-19 13:47:34', 'QUESTIONNAIRE_MIGRATION_2019', '2019-07-19 13:47:34', 'QUESTIONNAIRE_MIGRATION_2019'),
	(724, 12, 2, 362, 'Slightly Limited', 0, '', '2019-07-19 13:47:34', 'QUESTIONNAIRE_MIGRATION_2019', '2019-07-19 13:47:34', 'QUESTIONNAIRE_MIGRATION_2019'),
	(725, 12, 1, 363, 'FR_', 0, '', '2019-07-19 13:47:34', 'QUESTIONNAIRE_MIGRATION_2019', '2019-07-19 13:47:34', 'QUESTIONNAIRE_MIGRATION_2019'),
	(726, 12, 2, 363, 'Not at all Limited', 0, '', '2019-07-19 13:47:34', 'QUESTIONNAIRE_MIGRATION_2019', '2019-07-19 13:47:34', 'QUESTIONNAIRE_MIGRATION_2019'),
	(727, 12, 1, 364, 'FR_', 0, '', '2019-07-19 13:47:34', 'QUESTIONNAIRE_MIGRATION_2019', '2019-07-19 13:47:34', 'QUESTIONNAIRE_MIGRATION_2019'),
	(728, 12, 2, 364, 'Limited for other reasons or did not do the activity', 0, '', '2019-07-19 13:47:34', 'QUESTIONNAIRE_MIGRATION_2019', '2019-07-19 13:47:34', 'QUESTIONNAIRE_MIGRATION_2019'),
	(729, 23, 1, 365, 'FR_', 0, '', '2019-07-19 13:47:34', 'QUESTIONNAIRE_MIGRATION_2019', '2019-07-19 13:47:34', 'QUESTIONNAIRE_MIGRATION_2019'),
	(730, 23, 2, 365, 'heart failure', 0, '', '2019-07-19 13:47:34', 'QUESTIONNAIRE_MIGRATION_2019', '2019-07-19 13:47:34', 'QUESTIONNAIRE_MIGRATION_2019'),
	(731, 23, 1, 366, 'FR_', 0, '', '2019-07-19 13:47:34', 'QUESTIONNAIRE_MIGRATION_2019', '2019-07-19 13:47:34', 'QUESTIONNAIRE_MIGRATION_2019'),
	(732, 23, 2, 366, 'heart failure', 0, '', '2019-07-19 13:47:34', 'QUESTIONNAIRE_MIGRATION_2019', '2019-07-19 13:47:34', 'QUESTIONNAIRE_MIGRATION_2019'),
	(733, 23, 1, 367, 'FR_', 0, '', '2019-07-19 13:47:34', 'QUESTIONNAIRE_MIGRATION_2019', '2019-07-19 13:47:34', 'QUESTIONNAIRE_MIGRATION_2019'),
	(734, 23, 2, 367, 'Walking 1 block on level ground - Heart failure affects different people in different ways. Some feel shortness of breath while others feel fatigue. Please indicate how much you are limited by heart failure (shortness of breath or fatigue) in your ability to do the following activities over the past 2 weeks.', 0, '', '2019-07-19 13:47:34', 'QUESTIONNAIRE_MIGRATION_2019', '2019-07-19 13:47:34', 'QUESTIONNAIRE_MIGRATION_2019'),
	(735, 12, 1, 368, 'FR_', 0, '', '2019-07-19 13:47:34', 'QUESTIONNAIRE_MIGRATION_2019', '2019-07-19 13:47:34', 'QUESTIONNAIRE_MIGRATION_2019'),
	(736, 12, 2, 368, 'Extremely Limited', 0, '', '2019-07-19 13:47:34', 'QUESTIONNAIRE_MIGRATION_2019', '2019-07-19 13:47:34', 'QUESTIONNAIRE_MIGRATION_2019'),
	(737, 12, 1, 369, 'FR_', 0, '', '2019-07-19 13:47:34', 'QUESTIONNAIRE_MIGRATION_2019', '2019-07-19 13:47:34', 'QUESTIONNAIRE_MIGRATION_2019'),
	(738, 12, 2, 369, 'Quite a bit Limited', 0, '', '2019-07-19 13:47:34', 'QUESTIONNAIRE_MIGRATION_2019', '2019-07-19 13:47:34', 'QUESTIONNAIRE_MIGRATION_2019'),
	(739, 12, 1, 370, 'FR_', 0, '', '2019-07-19 13:47:34', 'QUESTIONNAIRE_MIGRATION_2019', '2019-07-19 13:47:34', 'QUESTIONNAIRE_MIGRATION_2019'),
	(740, 12, 2, 370, 'Moderately Limited', 0, '', '2019-07-19 13:47:34', 'QUESTIONNAIRE_MIGRATION_2019', '2019-07-19 13:47:34', 'QUESTIONNAIRE_MIGRATION_2019'),
	(741, 12, 1, 371, 'FR_', 0, '', '2019-07-19 13:47:34', 'QUESTIONNAIRE_MIGRATION_2019', '2019-07-19 13:47:34', 'QUESTIONNAIRE_MIGRATION_2019'),
	(742, 12, 2, 371, 'Slightly Limited', 0, '', '2019-07-19 13:47:34', 'QUESTIONNAIRE_MIGRATION_2019', '2019-07-19 13:47:34', 'QUESTIONNAIRE_MIGRATION_2019'),
	(743, 12, 1, 372, 'FR_', 0, '', '2019-07-19 13:47:34', 'QUESTIONNAIRE_MIGRATION_2019', '2019-07-19 13:47:34', 'QUESTIONNAIRE_MIGRATION_2019'),
	(744, 12, 2, 372, 'Not at all Limited', 0, '', '2019-07-19 13:47:34', 'QUESTIONNAIRE_MIGRATION_2019', '2019-07-19 13:47:34', 'QUESTIONNAIRE_MIGRATION_2019'),
	(745, 12, 1, 373, 'FR_', 0, '', '2019-07-19 13:47:34', 'QUESTIONNAIRE_MIGRATION_2019', '2019-07-19 13:47:34', 'QUESTIONNAIRE_MIGRATION_2019'),
	(746, 12, 2, 373, 'Limited for other reasons or did not do the activity', 0, '', '2019-07-19 13:47:34', 'QUESTIONNAIRE_MIGRATION_2019', '2019-07-19 13:47:34', 'QUESTIONNAIRE_MIGRATION_2019'),
	(747, 23, 1, 374, 'FR_', 0, '', '2019-07-19 13:47:34', 'QUESTIONNAIRE_MIGRATION_2019', '2019-07-19 13:47:34', 'QUESTIONNAIRE_MIGRATION_2019'),
	(748, 23, 2, 374, 'heart failure', 0, '', '2019-07-19 13:47:34', 'QUESTIONNAIRE_MIGRATION_2019', '2019-07-19 13:47:34', 'QUESTIONNAIRE_MIGRATION_2019'),
	(749, 23, 1, 375, 'FR_', 0, '', '2019-07-19 13:47:34', 'QUESTIONNAIRE_MIGRATION_2019', '2019-07-19 13:47:34', 'QUESTIONNAIRE_MIGRATION_2019'),
	(750, 23, 2, 375, 'heart failure', 0, '', '2019-07-19 13:47:34', 'QUESTIONNAIRE_MIGRATION_2019', '2019-07-19 13:47:34', 'QUESTIONNAIRE_MIGRATION_2019'),
	(751, 23, 1, 376, 'FR_', 0, '', '2019-07-19 13:47:34', 'QUESTIONNAIRE_MIGRATION_2019', '2019-07-19 13:47:34', 'QUESTIONNAIRE_MIGRATION_2019'),
	(752, 23, 2, 376, 'Hurrying or jogging (as if to catch a bus) - Heart failure affects different people in different ways. Some feel shortness of breath while others feel fatigue. Please indicate how much you are limited by heart failure (shortness of breath or fatigue) in your ability to do the following activities over the past 2 weeks.', 0, '', '2019-07-19 13:47:34', 'QUESTIONNAIRE_MIGRATION_2019', '2019-07-19 13:47:34', 'QUESTIONNAIRE_MIGRATION_2019'),
	(753, 12, 1, 377, 'FR_', 0, '', '2019-07-19 13:47:34', 'QUESTIONNAIRE_MIGRATION_2019', '2019-07-19 13:47:34', 'QUESTIONNAIRE_MIGRATION_2019'),
	(754, 12, 2, 377, 'Extremely Limited', 0, '', '2019-07-19 13:47:34', 'QUESTIONNAIRE_MIGRATION_2019', '2019-07-19 13:47:34', 'QUESTIONNAIRE_MIGRATION_2019'),
	(755, 12, 1, 378, 'FR_', 0, '', '2019-07-19 13:47:34', 'QUESTIONNAIRE_MIGRATION_2019', '2019-07-19 13:47:34', 'QUESTIONNAIRE_MIGRATION_2019'),
	(756, 12, 2, 378, 'Quite a bit Limited', 0, '', '2019-07-19 13:47:34', 'QUESTIONNAIRE_MIGRATION_2019', '2019-07-19 13:47:34', 'QUESTIONNAIRE_MIGRATION_2019'),
	(757, 12, 1, 379, 'FR_', 0, '', '2019-07-19 13:47:34', 'QUESTIONNAIRE_MIGRATION_2019', '2019-07-19 13:47:34', 'QUESTIONNAIRE_MIGRATION_2019'),
	(758, 12, 2, 379, 'Moderately Limited', 0, '', '2019-07-19 13:47:34', 'QUESTIONNAIRE_MIGRATION_2019', '2019-07-19 13:47:34', 'QUESTIONNAIRE_MIGRATION_2019'),
	(759, 12, 1, 380, 'FR_', 0, '', '2019-07-19 13:47:34', 'QUESTIONNAIRE_MIGRATION_2019', '2019-07-19 13:47:34', 'QUESTIONNAIRE_MIGRATION_2019'),
	(760, 12, 2, 380, 'Slightly Limited', 0, '', '2019-07-19 13:47:34', 'QUESTIONNAIRE_MIGRATION_2019', '2019-07-19 13:47:34', 'QUESTIONNAIRE_MIGRATION_2019'),
	(761, 12, 1, 381, 'FR_', 0, '', '2019-07-19 13:47:34', 'QUESTIONNAIRE_MIGRATION_2019', '2019-07-19 13:47:34', 'QUESTIONNAIRE_MIGRATION_2019'),
	(762, 12, 2, 381, 'Not at all Limited', 0, '', '2019-07-19 13:47:34', 'QUESTIONNAIRE_MIGRATION_2019', '2019-07-19 13:47:34', 'QUESTIONNAIRE_MIGRATION_2019'),
	(763, 12, 1, 382, 'FR_', 0, '', '2019-07-19 13:47:34', 'QUESTIONNAIRE_MIGRATION_2019', '2019-07-19 13:47:34', 'QUESTIONNAIRE_MIGRATION_2019'),
	(764, 12, 2, 382, 'Limited for other reasons or did not do the activity', 0, '', '2019-07-19 13:47:34', 'QUESTIONNAIRE_MIGRATION_2019', '2019-07-19 13:47:34', 'QUESTIONNAIRE_MIGRATION_2019'),
	(765, 23, 1, 383, 'FR_', 0, '', '2019-07-19 13:47:34', 'QUESTIONNAIRE_MIGRATION_2019', '2019-07-19 13:47:34', 'QUESTIONNAIRE_MIGRATION_2019'),
	(766, 23, 2, 383, 'swelling', 0, '', '2019-07-19 13:47:34', 'QUESTIONNAIRE_MIGRATION_2019', '2019-07-19 13:47:34', 'QUESTIONNAIRE_MIGRATION_2019'),
	(767, 23, 1, 384, 'FR_', 0, '', '2019-07-19 13:47:34', 'QUESTIONNAIRE_MIGRATION_2019', '2019-07-19 13:47:34', 'QUESTIONNAIRE_MIGRATION_2019'),
	(768, 23, 2, 384, 'swelling', 0, '', '2019-07-19 13:47:34', 'QUESTIONNAIRE_MIGRATION_2019', '2019-07-19 13:47:34', 'QUESTIONNAIRE_MIGRATION_2019'),
	(769, 23, 1, 385, 'FR_', 0, '', '2019-07-19 13:47:34', 'QUESTIONNAIRE_MIGRATION_2019', '2019-07-19 13:47:34', 'QUESTIONNAIRE_MIGRATION_2019'),
	(770, 23, 2, 385, 'Over the past 2 weeks, how many times did you have swelling in your feet, ankles or legs when you woke up in the morning?', 0, '', '2019-07-19 13:47:34', 'QUESTIONNAIRE_MIGRATION_2019', '2019-07-19 13:47:34', 'QUESTIONNAIRE_MIGRATION_2019'),
	(771, 12, 1, 386, 'FR_', 0, '', '2019-07-19 13:47:34', 'QUESTIONNAIRE_MIGRATION_2019', '2019-07-19 13:47:34', 'QUESTIONNAIRE_MIGRATION_2019'),
	(772, 12, 2, 386, 'Every morning', 0, '', '2019-07-19 13:47:34', 'QUESTIONNAIRE_MIGRATION_2019', '2019-07-19 13:47:34', 'QUESTIONNAIRE_MIGRATION_2019'),
	(773, 12, 1, 387, 'FR_', 0, '', '2019-07-19 13:47:34', 'QUESTIONNAIRE_MIGRATION_2019', '2019-07-19 13:47:34', 'QUESTIONNAIRE_MIGRATION_2019'),
	(774, 12, 2, 387, '3 or more times per week but not every day', 0, '', '2019-07-19 13:47:34', 'QUESTIONNAIRE_MIGRATION_2019', '2019-07-19 13:47:34', 'QUESTIONNAIRE_MIGRATION_2019'),
	(775, 12, 1, 388, 'FR_', 0, '', '2019-07-19 13:47:34', 'QUESTIONNAIRE_MIGRATION_2019', '2019-07-19 13:47:34', 'QUESTIONNAIRE_MIGRATION_2019'),
	(776, 12, 2, 388, '1-2 times per week', 0, '', '2019-07-19 13:47:34', 'QUESTIONNAIRE_MIGRATION_2019', '2019-07-19 13:47:34', 'QUESTIONNAIRE_MIGRATION_2019'),
	(777, 12, 1, 389, 'FR_', 0, '', '2019-07-19 13:47:34', 'QUESTIONNAIRE_MIGRATION_2019', '2019-07-19 13:47:34', 'QUESTIONNAIRE_MIGRATION_2019'),
	(778, 12, 2, 389, 'Less than once a week', 0, '', '2019-07-19 13:47:34', 'QUESTIONNAIRE_MIGRATION_2019', '2019-07-19 13:47:34', 'QUESTIONNAIRE_MIGRATION_2019'),
	(779, 12, 1, 390, 'FR_', 0, '', '2019-07-19 13:47:34', 'QUESTIONNAIRE_MIGRATION_2019', '2019-07-19 13:47:34', 'QUESTIONNAIRE_MIGRATION_2019'),
	(780, 12, 2, 390, 'Never over the past 2 weeks', 0, '', '2019-07-19 13:47:34', 'QUESTIONNAIRE_MIGRATION_2019', '2019-07-19 13:47:34', 'QUESTIONNAIRE_MIGRATION_2019'),
	(781, 23, 1, 391, 'FR_', 0, '', '2019-07-19 13:47:34', 'QUESTIONNAIRE_MIGRATION_2019', '2019-07-19 13:47:34', 'QUESTIONNAIRE_MIGRATION_2019'),
	(782, 23, 2, 391, 'fatigue', 0, '', '2019-07-19 13:47:34', 'QUESTIONNAIRE_MIGRATION_2019', '2019-07-19 13:47:34', 'QUESTIONNAIRE_MIGRATION_2019'),
	(783, 23, 1, 392, 'FR_', 0, '', '2019-07-19 13:47:34', 'QUESTIONNAIRE_MIGRATION_2019', '2019-07-19 13:47:34', 'QUESTIONNAIRE_MIGRATION_2019'),
	(784, 23, 2, 392, 'fatigue', 0, '', '2019-07-19 13:47:34', 'QUESTIONNAIRE_MIGRATION_2019', '2019-07-19 13:47:34', 'QUESTIONNAIRE_MIGRATION_2019'),
	(785, 23, 1, 393, 'FR_', 0, '', '2019-07-19 13:47:34', 'QUESTIONNAIRE_MIGRATION_2019', '2019-07-19 13:47:34', 'QUESTIONNAIRE_MIGRATION_2019'),
	(786, 23, 2, 393, 'Over the past 2 weeks, on average, how many times has fatigue limited your ability to do what you wanted?', 0, '', '2019-07-19 13:47:34', 'QUESTIONNAIRE_MIGRATION_2019', '2019-07-19 13:47:34', 'QUESTIONNAIRE_MIGRATION_2019'),
	(787, 12, 1, 394, 'FR_', 0, '', '2019-07-19 13:47:34', 'QUESTIONNAIRE_MIGRATION_2019', '2019-07-19 13:47:34', 'QUESTIONNAIRE_MIGRATION_2019'),
	(788, 12, 2, 394, 'All of the time', 0, '', '2019-07-19 13:47:34', 'QUESTIONNAIRE_MIGRATION_2019', '2019-07-19 13:47:34', 'QUESTIONNAIRE_MIGRATION_2019'),
	(789, 12, 1, 395, 'FR_', 0, '', '2019-07-19 13:47:34', 'QUESTIONNAIRE_MIGRATION_2019', '2019-07-19 13:47:34', 'QUESTIONNAIRE_MIGRATION_2019'),
	(790, 12, 2, 395, 'Several times per day', 0, '', '2019-07-19 13:47:34', 'QUESTIONNAIRE_MIGRATION_2019', '2019-07-19 13:47:34', 'QUESTIONNAIRE_MIGRATION_2019'),
	(791, 12, 1, 396, 'FR_', 0, '', '2019-07-19 13:47:34', 'QUESTIONNAIRE_MIGRATION_2019', '2019-07-19 13:47:34', 'QUESTIONNAIRE_MIGRATION_2019'),
	(792, 12, 2, 396, 'At least once a day', 0, '', '2019-07-19 13:47:34', 'QUESTIONNAIRE_MIGRATION_2019', '2019-07-19 13:47:34', 'QUESTIONNAIRE_MIGRATION_2019'),
	(793, 12, 1, 397, 'FR_', 0, '', '2019-07-19 13:47:34', 'QUESTIONNAIRE_MIGRATION_2019', '2019-07-19 13:47:34', 'QUESTIONNAIRE_MIGRATION_2019'),
	(794, 12, 2, 397, '3 or more times per week but not every day', 0, '', '2019-07-19 13:47:34', 'QUESTIONNAIRE_MIGRATION_2019', '2019-07-19 13:47:34', 'QUESTIONNAIRE_MIGRATION_2019'),
	(795, 12, 1, 398, 'FR_', 0, '', '2019-07-19 13:47:34', 'QUESTIONNAIRE_MIGRATION_2019', '2019-07-19 13:47:34', 'QUESTIONNAIRE_MIGRATION_2019'),
	(796, 12, 2, 398, '1-2 times per week', 0, '', '2019-07-19 13:47:34', 'QUESTIONNAIRE_MIGRATION_2019', '2019-07-19 13:47:34', 'QUESTIONNAIRE_MIGRATION_2019'),
	(797, 12, 1, 399, 'FR_', 0, '', '2019-07-19 13:47:34', 'QUESTIONNAIRE_MIGRATION_2019', '2019-07-19 13:47:34', 'QUESTIONNAIRE_MIGRATION_2019'),
	(798, 12, 2, 399, 'Less than once a week', 0, '', '2019-07-19 13:47:34', 'QUESTIONNAIRE_MIGRATION_2019', '2019-07-19 13:47:34', 'QUESTIONNAIRE_MIGRATION_2019'),
	(799, 12, 1, 400, 'FR_', 0, '', '2019-07-19 13:47:34', 'QUESTIONNAIRE_MIGRATION_2019', '2019-07-19 13:47:34', 'QUESTIONNAIRE_MIGRATION_2019'),
	(800, 12, 2, 400, 'Never over the past 2 weeks', 0, '', '2019-07-19 13:47:34', 'QUESTIONNAIRE_MIGRATION_2019', '2019-07-19 13:47:34', 'QUESTIONNAIRE_MIGRATION_2019'),
	(801, 23, 1, 401, 'FR_', 0, '', '2019-07-19 13:47:34', 'QUESTIONNAIRE_MIGRATION_2019', '2019-07-19 13:47:34', 'QUESTIONNAIRE_MIGRATION_2019'),
	(802, 23, 2, 401, 'shortness of breath', 0, '', '2019-07-19 13:47:34', 'QUESTIONNAIRE_MIGRATION_2019', '2019-07-19 13:47:34', 'QUESTIONNAIRE_MIGRATION_2019'),
	(803, 23, 1, 402, 'FR_', 0, '', '2019-07-19 13:47:34', 'QUESTIONNAIRE_MIGRATION_2019', '2019-07-19 13:47:34', 'QUESTIONNAIRE_MIGRATION_2019'),
	(804, 23, 2, 402, 'shortness of breath', 0, '', '2019-07-19 13:47:34', 'QUESTIONNAIRE_MIGRATION_2019', '2019-07-19 13:47:34', 'QUESTIONNAIRE_MIGRATION_2019'),
	(805, 23, 1, 403, 'FR_', 0, '', '2019-07-19 13:47:34', 'QUESTIONNAIRE_MIGRATION_2019', '2019-07-19 13:47:34', 'QUESTIONNAIRE_MIGRATION_2019'),
	(806, 23, 2, 403, 'Over the past 2 weeks, on average, how many times has shortness of breath limited your ability to do what you\r\nwanted?', 0, '', '2019-07-19 13:47:34', 'QUESTIONNAIRE_MIGRATION_2019', '2019-07-19 13:47:34', 'QUESTIONNAIRE_MIGRATION_2019'),
	(807, 12, 1, 404, 'FR_', 0, '', '2019-07-19 13:47:34', 'QUESTIONNAIRE_MIGRATION_2019', '2019-07-19 13:47:34', 'QUESTIONNAIRE_MIGRATION_2019'),
	(808, 12, 2, 404, 'All of the time', 0, '', '2019-07-19 13:47:34', 'QUESTIONNAIRE_MIGRATION_2019', '2019-07-19 13:47:34', 'QUESTIONNAIRE_MIGRATION_2019'),
	(809, 12, 1, 405, 'FR_', 0, '', '2019-07-19 13:47:34', 'QUESTIONNAIRE_MIGRATION_2019', '2019-07-19 13:47:34', 'QUESTIONNAIRE_MIGRATION_2019'),
	(810, 12, 2, 405, 'Several times per day', 0, '', '2019-07-19 13:47:34', 'QUESTIONNAIRE_MIGRATION_2019', '2019-07-19 13:47:34', 'QUESTIONNAIRE_MIGRATION_2019'),
	(811, 12, 1, 406, 'FR_', 0, '', '2019-07-19 13:47:34', 'QUESTIONNAIRE_MIGRATION_2019', '2019-07-19 13:47:34', 'QUESTIONNAIRE_MIGRATION_2019'),
	(812, 12, 2, 406, 'At least once a day', 0, '', '2019-07-19 13:47:34', 'QUESTIONNAIRE_MIGRATION_2019', '2019-07-19 13:47:34', 'QUESTIONNAIRE_MIGRATION_2019'),
	(813, 12, 1, 407, 'FR_', 0, '', '2019-07-19 13:47:34', 'QUESTIONNAIRE_MIGRATION_2019', '2019-07-19 13:47:34', 'QUESTIONNAIRE_MIGRATION_2019'),
	(814, 12, 2, 407, '3 or more times per week but not every day', 0, '', '2019-07-19 13:47:34', 'QUESTIONNAIRE_MIGRATION_2019', '2019-07-19 13:47:34', 'QUESTIONNAIRE_MIGRATION_2019'),
	(815, 12, 1, 408, 'FR_', 0, '', '2019-07-19 13:47:34', 'QUESTIONNAIRE_MIGRATION_2019', '2019-07-19 13:47:34', 'QUESTIONNAIRE_MIGRATION_2019'),
	(816, 12, 2, 408, '1-2 times per week', 0, '', '2019-07-19 13:47:34', 'QUESTIONNAIRE_MIGRATION_2019', '2019-07-19 13:47:34', 'QUESTIONNAIRE_MIGRATION_2019'),
	(817, 12, 1, 409, 'FR_', 0, '', '2019-07-19 13:47:34', 'QUESTIONNAIRE_MIGRATION_2019', '2019-07-19 13:47:34', 'QUESTIONNAIRE_MIGRATION_2019'),
	(818, 12, 2, 409, 'Less than once a week', 0, '', '2019-07-19 13:47:34', 'QUESTIONNAIRE_MIGRATION_2019', '2019-07-19 13:47:34', 'QUESTIONNAIRE_MIGRATION_2019'),
	(819, 12, 1, 410, 'FR_', 0, '', '2019-07-19 13:47:34', 'QUESTIONNAIRE_MIGRATION_2019', '2019-07-19 13:47:34', 'QUESTIONNAIRE_MIGRATION_2019'),
	(820, 12, 2, 410, 'Never over the past 2 weeks', 0, '', '2019-07-19 13:47:34', 'QUESTIONNAIRE_MIGRATION_2019', '2019-07-19 13:47:34', 'QUESTIONNAIRE_MIGRATION_2019'),
	(821, 23, 1, 411, 'FR_', 0, '', '2019-07-19 13:47:34', 'QUESTIONNAIRE_MIGRATION_2019', '2019-07-19 13:47:34', 'QUESTIONNAIRE_MIGRATION_2019'),
	(822, 23, 2, 411, 'shortness of breath', 0, '', '2019-07-19 13:47:34', 'QUESTIONNAIRE_MIGRATION_2019', '2019-07-19 13:47:34', 'QUESTIONNAIRE_MIGRATION_2019'),
	(823, 23, 1, 412, 'FR_', 0, '', '2019-07-19 13:47:34', 'QUESTIONNAIRE_MIGRATION_2019', '2019-07-19 13:47:34', 'QUESTIONNAIRE_MIGRATION_2019'),
	(824, 23, 2, 412, 'shortness of breath', 0, '', '2019-07-19 13:47:34', 'QUESTIONNAIRE_MIGRATION_2019', '2019-07-19 13:47:34', 'QUESTIONNAIRE_MIGRATION_2019'),
	(825, 23, 1, 413, 'FR_', 0, '', '2019-07-19 13:47:34', 'QUESTIONNAIRE_MIGRATION_2019', '2019-07-19 13:47:34', 'QUESTIONNAIRE_MIGRATION_2019'),
	(826, 23, 2, 413, 'Over the past 2 weeks, on average, how many times have you been forced to sleep sitting up in a chair or with at\r\nleast 3 pillows to prop you up because of shortness of breath?', 0, '', '2019-07-19 13:47:34', 'QUESTIONNAIRE_MIGRATION_2019', '2019-07-19 13:47:34', 'QUESTIONNAIRE_MIGRATION_2019'),
	(827, 12, 1, 414, 'FR_', 0, '', '2019-07-19 13:47:34', 'QUESTIONNAIRE_MIGRATION_2019', '2019-07-19 13:47:34', 'QUESTIONNAIRE_MIGRATION_2019'),
	(828, 12, 2, 414, 'Every night', 0, '', '2019-07-19 13:47:34', 'QUESTIONNAIRE_MIGRATION_2019', '2019-07-19 13:47:34', 'QUESTIONNAIRE_MIGRATION_2019'),
	(829, 12, 1, 415, 'FR_', 0, '', '2019-07-19 13:47:34', 'QUESTIONNAIRE_MIGRATION_2019', '2019-07-19 13:47:34', 'QUESTIONNAIRE_MIGRATION_2019'),
	(830, 12, 2, 415, '3 or more times per week but not every day', 0, '', '2019-07-19 13:47:34', 'QUESTIONNAIRE_MIGRATION_2019', '2019-07-19 13:47:34', 'QUESTIONNAIRE_MIGRATION_2019'),
	(831, 12, 1, 416, 'FR_', 0, '', '2019-07-19 13:47:34', 'QUESTIONNAIRE_MIGRATION_2019', '2019-07-19 13:47:34', 'QUESTIONNAIRE_MIGRATION_2019'),
	(832, 12, 2, 416, '1-2 times per week', 0, '', '2019-07-19 13:47:34', 'QUESTIONNAIRE_MIGRATION_2019', '2019-07-19 13:47:34', 'QUESTIONNAIRE_MIGRATION_2019'),
	(833, 12, 1, 417, 'FR_', 0, '', '2019-07-19 13:47:34', 'QUESTIONNAIRE_MIGRATION_2019', '2019-07-19 13:47:34', 'QUESTIONNAIRE_MIGRATION_2019'),
	(834, 12, 2, 417, 'Less than once a week', 0, '', '2019-07-19 13:47:34', 'QUESTIONNAIRE_MIGRATION_2019', '2019-07-19 13:47:34', 'QUESTIONNAIRE_MIGRATION_2019'),
	(835, 12, 1, 418, 'FR_', 0, '', '2019-07-19 13:47:34', 'QUESTIONNAIRE_MIGRATION_2019', '2019-07-19 13:47:34', 'QUESTIONNAIRE_MIGRATION_2019'),
	(836, 12, 2, 418, 'Never over the past 2 weeks', 0, '', '2019-07-19 13:47:34', 'QUESTIONNAIRE_MIGRATION_2019', '2019-07-19 13:47:34', 'QUESTIONNAIRE_MIGRATION_2019'),
	(837, 23, 1, 419, 'FR_', 0, '', '2019-07-19 13:47:34', 'QUESTIONNAIRE_MIGRATION_2019', '2019-07-19 13:47:34', 'QUESTIONNAIRE_MIGRATION_2019'),
	(838, 23, 2, 419, 'heart failure', 0, '', '2019-07-19 13:47:34', 'QUESTIONNAIRE_MIGRATION_2019', '2019-07-19 13:47:34', 'QUESTIONNAIRE_MIGRATION_2019'),
	(839, 23, 1, 420, 'FR_', 0, '', '2019-07-19 13:47:34', 'QUESTIONNAIRE_MIGRATION_2019', '2019-07-19 13:47:34', 'QUESTIONNAIRE_MIGRATION_2019'),
	(840, 23, 2, 420, 'heart failure', 0, '', '2019-07-19 13:47:34', 'QUESTIONNAIRE_MIGRATION_2019', '2019-07-19 13:47:34', 'QUESTIONNAIRE_MIGRATION_2019'),
	(841, 23, 1, 421, 'FR_', 0, '', '2019-07-19 13:47:34', 'QUESTIONNAIRE_MIGRATION_2019', '2019-07-19 13:47:34', 'QUESTIONNAIRE_MIGRATION_2019'),
	(842, 23, 2, 421, 'Over the past 2 weeks, how much has your heart failure limited your enjoyment of life?', 0, '', '2019-07-19 13:47:34', 'QUESTIONNAIRE_MIGRATION_2019', '2019-07-19 13:47:34', 'QUESTIONNAIRE_MIGRATION_2019'),
	(843, 12, 1, 422, 'FR_', 0, '', '2019-07-19 13:47:34', 'QUESTIONNAIRE_MIGRATION_2019', '2019-07-19 13:47:34', 'QUESTIONNAIRE_MIGRATION_2019'),
	(844, 12, 2, 422, 'It has extremely limited my enjoyment of life', 0, '', '2019-07-19 13:47:34', 'QUESTIONNAIRE_MIGRATION_2019', '2019-07-19 13:47:34', 'QUESTIONNAIRE_MIGRATION_2019'),
	(845, 12, 1, 423, 'FR_', 0, '', '2019-07-19 13:47:34', 'QUESTIONNAIRE_MIGRATION_2019', '2019-07-19 13:47:34', 'QUESTIONNAIRE_MIGRATION_2019'),
	(846, 12, 2, 423, 'It has limited my enjoyment of life quite a bit', 0, '', '2019-07-19 13:47:34', 'QUESTIONNAIRE_MIGRATION_2019', '2019-07-19 13:47:34', 'QUESTIONNAIRE_MIGRATION_2019'),
	(847, 12, 1, 424, 'FR_', 0, '', '2019-07-19 13:47:34', 'QUESTIONNAIRE_MIGRATION_2019', '2019-07-19 13:47:34', 'QUESTIONNAIRE_MIGRATION_2019'),
	(848, 12, 2, 424, 'It has moderately limited my enjoyment of life', 0, '', '2019-07-19 13:47:34', 'QUESTIONNAIRE_MIGRATION_2019', '2019-07-19 13:47:34', 'QUESTIONNAIRE_MIGRATION_2019'),
	(849, 12, 1, 425, 'FR_', 0, '', '2019-07-19 13:47:34', 'QUESTIONNAIRE_MIGRATION_2019', '2019-07-19 13:47:34', 'QUESTIONNAIRE_MIGRATION_2019'),
	(850, 12, 2, 425, 'It has slightly limited my enjoyment of life', 0, '', '2019-07-19 13:47:34', 'QUESTIONNAIRE_MIGRATION_2019', '2019-07-19 13:47:34', 'QUESTIONNAIRE_MIGRATION_2019'),
	(851, 12, 1, 426, 'FR_', 0, '', '2019-07-19 13:47:34', 'QUESTIONNAIRE_MIGRATION_2019', '2019-07-19 13:47:34', 'QUESTIONNAIRE_MIGRATION_2019'),
	(852, 12, 2, 426, 'It has not limited my enjoyment of life at all', 0, '', '2019-07-19 13:47:34', 'QUESTIONNAIRE_MIGRATION_2019', '2019-07-19 13:47:34', 'QUESTIONNAIRE_MIGRATION_2019'),
	(853, 23, 1, 427, 'FR_', 0, '', '2019-07-19 13:47:34', 'QUESTIONNAIRE_MIGRATION_2019', '2019-07-19 13:47:34', 'QUESTIONNAIRE_MIGRATION_2019'),
	(854, 23, 2, 427, 'heart failure', 0, '', '2019-07-19 13:47:34', 'QUESTIONNAIRE_MIGRATION_2019', '2019-07-19 13:47:34', 'QUESTIONNAIRE_MIGRATION_2019'),
	(855, 23, 1, 428, 'FR_', 0, '', '2019-07-19 13:47:34', 'QUESTIONNAIRE_MIGRATION_2019', '2019-07-19 13:47:34', 'QUESTIONNAIRE_MIGRATION_2019'),
	(856, 23, 2, 428, 'heart failure', 0, '', '2019-07-19 13:47:34', 'QUESTIONNAIRE_MIGRATION_2019', '2019-07-19 13:47:34', 'QUESTIONNAIRE_MIGRATION_2019'),
	(857, 23, 1, 429, 'FR_', 0, '', '2019-07-19 13:47:34', 'QUESTIONNAIRE_MIGRATION_2019', '2019-07-19 13:47:34', 'QUESTIONNAIRE_MIGRATION_2019'),
	(858, 23, 2, 429, 'If you had to spend the rest of your life with your heart failure the way it is right now, how would you feel about this?', 0, '', '2019-07-19 13:47:34', 'QUESTIONNAIRE_MIGRATION_2019', '2019-07-19 13:47:34', 'QUESTIONNAIRE_MIGRATION_2019'),
	(859, 12, 1, 430, 'FR_', 0, '', '2019-07-19 13:47:34', 'QUESTIONNAIRE_MIGRATION_2019', '2019-07-19 13:47:34', 'QUESTIONNAIRE_MIGRATION_2019'),
	(860, 12, 2, 430, 'Not at all satisfied', 0, '', '2019-07-19 13:47:34', 'QUESTIONNAIRE_MIGRATION_2019', '2019-07-19 13:47:34', 'QUESTIONNAIRE_MIGRATION_2019'),
	(861, 12, 1, 431, 'FR_', 0, '', '2019-07-19 13:47:34', 'QUESTIONNAIRE_MIGRATION_2019', '2019-07-19 13:47:34', 'QUESTIONNAIRE_MIGRATION_2019'),
	(862, 12, 2, 431, 'Mostly dissatisfied', 0, '', '2019-07-19 13:47:34', 'QUESTIONNAIRE_MIGRATION_2019', '2019-07-19 13:47:34', 'QUESTIONNAIRE_MIGRATION_2019'),
	(863, 12, 1, 432, 'FR_', 0, '', '2019-07-19 13:47:34', 'QUESTIONNAIRE_MIGRATION_2019', '2019-07-19 13:47:34', 'QUESTIONNAIRE_MIGRATION_2019'),
	(864, 12, 2, 432, 'Somewhat satisfied', 0, '', '2019-07-19 13:47:34', 'QUESTIONNAIRE_MIGRATION_2019', '2019-07-19 13:47:34', 'QUESTIONNAIRE_MIGRATION_2019'),
	(865, 12, 1, 433, 'FR_', 0, '', '2019-07-19 13:47:34', 'QUESTIONNAIRE_MIGRATION_2019', '2019-07-19 13:47:34', 'QUESTIONNAIRE_MIGRATION_2019'),
	(866, 12, 2, 433, 'Mostly satisfied', 0, '', '2019-07-19 13:47:34', 'QUESTIONNAIRE_MIGRATION_2019', '2019-07-19 13:47:34', 'QUESTIONNAIRE_MIGRATION_2019'),
	(867, 12, 1, 434, 'FR_', 0, '', '2019-07-19 13:47:34', 'QUESTIONNAIRE_MIGRATION_2019', '2019-07-19 13:47:34', 'QUESTIONNAIRE_MIGRATION_2019'),
	(868, 12, 2, 434, 'Completely satisfied', 0, '', '2019-07-19 13:47:34', 'QUESTIONNAIRE_MIGRATION_2019', '2019-07-19 13:47:34', 'QUESTIONNAIRE_MIGRATION_2019'),
	(869, 23, 1, 435, 'FR_', 0, '', '2019-07-19 13:47:34', 'QUESTIONNAIRE_MIGRATION_2019', '2019-07-19 13:47:34', 'QUESTIONNAIRE_MIGRATION_2019'),
	(870, 23, 2, 435, 'heart failure', 0, '', '2019-07-19 13:47:34', 'QUESTIONNAIRE_MIGRATION_2019', '2019-07-19 13:47:34', 'QUESTIONNAIRE_MIGRATION_2019'),
	(871, 23, 1, 436, 'FR_', 0, '', '2019-07-19 13:47:34', 'QUESTIONNAIRE_MIGRATION_2019', '2019-07-19 13:47:34', 'QUESTIONNAIRE_MIGRATION_2019'),
	(872, 23, 2, 436, 'heart failure', 0, '', '2019-07-19 13:47:34', 'QUESTIONNAIRE_MIGRATION_2019', '2019-07-19 13:47:34', 'QUESTIONNAIRE_MIGRATION_2019'),
	(873, 23, 1, 437, 'FR_', 0, '', '2019-07-19 13:47:34', 'QUESTIONNAIRE_MIGRATION_2019', '2019-07-19 13:47:34', 'QUESTIONNAIRE_MIGRATION_2019'),
	(874, 23, 2, 437, 'Hobbies, recreational activities - How much does your heart failure affect your lifestyle? Please indicate how your heart failure may have limited your\r\nparticipation in the following activities over the past 2 weeks.', 0, '', '2019-07-19 13:47:34', 'QUESTIONNAIRE_MIGRATION_2019', '2019-07-19 13:47:34', 'QUESTIONNAIRE_MIGRATION_2019'),
	(875, 12, 1, 438, 'FR_', 0, '', '2019-07-19 13:47:34', 'QUESTIONNAIRE_MIGRATION_2019', '2019-07-19 13:47:34', 'QUESTIONNAIRE_MIGRATION_2019'),
	(876, 12, 2, 438, 'Severely Limited', 0, '', '2019-07-19 13:47:34', 'QUESTIONNAIRE_MIGRATION_2019', '2019-07-19 13:47:34', 'QUESTIONNAIRE_MIGRATION_2019'),
	(877, 12, 1, 439, 'FR_', 0, '', '2019-07-19 13:47:34', 'QUESTIONNAIRE_MIGRATION_2019', '2019-07-19 13:47:34', 'QUESTIONNAIRE_MIGRATION_2019'),
	(878, 12, 2, 439, 'Limited quite a bit', 0, '', '2019-07-19 13:47:34', 'QUESTIONNAIRE_MIGRATION_2019', '2019-07-19 13:47:34', 'QUESTIONNAIRE_MIGRATION_2019'),
	(879, 12, 1, 440, 'FR_', 0, '', '2019-07-19 13:47:34', 'QUESTIONNAIRE_MIGRATION_2019', '2019-07-19 13:47:34', 'QUESTIONNAIRE_MIGRATION_2019'),
	(880, 12, 2, 440, 'Moderately limited', 0, '', '2019-07-19 13:47:34', 'QUESTIONNAIRE_MIGRATION_2019', '2019-07-19 13:47:34', 'QUESTIONNAIRE_MIGRATION_2019'),
	(881, 12, 1, 441, 'FR_', 0, '', '2019-07-19 13:47:34', 'QUESTIONNAIRE_MIGRATION_2019', '2019-07-19 13:47:34', 'QUESTIONNAIRE_MIGRATION_2019'),
	(882, 12, 2, 441, 'Slightly limited', 0, '', '2019-07-19 13:47:34', 'QUESTIONNAIRE_MIGRATION_2019', '2019-07-19 13:47:34', 'QUESTIONNAIRE_MIGRATION_2019'),
	(883, 12, 1, 442, 'FR_', 0, '', '2019-07-19 13:47:34', 'QUESTIONNAIRE_MIGRATION_2019', '2019-07-19 13:47:34', 'QUESTIONNAIRE_MIGRATION_2019'),
	(884, 12, 2, 442, 'Did not limit at all', 0, '', '2019-07-19 13:47:34', 'QUESTIONNAIRE_MIGRATION_2019', '2019-07-19 13:47:34', 'QUESTIONNAIRE_MIGRATION_2019'),
	(885, 12, 1, 443, 'FR_', 0, '', '2019-07-19 13:47:34', 'QUESTIONNAIRE_MIGRATION_2019', '2019-07-19 13:47:34', 'QUESTIONNAIRE_MIGRATION_2019'),
	(886, 12, 2, 443, 'Does not apply or did not do for other reasons', 0, '', '2019-07-19 13:47:34', 'QUESTIONNAIRE_MIGRATION_2019', '2019-07-19 13:47:34', 'QUESTIONNAIRE_MIGRATION_2019'),
	(887, 23, 1, 444, 'FR_', 0, '', '2019-07-19 13:47:34', 'QUESTIONNAIRE_MIGRATION_2019', '2019-07-19 13:47:34', 'QUESTIONNAIRE_MIGRATION_2019'),
	(888, 23, 2, 444, 'heart failure', 0, '', '2019-07-19 13:47:34', 'QUESTIONNAIRE_MIGRATION_2019', '2019-07-19 13:47:34', 'QUESTIONNAIRE_MIGRATION_2019'),
	(889, 23, 1, 445, 'FR_', 0, '', '2019-07-19 13:47:34', 'QUESTIONNAIRE_MIGRATION_2019', '2019-07-19 13:47:34', 'QUESTIONNAIRE_MIGRATION_2019'),
	(890, 23, 2, 445, 'heart failure', 0, '', '2019-07-19 13:47:34', 'QUESTIONNAIRE_MIGRATION_2019', '2019-07-19 13:47:34', 'QUESTIONNAIRE_MIGRATION_2019'),
	(891, 23, 1, 446, 'FR_', 0, '', '2019-07-19 13:47:34', 'QUESTIONNAIRE_MIGRATION_2019', '2019-07-19 13:47:34', 'QUESTIONNAIRE_MIGRATION_2019'),
	(892, 23, 2, 446, 'Working or doing household chores - How much does your heart failure affect your lifestyle? Please indicate how your heart failure may have limited your\r\nparticipation in the following activities over the past 2 weeks.', 0, '', '2019-07-19 13:47:34', 'QUESTIONNAIRE_MIGRATION_2019', '2019-07-19 13:47:34', 'QUESTIONNAIRE_MIGRATION_2019'),
	(893, 12, 1, 447, 'FR_', 0, '', '2019-07-19 13:47:34', 'QUESTIONNAIRE_MIGRATION_2019', '2019-07-19 13:47:34', 'QUESTIONNAIRE_MIGRATION_2019'),
	(894, 12, 2, 447, 'Severely Limited', 0, '', '2019-07-19 13:47:34', 'QUESTIONNAIRE_MIGRATION_2019', '2019-07-19 13:47:34', 'QUESTIONNAIRE_MIGRATION_2019'),
	(895, 12, 1, 448, 'FR_', 0, '', '2019-07-19 13:47:34', 'QUESTIONNAIRE_MIGRATION_2019', '2019-07-19 13:47:34', 'QUESTIONNAIRE_MIGRATION_2019'),
	(896, 12, 2, 448, 'Limited quite a bit', 0, '', '2019-07-19 13:47:34', 'QUESTIONNAIRE_MIGRATION_2019', '2019-07-19 13:47:34', 'QUESTIONNAIRE_MIGRATION_2019'),
	(897, 12, 1, 449, 'FR_', 0, '', '2019-07-19 13:47:34', 'QUESTIONNAIRE_MIGRATION_2019', '2019-07-19 13:47:34', 'QUESTIONNAIRE_MIGRATION_2019'),
	(898, 12, 2, 449, 'Moderately limited', 0, '', '2019-07-19 13:47:34', 'QUESTIONNAIRE_MIGRATION_2019', '2019-07-19 13:47:34', 'QUESTIONNAIRE_MIGRATION_2019'),
	(899, 12, 1, 450, 'FR_', 0, '', '2019-07-19 13:47:34', 'QUESTIONNAIRE_MIGRATION_2019', '2019-07-19 13:47:34', 'QUESTIONNAIRE_MIGRATION_2019'),
	(900, 12, 2, 450, 'Slightly limited', 0, '', '2019-07-19 13:47:34', 'QUESTIONNAIRE_MIGRATION_2019', '2019-07-19 13:47:34', 'QUESTIONNAIRE_MIGRATION_2019'),
	(901, 12, 1, 451, 'FR_', 0, '', '2019-07-19 13:47:34', 'QUESTIONNAIRE_MIGRATION_2019', '2019-07-19 13:47:34', 'QUESTIONNAIRE_MIGRATION_2019'),
	(902, 12, 2, 451, 'Did not limit at all', 0, '', '2019-07-19 13:47:34', 'QUESTIONNAIRE_MIGRATION_2019', '2019-07-19 13:47:34', 'QUESTIONNAIRE_MIGRATION_2019'),
	(903, 12, 1, 452, 'FR_', 0, '', '2019-07-19 13:47:34', 'QUESTIONNAIRE_MIGRATION_2019', '2019-07-19 13:47:34', 'QUESTIONNAIRE_MIGRATION_2019'),
	(904, 12, 2, 452, 'Does not apply or did not do for other reasons', 0, '', '2019-07-19 13:47:34', 'QUESTIONNAIRE_MIGRATION_2019', '2019-07-19 13:47:34', 'QUESTIONNAIRE_MIGRATION_2019'),
	(905, 23, 1, 453, 'FR_', 0, '', '2019-07-19 13:47:34', 'QUESTIONNAIRE_MIGRATION_2019', '2019-07-19 13:47:34', 'QUESTIONNAIRE_MIGRATION_2019'),
	(906, 23, 2, 453, 'heart failure', 0, '', '2019-07-19 13:47:34', 'QUESTIONNAIRE_MIGRATION_2019', '2019-07-19 13:47:34', 'QUESTIONNAIRE_MIGRATION_2019'),
	(907, 23, 1, 454, 'FR_', 0, '', '2019-07-19 13:47:34', 'QUESTIONNAIRE_MIGRATION_2019', '2019-07-19 13:47:34', 'QUESTIONNAIRE_MIGRATION_2019'),
	(908, 23, 2, 454, 'heart failure', 0, '', '2019-07-19 13:47:34', 'QUESTIONNAIRE_MIGRATION_2019', '2019-07-19 13:47:34', 'QUESTIONNAIRE_MIGRATION_2019'),
	(909, 23, 1, 455, 'FR_', 0, '', '2019-07-19 13:47:34', 'QUESTIONNAIRE_MIGRATION_2019', '2019-07-19 13:47:34', 'QUESTIONNAIRE_MIGRATION_2019'),
	(910, 23, 2, 455, 'Visiting family or friends out of your home - How much does your heart failure affect your lifestyle? Please indicate how your heart failure may have limited your\r\nparticipation in the following activities over the past 2 weeks.', 0, '', '2019-07-19 13:47:34', 'QUESTIONNAIRE_MIGRATION_2019', '2019-07-19 13:47:34', 'QUESTIONNAIRE_MIGRATION_2019'),
	(911, 12, 1, 456, 'FR_', 0, '', '2019-07-19 13:47:34', 'QUESTIONNAIRE_MIGRATION_2019', '2019-07-19 13:47:34', 'QUESTIONNAIRE_MIGRATION_2019'),
	(912, 12, 2, 456, 'Severely Limited', 0, '', '2019-07-19 13:47:34', 'QUESTIONNAIRE_MIGRATION_2019', '2019-07-19 13:47:34', 'QUESTIONNAIRE_MIGRATION_2019'),
	(913, 12, 1, 457, 'FR_', 0, '', '2019-07-19 13:47:34', 'QUESTIONNAIRE_MIGRATION_2019', '2019-07-19 13:47:34', 'QUESTIONNAIRE_MIGRATION_2019'),
	(914, 12, 2, 457, 'Limited quite a bit', 0, '', '2019-07-19 13:47:34', 'QUESTIONNAIRE_MIGRATION_2019', '2019-07-19 13:47:34', 'QUESTIONNAIRE_MIGRATION_2019'),
	(915, 12, 1, 458, 'FR_', 0, '', '2019-07-19 13:47:34', 'QUESTIONNAIRE_MIGRATION_2019', '2019-07-19 13:47:34', 'QUESTIONNAIRE_MIGRATION_2019'),
	(916, 12, 2, 458, 'Moderately limited', 0, '', '2019-07-19 13:47:34', 'QUESTIONNAIRE_MIGRATION_2019', '2019-07-19 13:47:34', 'QUESTIONNAIRE_MIGRATION_2019'),
	(917, 12, 1, 459, 'FR_', 0, '', '2019-07-19 13:47:34', 'QUESTIONNAIRE_MIGRATION_2019', '2019-07-19 13:47:34', 'QUESTIONNAIRE_MIGRATION_2019'),
	(918, 12, 2, 459, 'Slightly limited', 0, '', '2019-07-19 13:47:34', 'QUESTIONNAIRE_MIGRATION_2019', '2019-07-19 13:47:34', 'QUESTIONNAIRE_MIGRATION_2019'),
	(919, 12, 1, 460, 'FR_', 0, '', '2019-07-19 13:47:34', 'QUESTIONNAIRE_MIGRATION_2019', '2019-07-19 13:47:34', 'QUESTIONNAIRE_MIGRATION_2019'),
	(920, 12, 2, 460, 'Did not limit at all', 0, '', '2019-07-19 13:47:34', 'QUESTIONNAIRE_MIGRATION_2019', '2019-07-19 13:47:34', 'QUESTIONNAIRE_MIGRATION_2019'),
	(921, 12, 1, 461, 'FR_', 0, '', '2019-07-19 13:47:34', 'QUESTIONNAIRE_MIGRATION_2019', '2019-07-19 13:47:34', 'QUESTIONNAIRE_MIGRATION_2019'),
	(922, 12, 2, 461, 'Does not apply or did not do for other reasons', 0, '', '2019-07-19 13:47:34', 'QUESTIONNAIRE_MIGRATION_2019', '2019-07-19 13:47:34', 'QUESTIONNAIRE_MIGRATION_2019'),
	(923, 27, 1, 462, 'Aidez-nous  concevoir OpalCare V1', 0, '', '2019-07-19 13:47:34', 'QUESTIONNAIRE_MIGRATION_2019', '2019-07-19 13:47:34', 'QUESTIONNAIRE_MIGRATION_2019'),
	(924, 27, 2, 462, 'Help Us Design OpalCare V1', 0, '', '2019-07-19 13:47:34', 'QUESTIONNAIRE_MIGRATION_2019', '2019-07-19 13:47:34', 'QUESTIONNAIRE_MIGRATION_2019'),
	(925, 32, 1, 463, 'FR_', 0, '', '2019-07-19 13:47:34', 'QUESTIONNAIRE_MIGRATION_2019', '2019-07-19 13:47:34', 'QUESTIONNAIRE_MIGRATION_2019'),
	(926, 32, 2, 463, 'Number of caregivers', 0, '', '2019-07-19 13:47:34', 'QUESTIONNAIRE_MIGRATION_2019', '2019-07-19 13:47:34', 'QUESTIONNAIRE_MIGRATION_2019'),
	(927, 23, 1, 464, 'Nombre de proches aidants', 0, '', '2019-07-19 13:47:34', 'QUESTIONNAIRE_MIGRATION_2019', '2019-07-19 13:47:34', 'QUESTIONNAIRE_MIGRATION_2019'),
	(928, 23, 2, 464, 'Number of caregivers', 0, '', '2019-07-19 13:47:34', 'QUESTIONNAIRE_MIGRATION_2019', '2019-07-19 13:47:34', 'QUESTIONNAIRE_MIGRATION_2019'),
	(929, 23, 1, 465, 'FR_', 0, '', '2019-07-19 13:47:34', 'QUESTIONNAIRE_MIGRATION_2019', '2019-07-19 13:47:34', 'QUESTIONNAIRE_MIGRATION_2019'),
	(930, 23, 2, 465, 'Number of caregivers', 0, '', '2019-07-19 13:47:34', 'QUESTIONNAIRE_MIGRATION_2019', '2019-07-19 13:47:34', 'QUESTIONNAIRE_MIGRATION_2019'),
	(931, 23, 1, 466, 'Dans l\'espace ci-dessous, veuillez indiquer le nombre de proches aidants (membre de la famille, ami, voisin, etc.) que vous avez (0, 1, 2, etc.). Si vous n\'en avez pas, veuillez rpondre au reste du questionnaire comme si vous aviez un proche aidant.', 0, '', '2019-07-19 13:47:34', 'QUESTIONNAIRE_MIGRATION_2019', '2019-07-19 13:47:34', 'QUESTIONNAIRE_MIGRATION_2019'),
	(932, 23, 2, 466, 'In the space below, please indicate the number of personal caregivers (ie. family member, friend, neighbour) that you have (0, 1, 2, etc.). If you have none, please answer the rest of this questionnaire as if you had a personal caregiver.', 0, '', '2019-07-19 13:47:34', 'QUESTIONNAIRE_MIGRATION_2019', '2019-07-19 13:47:34', 'QUESTIONNAIRE_MIGRATION_2019'),
	(933, 23, 1, 467, 'Lien avec proches aidants', 0, '', '2019-07-19 13:47:34', 'QUESTIONNAIRE_MIGRATION_2019', '2019-07-19 13:47:34', 'QUESTIONNAIRE_MIGRATION_2019'),
	(934, 23, 2, 467, 'Relationship with caregivers', 0, '', '2019-07-19 13:47:34', 'QUESTIONNAIRE_MIGRATION_2019', '2019-07-19 13:47:34', 'QUESTIONNAIRE_MIGRATION_2019'),
	(935, 23, 1, 468, 'FR_', 0, '', '2019-07-19 13:47:34', 'QUESTIONNAIRE_MIGRATION_2019', '2019-07-19 13:47:34', 'QUESTIONNAIRE_MIGRATION_2019'),
	(936, 23, 2, 468, 'Relationship with caregivers', 0, '', '2019-07-19 13:47:34', 'QUESTIONNAIRE_MIGRATION_2019', '2019-07-19 13:47:34', 'QUESTIONNAIRE_MIGRATION_2019'),
	(937, 23, 1, 469, 'Si dans la question prcdente, vous avez indiqu que vous aviez un ou plusieurs proches aidants, veuillez indiquer ci-dessous votre relation avec chacun d\'eux (mon proche aidant est mon ou ma conjoint(e), partenaire, parent, enfant, ami(e), etc.). Si vous n\'en avez pas, veuillez crire  Aucun  dans l\'espace ci-dessous.', 0, '', '2019-07-19 13:47:34', 'QUESTIONNAIRE_MIGRATION_2019', '2019-07-19 13:47:34', 'QUESTIONNAIRE_MIGRATION_2019'),
	(938, 23, 2, 469, 'If in the previous question you indicated that you have one or more personal caregivers, in the space below, please state your relationship with each of them (my caregiver is my spouse, partner, parent, child, friend, etc.). If you have none, please write "None" in the space below.', 0, '', '2019-07-19 13:47:34', 'QUESTIONNAIRE_MIGRATION_2019', '2019-07-19 13:47:34', 'QUESTIONNAIRE_MIGRATION_2019'),
	(939, 23, 1, 470, 'Rendez-vous', 0, '', '2019-07-19 13:47:34', 'QUESTIONNAIRE_MIGRATION_2019', '2019-07-19 13:47:34', 'QUESTIONNAIRE_MIGRATION_2019'),
	(940, 23, 2, 470, 'Appointments', 0, '', '2019-07-19 13:47:34', 'QUESTIONNAIRE_MIGRATION_2019', '2019-07-19 13:47:34', 'QUESTIONNAIRE_MIGRATION_2019'),
	(941, 23, 1, 471, 'FR_', 0, '', '2019-07-19 13:47:34', 'QUESTIONNAIRE_MIGRATION_2019', '2019-07-19 13:47:34', 'QUESTIONNAIRE_MIGRATION_2019'),
	(942, 23, 2, 471, 'Appointments', 0, '', '2019-07-19 13:47:34', 'QUESTIONNAIRE_MIGRATION_2019', '2019-07-19 13:47:34', 'QUESTIONNAIRE_MIGRATION_2019'),
	(943, 23, 1, 472, 'Veuillez valuer votre niveau dintrt  pouvoir partager vos <b>rendez-vous</b> avec vos proches aidants.', 0, '', '2019-07-19 13:47:34', 'QUESTIONNAIRE_MIGRATION_2019', '2019-07-19 13:47:34', 'QUESTIONNAIRE_MIGRATION_2019'),
	(944, 23, 2, 472, 'Please rate your interest level in being able to share your <b>appointments</b> with your personal caregiver(s).', 0, '', '2019-07-19 13:47:34', 'QUESTIONNAIRE_MIGRATION_2019', '2019-07-19 13:47:34', 'QUESTIONNAIRE_MIGRATION_2019'),
	(945, 33, 1, 473, 'Pas du tout intress(e)', 0, '', '2019-07-19 13:47:34', 'QUESTIONNAIRE_MIGRATION_2019', '2019-07-19 13:47:34', 'QUESTIONNAIRE_MIGRATION_2019'),
	(946, 33, 2, 473, 'Not at all interested', 0, '', '2019-07-19 13:47:34', 'QUESTIONNAIRE_MIGRATION_2019', '2019-07-19 13:47:34', 'QUESTIONNAIRE_MIGRATION_2019'),
	(947, 33, 1, 474, 'Trs intress(e)', 0, '', '2019-07-19 13:47:34', 'QUESTIONNAIRE_MIGRATION_2019', '2019-07-19 13:47:34', 'QUESTIONNAIRE_MIGRATION_2019'),
	(948, 33, 2, 474, 'Very interested', 0, '', '2019-07-19 13:47:34', 'QUESTIONNAIRE_MIGRATION_2019', '2019-07-19 13:47:34', 'QUESTIONNAIRE_MIGRATION_2019'),
	(949, 23, 1, 475, 'Rsultats de tests sanguins', 0, '', '2019-07-19 13:47:34', 'QUESTIONNAIRE_MIGRATION_2019', '2019-07-19 13:47:34', 'QUESTIONNAIRE_MIGRATION_2019'),
	(950, 23, 2, 475, 'Blood test results', 0, '', '2019-07-19 13:47:34', 'QUESTIONNAIRE_MIGRATION_2019', '2019-07-19 13:47:34', 'QUESTIONNAIRE_MIGRATION_2019'),
	(951, 23, 1, 476, 'FR_', 0, '', '2019-07-19 13:47:34', 'QUESTIONNAIRE_MIGRATION_2019', '2019-07-19 13:47:34', 'QUESTIONNAIRE_MIGRATION_2019'),
	(952, 23, 2, 476, 'Blood test results', 0, '', '2019-07-19 13:47:34', 'QUESTIONNAIRE_MIGRATION_2019', '2019-07-19 13:47:34', 'QUESTIONNAIRE_MIGRATION_2019'),
	(953, 23, 1, 477, 'Veuillez valuer votre niveau dintrt  pouvoir partager vos <b>rsultats de tests sanguins</b> avec vos proches aidants.', 0, '', '2019-07-19 13:47:34', 'QUESTIONNAIRE_MIGRATION_2019', '2019-07-19 13:47:34', 'QUESTIONNAIRE_MIGRATION_2019'),
	(954, 23, 2, 477, 'Please rate your interest level in being able to share your <b>blood test results</b> with your personal caregiver(s).', 0, '', '2019-07-19 13:47:34', 'QUESTIONNAIRE_MIGRATION_2019', '2019-07-19 13:47:34', 'QUESTIONNAIRE_MIGRATION_2019'),
	(955, 33, 1, 478, 'Pas du tout intress(e)', 0, '', '2019-07-19 13:47:34', 'QUESTIONNAIRE_MIGRATION_2019', '2019-07-19 13:47:34', 'QUESTIONNAIRE_MIGRATION_2019'),
	(956, 33, 2, 478, 'Not at all interested', 0, '', '2019-07-19 13:47:34', 'QUESTIONNAIRE_MIGRATION_2019', '2019-07-19 13:47:34', 'QUESTIONNAIRE_MIGRATION_2019'),
	(957, 33, 1, 479, 'Trs intress(e)', 0, '', '2019-07-19 13:47:34', 'QUESTIONNAIRE_MIGRATION_2019', '2019-07-19 13:47:34', 'QUESTIONNAIRE_MIGRATION_2019'),
	(958, 33, 2, 479, 'Very interested', 0, '', '2019-07-19 13:47:34', 'QUESTIONNAIRE_MIGRATION_2019', '2019-07-19 13:47:34', 'QUESTIONNAIRE_MIGRATION_2019'),
	(959, 23, 1, 480, 'Notes cliniques', 0, '', '2019-07-19 13:47:34', 'QUESTIONNAIRE_MIGRATION_2019', '2019-07-19 13:47:34', 'QUESTIONNAIRE_MIGRATION_2019'),
	(960, 23, 2, 480, 'Clinical notes', 0, '', '2019-07-19 13:47:34', 'QUESTIONNAIRE_MIGRATION_2019', '2019-07-19 13:47:34', 'QUESTIONNAIRE_MIGRATION_2019'),
	(961, 23, 1, 481, 'FR_', 0, '', '2019-07-19 13:47:34', 'QUESTIONNAIRE_MIGRATION_2019', '2019-07-19 13:47:34', 'QUESTIONNAIRE_MIGRATION_2019'),
	(962, 23, 2, 481, 'Clinical notes', 0, '', '2019-07-19 13:47:34', 'QUESTIONNAIRE_MIGRATION_2019', '2019-07-19 13:47:34', 'QUESTIONNAIRE_MIGRATION_2019'),
	(963, 23, 1, 482, 'Veuillez valuer votre niveau dintrt  pouvoir partager vos <b>notes cliniques</b> (par exemple, notes de consultation et de fin de traitement rdiges par vos mdecins) avec vos proches aidants.', 0, '', '2019-07-19 13:47:34', 'QUESTIONNAIRE_MIGRATION_2019', '2019-07-19 13:47:34', 'QUESTIONNAIRE_MIGRATION_2019'),
	(964, 23, 2, 482, 'Please rate your interest level in being able to share your <b>clinical notes</b> (e.g. radiotherapy consultation and end-of-treatment notes written by your doctor(s)) with your personal caregiver(s).', 0, '', '2019-07-19 13:47:34', 'QUESTIONNAIRE_MIGRATION_2019', '2019-07-19 13:47:34', 'QUESTIONNAIRE_MIGRATION_2019'),
	(965, 33, 1, 483, 'Pas du tout intress(e)', 0, '', '2019-07-19 13:47:34', 'QUESTIONNAIRE_MIGRATION_2019', '2019-07-19 13:47:34', 'QUESTIONNAIRE_MIGRATION_2019'),
	(966, 33, 2, 483, 'Not at all interested', 0, '', '2019-07-19 13:47:34', 'QUESTIONNAIRE_MIGRATION_2019', '2019-07-19 13:47:34', 'QUESTIONNAIRE_MIGRATION_2019'),
	(967, 33, 1, 484, 'Trs intress(e)', 0, '', '2019-07-19 13:47:34', 'QUESTIONNAIRE_MIGRATION_2019', '2019-07-19 13:47:34', 'QUESTIONNAIRE_MIGRATION_2019'),
	(968, 33, 2, 484, 'Very interested', 0, '', '2019-07-19 13:47:34', 'QUESTIONNAIRE_MIGRATION_2019', '2019-07-19 13:47:34', 'QUESTIONNAIRE_MIGRATION_2019'),
	(969, 23, 1, 485, 'Matriel ducatif', 0, '', '2019-07-19 13:47:34', 'QUESTIONNAIRE_MIGRATION_2019', '2019-07-19 13:47:34', 'QUESTIONNAIRE_MIGRATION_2019'),
	(970, 23, 2, 485, 'Educational material', 0, '', '2019-07-19 13:47:34', 'QUESTIONNAIRE_MIGRATION_2019', '2019-07-19 13:47:34', 'QUESTIONNAIRE_MIGRATION_2019'),
	(971, 23, 1, 486, 'FR_', 0, '', '2019-07-19 13:47:34', 'QUESTIONNAIRE_MIGRATION_2019', '2019-07-19 13:47:34', 'QUESTIONNAIRE_MIGRATION_2019'),
	(972, 23, 2, 486, 'Educational material', 0, '', '2019-07-19 13:47:34', 'QUESTIONNAIRE_MIGRATION_2019', '2019-07-19 13:47:34', 'QUESTIONNAIRE_MIGRATION_2019'),
	(973, 23, 1, 487, 'Veuillez valuer votre niveau dintrt  pouvoir partager du <b>matriel ducatif</b> spcifique  votre diagnostic avec vos proches aidants.', 0, '', '2019-07-19 13:47:34', 'QUESTIONNAIRE_MIGRATION_2019', '2019-07-19 13:47:34', 'QUESTIONNAIRE_MIGRATION_2019'),
	(974, 23, 2, 487, 'Please rate your interest level in being able to share <b>educational material</b> specific to your medical condition with your personal caregiver(s).', 0, '', '2019-07-19 13:47:34', 'QUESTIONNAIRE_MIGRATION_2019', '2019-07-19 13:47:34', 'QUESTIONNAIRE_MIGRATION_2019'),
	(975, 33, 1, 488, 'Pas du tout intress(e)', 0, '', '2019-07-19 13:47:34', 'QUESTIONNAIRE_MIGRATION_2019', '2019-07-19 13:47:34', 'QUESTIONNAIRE_MIGRATION_2019'),
	(976, 33, 2, 488, 'Not at all interested', 0, '', '2019-07-19 13:47:34', 'QUESTIONNAIRE_MIGRATION_2019', '2019-07-19 13:47:34', 'QUESTIONNAIRE_MIGRATION_2019'),
	(977, 33, 1, 489, 'Trs intress(e)', 0, '', '2019-07-19 13:47:34', 'QUESTIONNAIRE_MIGRATION_2019', '2019-07-19 13:47:34', 'QUESTIONNAIRE_MIGRATION_2019'),
	(978, 33, 2, 489, 'Very interested', 0, '', '2019-07-19 13:47:34', 'QUESTIONNAIRE_MIGRATION_2019', '2019-07-19 13:47:34', 'QUESTIONNAIRE_MIGRATION_2019'),
	(979, 23, 1, 490, 'Messagerie scurise', 0, '', '2019-07-19 13:47:34', 'QUESTIONNAIRE_MIGRATION_2019', '2019-07-19 13:47:34', 'QUESTIONNAIRE_MIGRATION_2019'),
	(980, 23, 2, 490, 'Secure messaging', 0, '', '2019-07-19 13:47:34', 'QUESTIONNAIRE_MIGRATION_2019', '2019-07-19 13:47:34', 'QUESTIONNAIRE_MIGRATION_2019'),
	(981, 23, 1, 491, 'FR_', 0, '', '2019-07-19 13:47:34', 'QUESTIONNAIRE_MIGRATION_2019', '2019-07-19 13:47:34', 'QUESTIONNAIRE_MIGRATION_2019'),
	(982, 23, 2, 491, 'Secure messaging', 0, '', '2019-07-19 13:47:34', 'QUESTIONNAIRE_MIGRATION_2019', '2019-07-19 13:47:34', 'QUESTIONNAIRE_MIGRATION_2019'),
	(983, 23, 1, 492, 'Souhaiteriez-vous pouvoir communiquer de manire scurise et prive avec vos proches aidants via un systme de messagerie scuris inclus <b>dans</b> OpalCare?', 0, '', '2019-07-19 13:47:34', 'QUESTIONNAIRE_MIGRATION_2019', '2019-07-19 13:47:34', 'QUESTIONNAIRE_MIGRATION_2019'),
	(984, 23, 2, 492, 'Would you like to be able to securely and privately communicate with your personal caregiver(s) via a secure messaging system <b>within</b> OpalCare?', 0, '', '2019-07-19 13:47:34', 'QUESTIONNAIRE_MIGRATION_2019', '2019-07-19 13:47:34', 'QUESTIONNAIRE_MIGRATION_2019'),
	(985, 31, 1, 493, 'Oui', 0, '', '2019-07-19 13:47:34', 'QUESTIONNAIRE_MIGRATION_2019', '2019-07-19 13:47:34', 'QUESTIONNAIRE_MIGRATION_2019'),
	(986, 31, 2, 493, 'Yes', 0, '', '2019-07-19 13:47:34', 'QUESTIONNAIRE_MIGRATION_2019', '2019-07-19 13:47:34', 'QUESTIONNAIRE_MIGRATION_2019'),
	(987, 31, 1, 494, 'Non', 0, '', '2019-07-19 13:47:34', 'QUESTIONNAIRE_MIGRATION_2019', '2019-07-19 13:47:34', 'QUESTIONNAIRE_MIGRATION_2019'),
	(988, 31, 2, 494, 'No', 0, '', '2019-07-19 13:47:34', 'QUESTIONNAIRE_MIGRATION_2019', '2019-07-19 13:47:34', 'QUESTIONNAIRE_MIGRATION_2019'),
	(989, 23, 1, 495, 'Suggestions', 0, '', '2019-07-19 13:47:34', 'QUESTIONNAIRE_MIGRATION_2019', '2019-07-19 13:47:34', 'QUESTIONNAIRE_MIGRATION_2019'),
	(990, 23, 2, 495, 'Suggestions', 0, '', '2019-07-19 13:47:34', 'QUESTIONNAIRE_MIGRATION_2019', '2019-07-19 13:47:34', 'QUESTIONNAIRE_MIGRATION_2019'),
	(991, 23, 1, 496, 'FR_', 0, '', '2019-07-19 13:47:34', 'QUESTIONNAIRE_MIGRATION_2019', '2019-07-19 13:47:34', 'QUESTIONNAIRE_MIGRATION_2019'),
	(992, 23, 2, 496, 'Suggestions', 0, '', '2019-07-19 13:47:34', 'QUESTIONNAIRE_MIGRATION_2019', '2019-07-19 13:47:34', 'QUESTIONNAIRE_MIGRATION_2019'),
	(993, 23, 1, 497, 'Dans l\'espace ci-dessous, veuillez lister les fonctionnalits supplmentaires que vous aimeriez voir disponibles dans l\'application OpalCare.', 0, '', '2019-07-19 13:47:34', 'QUESTIONNAIRE_MIGRATION_2019', '2019-07-19 13:47:34', 'QUESTIONNAIRE_MIGRATION_2019'),
	(994, 23, 2, 497, 'In the space below, please list any additional features that you would like to be made available in the OpalCare app.', 0, '', '2019-07-19 13:47:34', 'QUESTIONNAIRE_MIGRATION_2019', '2019-07-19 13:47:34', 'QUESTIONNAIRE_MIGRATION_2019'),
	(995, 27, 1, 498, 'Aidez-nous  concevoir OpalCare', 0, '', '2019-07-19 13:47:34', 'QUESTIONNAIRE_MIGRATION_2019', '2019-07-19 13:47:34', 'QUESTIONNAIRE_MIGRATION_2019'),
	(996, 27, 2, 498, 'Help Us Design OpalCare', 0, '', '2019-07-19 13:47:34', 'QUESTIONNAIRE_MIGRATION_2019', '2019-07-19 13:47:34', 'QUESTIONNAIRE_MIGRATION_2019'),
	(997, 32, 1, 499, 'FR_', 0, '', '2019-07-19 13:47:34', 'QUESTIONNAIRE_MIGRATION_2019', '2019-07-19 13:47:34', 'QUESTIONNAIRE_MIGRATION_2019'),
	(998, 32, 2, 499, 'Frequency of Opal use', 0, '', '2019-07-19 13:47:34', 'QUESTIONNAIRE_MIGRATION_2019', '2019-07-19 13:47:34', 'QUESTIONNAIRE_MIGRATION_2019'),
	(999, 23, 1, 500, 'Frquence d\'utilisation d\'Opal', 0, '', '2019-07-19 13:47:34', 'QUESTIONNAIRE_MIGRATION_2019', '2019-07-19 13:47:34', 'QUESTIONNAIRE_MIGRATION_2019'),
	(1000, 23, 2, 500, 'Frequency of Opal use', 0, '', '2019-07-19 13:47:34', 'QUESTIONNAIRE_MIGRATION_2019', '2019-07-19 13:47:34', 'QUESTIONNAIRE_MIGRATION_2019'),
	(1001, 23, 1, 501, 'FR_', 0, '', '2019-07-19 13:47:34', 'QUESTIONNAIRE_MIGRATION_2019', '2019-07-19 13:47:34', 'QUESTIONNAIRE_MIGRATION_2019'),
	(1002, 23, 2, 501, 'Frequency of Opal use', 0, '', '2019-07-19 13:47:34', 'QUESTIONNAIRE_MIGRATION_2019', '2019-07-19 13:47:34', 'QUESTIONNAIRE_MIGRATION_2019'),
	(1003, 23, 1, 502, ' quelle frquence utilisez-vous Opal?', 0, '', '2019-07-19 13:47:35', 'QUESTIONNAIRE_MIGRATION_2019', '2019-07-19 13:47:35', 'QUESTIONNAIRE_MIGRATION_2019'),
	(1004, 23, 2, 502, 'How often do you use Opal?', 0, '', '2019-07-19 13:47:35', 'QUESTIONNAIRE_MIGRATION_2019', '2019-07-19 13:47:35', 'QUESTIONNAIRE_MIGRATION_2019'),
	(1005, 33, 1, 503, 'Pas souvent', 0, '', '2019-07-19 13:47:35', 'QUESTIONNAIRE_MIGRATION_2019', '2019-07-19 13:47:35', 'QUESTIONNAIRE_MIGRATION_2019'),
	(1006, 33, 2, 503, 'Not often', 0, '', '2019-07-19 13:47:35', 'QUESTIONNAIRE_MIGRATION_2019', '2019-07-19 13:47:35', 'QUESTIONNAIRE_MIGRATION_2019'),
	(1007, 33, 1, 504, 'Trs souvent', 0, '', '2019-07-19 13:47:35', 'QUESTIONNAIRE_MIGRATION_2019', '2019-07-19 13:47:35', 'QUESTIONNAIRE_MIGRATION_2019'),
	(1008, 33, 2, 504, 'Very often', 0, '', '2019-07-19 13:47:35', 'QUESTIONNAIRE_MIGRATION_2019', '2019-07-19 13:47:35', 'QUESTIONNAIRE_MIGRATION_2019'),
	(1009, 23, 1, 505, 'Nombre de proches aidants', 0, '', '2019-07-19 13:47:35', 'QUESTIONNAIRE_MIGRATION_2019', '2019-07-19 13:47:35', 'QUESTIONNAIRE_MIGRATION_2019'),
	(1010, 23, 2, 505, 'Number of caregivers', 0, '', '2019-07-19 13:47:35', 'QUESTIONNAIRE_MIGRATION_2019', '2019-07-19 13:47:35', 'QUESTIONNAIRE_MIGRATION_2019'),
	(1011, 23, 1, 506, 'FR_', 0, '', '2019-07-19 13:47:35', 'QUESTIONNAIRE_MIGRATION_2019', '2019-07-19 13:47:35', 'QUESTIONNAIRE_MIGRATION_2019'),
	(1012, 23, 2, 506, 'Number of caregivers', 0, '', '2019-07-19 13:47:35', 'QUESTIONNAIRE_MIGRATION_2019', '2019-07-19 13:47:35', 'QUESTIONNAIRE_MIGRATION_2019'),
	(1013, 23, 1, 507, 'Dans l\'espace ci-dessous, veuillez indiquer le nombre de proches aidants (membre de la famille, ami, voisin, etc.) que vous avez (0, 1, 2, etc.). Si vous n\'en avez pas, veuillez rpondre au reste du questionnaire comme si vous aviez un proche aidant.', 0, '', '2019-07-19 13:47:35', 'QUESTIONNAIRE_MIGRATION_2019', '2019-07-19 13:47:35', 'QUESTIONNAIRE_MIGRATION_2019'),
	(1014, 23, 2, 507, 'In the space below, please indicate the number of personal caregivers (ie. family member, friend, neighbour) that you have (0, 1, 2, etc.). If you have none, please answer the rest of this questionnaire as if you had a personal caregiver.', 0, '', '2019-07-19 13:47:35', 'QUESTIONNAIRE_MIGRATION_2019', '2019-07-19 13:47:35', 'QUESTIONNAIRE_MIGRATION_2019'),
	(1015, 23, 1, 508, 'Lien avec proches aidants', 0, '', '2019-07-19 13:47:35', 'QUESTIONNAIRE_MIGRATION_2019', '2019-07-19 13:47:35', 'QUESTIONNAIRE_MIGRATION_2019'),
	(1016, 23, 2, 508, 'Relationship with caregivers', 0, '', '2019-07-19 13:47:35', 'QUESTIONNAIRE_MIGRATION_2019', '2019-07-19 13:47:35', 'QUESTIONNAIRE_MIGRATION_2019'),
	(1017, 23, 1, 509, 'FR_', 0, '', '2019-07-19 13:47:35', 'QUESTIONNAIRE_MIGRATION_2019', '2019-07-19 13:47:35', 'QUESTIONNAIRE_MIGRATION_2019'),
	(1018, 23, 2, 509, 'Relationship with caregivers', 0, '', '2019-07-19 13:47:35', 'QUESTIONNAIRE_MIGRATION_2019', '2019-07-19 13:47:35', 'QUESTIONNAIRE_MIGRATION_2019'),
	(1019, 23, 1, 510, 'Si dans la question prcdente, vous avez indiqu que vous aviez un ou plusieurs proches aidants, veuillez indiquer ci-dessous votre relation avec chacun d\'eux (mon proche aidant est mon ou ma conjoint(e), partenaire, parent, enfant, ami(e), etc.). Si vous n\'en avez pas, veuillez crire  Aucun  dans l\'espace ci-dessous.', 0, '', '2019-07-19 13:47:35', 'QUESTIONNAIRE_MIGRATION_2019', '2019-07-19 13:47:35', 'QUESTIONNAIRE_MIGRATION_2019'),
	(1020, 23, 2, 510, 'If in the previous question you indicated that you have one or more personal caregivers, in the space below, please state your relationship with each of them (my caregiver is my spouse, partner, parent, child, friend, etc.). If you have none, please write "None" in the space below.', 0, '', '2019-07-19 13:47:35', 'QUESTIONNAIRE_MIGRATION_2019', '2019-07-19 13:47:35', 'QUESTIONNAIRE_MIGRATION_2019'),
	(1021, 23, 1, 511, 'Rendez-vous', 0, '', '2019-07-19 13:47:35', 'QUESTIONNAIRE_MIGRATION_2019', '2019-07-19 13:47:35', 'QUESTIONNAIRE_MIGRATION_2019'),
	(1022, 23, 2, 511, 'Appointments', 0, '', '2019-07-19 13:47:35', 'QUESTIONNAIRE_MIGRATION_2019', '2019-07-19 13:47:35', 'QUESTIONNAIRE_MIGRATION_2019'),
	(1023, 23, 1, 512, 'FR_', 0, '', '2019-07-19 13:47:35', 'QUESTIONNAIRE_MIGRATION_2019', '2019-07-19 13:47:35', 'QUESTIONNAIRE_MIGRATION_2019'),
	(1024, 23, 2, 512, 'Appointments', 0, '', '2019-07-19 13:47:35', 'QUESTIONNAIRE_MIGRATION_2019', '2019-07-19 13:47:35', 'QUESTIONNAIRE_MIGRATION_2019'),
	(1025, 23, 1, 513, 'Veuillez valuer votre niveau dintrt  pouvoir partager vos <b>rendez-vous</b> avec vos proches aidants.', 0, '', '2019-07-19 13:47:35', 'QUESTIONNAIRE_MIGRATION_2019', '2019-07-19 13:47:35', 'QUESTIONNAIRE_MIGRATION_2019'),
	(1026, 23, 2, 513, 'Please rate your interest level in being able to share your <b>appointments</b> with your personal caregiver(s).', 0, '', '2019-07-19 13:47:35', 'QUESTIONNAIRE_MIGRATION_2019', '2019-07-19 13:47:35', 'QUESTIONNAIRE_MIGRATION_2019'),
	(1027, 33, 1, 514, 'Pas du tout intress(e)', 0, '', '2019-07-19 13:47:35', 'QUESTIONNAIRE_MIGRATION_2019', '2019-07-19 13:47:35', 'QUESTIONNAIRE_MIGRATION_2019'),
	(1028, 33, 2, 514, 'Not at all interested', 0, '', '2019-07-19 13:47:35', 'QUESTIONNAIRE_MIGRATION_2019', '2019-07-19 13:47:35', 'QUESTIONNAIRE_MIGRATION_2019'),
	(1029, 33, 1, 515, 'Trs intress(e)', 0, '', '2019-07-19 13:47:35', 'QUESTIONNAIRE_MIGRATION_2019', '2019-07-19 13:47:35', 'QUESTIONNAIRE_MIGRATION_2019'),
	(1030, 33, 2, 515, 'Very interested', 0, '', '2019-07-19 13:47:35', 'QUESTIONNAIRE_MIGRATION_2019', '2019-07-19 13:47:35', 'QUESTIONNAIRE_MIGRATION_2019'),
	(1031, 23, 1, 516, 'Rsultats de tests sanguins', 0, '', '2019-07-19 13:47:35', 'QUESTIONNAIRE_MIGRATION_2019', '2019-07-19 13:47:35', 'QUESTIONNAIRE_MIGRATION_2019'),
	(1032, 23, 2, 516, 'Blood test results', 0, '', '2019-07-19 13:47:35', 'QUESTIONNAIRE_MIGRATION_2019', '2019-07-19 13:47:35', 'QUESTIONNAIRE_MIGRATION_2019'),
	(1033, 23, 1, 517, 'FR_', 0, '', '2019-07-19 13:47:35', 'QUESTIONNAIRE_MIGRATION_2019', '2019-07-19 13:47:35', 'QUESTIONNAIRE_MIGRATION_2019'),
	(1034, 23, 2, 517, 'Blood test results', 0, '', '2019-07-19 13:47:35', 'QUESTIONNAIRE_MIGRATION_2019', '2019-07-19 13:47:35', 'QUESTIONNAIRE_MIGRATION_2019'),
	(1035, 23, 1, 518, 'Veuillez valuer votre niveau dintrt  pouvoir partager vos <b>rsultats de tests sanguins</b> avec vos proches aidants.', 0, '', '2019-07-19 13:47:35', 'QUESTIONNAIRE_MIGRATION_2019', '2019-07-19 13:47:35', 'QUESTIONNAIRE_MIGRATION_2019'),
	(1036, 23, 2, 518, 'Please rate your interest level in being able to share your <b>blood test results</b> with your personal caregiver(s).', 0, '', '2019-07-19 13:47:35', 'QUESTIONNAIRE_MIGRATION_2019', '2019-07-19 13:47:35', 'QUESTIONNAIRE_MIGRATION_2019'),
	(1037, 33, 1, 519, 'Pas du tout intress(e)', 0, '', '2019-07-19 13:47:35', 'QUESTIONNAIRE_MIGRATION_2019', '2019-07-19 13:47:35', 'QUESTIONNAIRE_MIGRATION_2019'),
	(1038, 33, 2, 519, 'Not at all interested', 0, '', '2019-07-19 13:47:35', 'QUESTIONNAIRE_MIGRATION_2019', '2019-07-19 13:47:35', 'QUESTIONNAIRE_MIGRATION_2019'),
	(1039, 33, 1, 520, 'Trs intress(e)', 0, '', '2019-07-19 13:47:35', 'QUESTIONNAIRE_MIGRATION_2019', '2019-07-19 13:47:35', 'QUESTIONNAIRE_MIGRATION_2019'),
	(1040, 33, 2, 520, 'Very interested', 0, '', '2019-07-19 13:47:35', 'QUESTIONNAIRE_MIGRATION_2019', '2019-07-19 13:47:35', 'QUESTIONNAIRE_MIGRATION_2019'),
	(1041, 23, 1, 521, 'Notes cliniques', 0, '', '2019-07-19 13:47:35', 'QUESTIONNAIRE_MIGRATION_2019', '2019-07-19 13:47:35', 'QUESTIONNAIRE_MIGRATION_2019'),
	(1042, 23, 2, 521, 'Clinical notes', 0, '', '2019-07-19 13:47:35', 'QUESTIONNAIRE_MIGRATION_2019', '2019-07-19 13:47:35', 'QUESTIONNAIRE_MIGRATION_2019'),
	(1043, 23, 1, 522, 'FR_', 0, '', '2019-07-19 13:47:35', 'QUESTIONNAIRE_MIGRATION_2019', '2019-07-19 13:47:35', 'QUESTIONNAIRE_MIGRATION_2019'),
	(1044, 23, 2, 522, 'Clinical notes', 0, '', '2019-07-19 13:47:35', 'QUESTIONNAIRE_MIGRATION_2019', '2019-07-19 13:47:35', 'QUESTIONNAIRE_MIGRATION_2019'),
	(1045, 23, 1, 523, 'Veuillez valuer votre niveau dintrt  pouvoir partager vos <b>notes cliniques</b> (par exemple, notes de consultation et de fin de traitement rdiges par vos mdecins) avec vos proches aidants.', 0, '', '2019-07-19 13:47:35', 'QUESTIONNAIRE_MIGRATION_2019', '2019-07-19 13:47:35', 'QUESTIONNAIRE_MIGRATION_2019'),
	(1046, 23, 2, 523, 'Please rate your interest level in being able to share your <b>clinical notes</b> (e.g. radiotherapy consultation and end-of-treatment notes written by your doctor(s)) with your personal caregiver(s).', 0, '', '2019-07-19 13:47:35', 'QUESTIONNAIRE_MIGRATION_2019', '2019-07-19 13:47:35', 'QUESTIONNAIRE_MIGRATION_2019'),
	(1047, 33, 1, 524, 'Pas du tout intress(e)', 0, '', '2019-07-19 13:47:35', 'QUESTIONNAIRE_MIGRATION_2019', '2019-07-19 13:47:35', 'QUESTIONNAIRE_MIGRATION_2019'),
	(1048, 33, 2, 524, 'Not at all interested', 0, '', '2019-07-19 13:47:35', 'QUESTIONNAIRE_MIGRATION_2019', '2019-07-19 13:47:35', 'QUESTIONNAIRE_MIGRATION_2019'),
	(1049, 33, 1, 525, 'Trs intress(e)', 0, '', '2019-07-19 13:47:35', 'QUESTIONNAIRE_MIGRATION_2019', '2019-07-19 13:47:35', 'QUESTIONNAIRE_MIGRATION_2019'),
	(1050, 33, 2, 525, 'Very interested', 0, '', '2019-07-19 13:47:35', 'QUESTIONNAIRE_MIGRATION_2019', '2019-07-19 13:47:35', 'QUESTIONNAIRE_MIGRATION_2019'),
	(1051, 23, 1, 526, 'Matriel ducatif', 0, '', '2019-07-19 13:47:35', 'QUESTIONNAIRE_MIGRATION_2019', '2019-07-19 13:47:35', 'QUESTIONNAIRE_MIGRATION_2019'),
	(1052, 23, 2, 526, 'Educational material', 0, '', '2019-07-19 13:47:35', 'QUESTIONNAIRE_MIGRATION_2019', '2019-07-19 13:47:35', 'QUESTIONNAIRE_MIGRATION_2019'),
	(1053, 23, 1, 527, 'FR_', 0, '', '2019-07-19 13:47:35', 'QUESTIONNAIRE_MIGRATION_2019', '2019-07-19 13:47:35', 'QUESTIONNAIRE_MIGRATION_2019'),
	(1054, 23, 2, 527, 'Educational material', 0, '', '2019-07-19 13:47:35', 'QUESTIONNAIRE_MIGRATION_2019', '2019-07-19 13:47:35', 'QUESTIONNAIRE_MIGRATION_2019'),
	(1055, 23, 1, 528, 'Veuillez valuer votre niveau dintrt  pouvoir partager du <b>matriel ducatif</b> spcifique  votre diagnostic avec vos proches aidants.', 0, '', '2019-07-19 13:47:35', 'QUESTIONNAIRE_MIGRATION_2019', '2019-07-19 13:47:35', 'QUESTIONNAIRE_MIGRATION_2019'),
	(1056, 23, 2, 528, 'Please rate your interest level in being able to share <b>educational material</b> specific to your medical condition with your personal caregiver(s).', 0, '', '2019-07-19 13:47:35', 'QUESTIONNAIRE_MIGRATION_2019', '2019-07-19 13:47:35', 'QUESTIONNAIRE_MIGRATION_2019'),
	(1057, 33, 1, 529, 'Pas du tout intress(e)', 0, '', '2019-07-19 13:47:35', 'QUESTIONNAIRE_MIGRATION_2019', '2019-07-19 13:47:35', 'QUESTIONNAIRE_MIGRATION_2019'),
	(1058, 33, 2, 529, 'Not at all interested', 0, '', '2019-07-19 13:47:35', 'QUESTIONNAIRE_MIGRATION_2019', '2019-07-19 13:47:35', 'QUESTIONNAIRE_MIGRATION_2019'),
	(1059, 33, 1, 530, 'Trs intress(e)', 0, '', '2019-07-19 13:47:35', 'QUESTIONNAIRE_MIGRATION_2019', '2019-07-19 13:47:35', 'QUESTIONNAIRE_MIGRATION_2019'),
	(1060, 33, 2, 530, 'Very interested', 0, '', '2019-07-19 13:47:35', 'QUESTIONNAIRE_MIGRATION_2019', '2019-07-19 13:47:35', 'QUESTIONNAIRE_MIGRATION_2019'),
	(1061, 23, 1, 531, 'Messagerie scurise', 0, '', '2019-07-19 13:47:35', 'QUESTIONNAIRE_MIGRATION_2019', '2019-07-19 13:47:35', 'QUESTIONNAIRE_MIGRATION_2019'),
	(1062, 23, 2, 531, 'Secure messaging', 0, '', '2019-07-19 13:47:35', 'QUESTIONNAIRE_MIGRATION_2019', '2019-07-19 13:47:35', 'QUESTIONNAIRE_MIGRATION_2019'),
	(1063, 23, 1, 532, 'FR_', 0, '', '2019-07-19 13:47:35', 'QUESTIONNAIRE_MIGRATION_2019', '2019-07-19 13:47:35', 'QUESTIONNAIRE_MIGRATION_2019'),
	(1064, 23, 2, 532, 'Secure messaging', 0, '', '2019-07-19 13:47:35', 'QUESTIONNAIRE_MIGRATION_2019', '2019-07-19 13:47:35', 'QUESTIONNAIRE_MIGRATION_2019'),
	(1065, 23, 1, 533, 'Souhaiteriez-vous pouvoir communiquer de manire scurise et prive avec vos proches aidants via un systme de messagerie scuris inclus <b>dans</b> OpalCare?', 0, '', '2019-07-19 13:47:35', 'QUESTIONNAIRE_MIGRATION_2019', '2019-07-19 13:47:35', 'QUESTIONNAIRE_MIGRATION_2019'),
	(1066, 23, 2, 533, 'Would you like to be able to securely and privately communicate with your personal caregiver(s) via a secure messaging system <b>within</b> OpalCare?', 0, '', '2019-07-19 13:47:35', 'QUESTIONNAIRE_MIGRATION_2019', '2019-07-19 13:47:35', 'QUESTIONNAIRE_MIGRATION_2019'),
	(1067, 31, 1, 534, 'Oui', 0, '', '2019-07-19 13:47:35', 'QUESTIONNAIRE_MIGRATION_2019', '2019-07-19 13:47:35', 'QUESTIONNAIRE_MIGRATION_2019'),
	(1068, 31, 2, 534, 'Yes', 0, '', '2019-07-19 13:47:35', 'QUESTIONNAIRE_MIGRATION_2019', '2019-07-19 13:47:35', 'QUESTIONNAIRE_MIGRATION_2019'),
	(1069, 31, 1, 535, 'Non', 0, '', '2019-07-19 13:47:35', 'QUESTIONNAIRE_MIGRATION_2019', '2019-07-19 13:47:35', 'QUESTIONNAIRE_MIGRATION_2019'),
	(1070, 31, 2, 535, 'No', 0, '', '2019-07-19 13:47:35', 'QUESTIONNAIRE_MIGRATION_2019', '2019-07-19 13:47:35', 'QUESTIONNAIRE_MIGRATION_2019'),
	(1071, 23, 1, 536, 'Suggestions', 0, '', '2019-07-19 13:47:35', 'QUESTIONNAIRE_MIGRATION_2019', '2019-07-19 13:47:35', 'QUESTIONNAIRE_MIGRATION_2019'),
	(1072, 23, 2, 536, 'Suggestions', 0, '', '2019-07-19 13:47:35', 'QUESTIONNAIRE_MIGRATION_2019', '2019-07-19 13:47:35', 'QUESTIONNAIRE_MIGRATION_2019'),
	(1073, 23, 1, 537, 'FR_', 0, '', '2019-07-19 13:47:35', 'QUESTIONNAIRE_MIGRATION_2019', '2019-07-19 13:47:35', 'QUESTIONNAIRE_MIGRATION_2019'),
	(1074, 23, 2, 537, 'Suggestions', 0, '', '2019-07-19 13:47:35', 'QUESTIONNAIRE_MIGRATION_2019', '2019-07-19 13:47:35', 'QUESTIONNAIRE_MIGRATION_2019'),
	(1075, 23, 1, 538, 'Dans l\'espace ci-dessous, veuillez lister les fonctionnalits supplmentaires que vous aimeriez voir disponibles dans l\'application OpalCare.', 0, '', '2019-07-19 13:47:35', 'QUESTIONNAIRE_MIGRATION_2019', '2019-07-19 13:47:35', 'QUESTIONNAIRE_MIGRATION_2019'),
	(1076, 23, 2, 538, 'In the space below, please list any additional features that you would like to be made available in the OpalCare app.', 0, '', '2019-07-19 13:47:35', 'QUESTIONNAIRE_MIGRATION_2019', '2019-07-19 13:47:35', 'QUESTIONNAIRE_MIGRATION_2019'),
	(1077, 37, 1, 539, 'FR_', 0, '', '2019-07-19 13:47:35', 'QUESTIONNAIRE_MIGRATION_2019', '2019-07-19 13:47:35', 'QUESTIONNAIRE_MIGRATION_2019'),
	(1078, 37, 2, 539, 'Severity', 0, '', '2019-07-19 13:47:35', 'QUESTIONNAIRE_MIGRATION_2019', '2019-07-19 13:47:35', 'QUESTIONNAIRE_MIGRATION_2019'),
	(1079, 44, 1, 540, 'FR_', 0, '', '2019-07-19 13:47:35', 'QUESTIONNAIRE_MIGRATION_2019', '2019-07-19 13:47:35', 'QUESTIONNAIRE_MIGRATION_2019'),
	(1080, 44, 2, 540, 'None', 0, '', '2019-07-19 13:47:35', 'QUESTIONNAIRE_MIGRATION_2019', '2019-07-19 13:47:35', 'QUESTIONNAIRE_MIGRATION_2019'),
	(1081, 44, 1, 541, 'FR_', 0, '', '2019-07-19 13:47:35', 'QUESTIONNAIRE_MIGRATION_2019', '2019-07-19 13:47:35', 'QUESTIONNAIRE_MIGRATION_2019'),
	(1082, 44, 2, 541, 'Mild', 0, '', '2019-07-19 13:47:35', 'QUESTIONNAIRE_MIGRATION_2019', '2019-07-19 13:47:35', 'QUESTIONNAIRE_MIGRATION_2019'),
	(1083, 44, 1, 542, 'FR_', 0, '', '2019-07-19 13:47:35', 'QUESTIONNAIRE_MIGRATION_2019', '2019-07-19 13:47:35', 'QUESTIONNAIRE_MIGRATION_2019'),
	(1084, 44, 2, 542, 'Moderate', 0, '', '2019-07-19 13:47:35', 'QUESTIONNAIRE_MIGRATION_2019', '2019-07-19 13:47:35', 'QUESTIONNAIRE_MIGRATION_2019'),
	(1085, 44, 1, 543, 'FR_', 0, '', '2019-07-19 13:47:35', 'QUESTIONNAIRE_MIGRATION_2019', '2019-07-19 13:47:35', 'QUESTIONNAIRE_MIGRATION_2019'),
	(1086, 44, 2, 543, 'Severe', 0, '', '2019-07-19 13:47:35', 'QUESTIONNAIRE_MIGRATION_2019', '2019-07-19 13:47:35', 'QUESTIONNAIRE_MIGRATION_2019'),
	(1087, 44, 1, 544, 'FR_', 0, '', '2019-07-19 13:47:35', 'QUESTIONNAIRE_MIGRATION_2019', '2019-07-19 13:47:35', 'QUESTIONNAIRE_MIGRATION_2019'),
	(1088, 44, 2, 544, 'Very severe', 0, '', '2019-07-19 13:47:35', 'QUESTIONNAIRE_MIGRATION_2019', '2019-07-19 13:47:35', 'QUESTIONNAIRE_MIGRATION_2019'),
	(1089, 37, 1, 545, 'FR_', 0, '', '2019-07-19 13:47:35', 'QUESTIONNAIRE_MIGRATION_2019', '2019-07-19 13:47:35', 'QUESTIONNAIRE_MIGRATION_2019'),
	(1090, 37, 2, 545, 'SeverityNA', 0, '', '2019-07-19 13:47:35', 'QUESTIONNAIRE_MIGRATION_2019', '2019-07-19 13:47:35', 'QUESTIONNAIRE_MIGRATION_2019'),
	(1091, 44, 1, 546, 'FR_', 0, '', '2019-07-19 13:47:35', 'QUESTIONNAIRE_MIGRATION_2019', '2019-07-19 13:47:35', 'QUESTIONNAIRE_MIGRATION_2019'),
	(1092, 44, 2, 546, 'None', 0, '', '2019-07-19 13:47:35', 'QUESTIONNAIRE_MIGRATION_2019', '2019-07-19 13:47:35', 'QUESTIONNAIRE_MIGRATION_2019'),
	(1093, 44, 1, 547, 'FR_', 0, '', '2019-07-19 13:47:35', 'QUESTIONNAIRE_MIGRATION_2019', '2019-07-19 13:47:35', 'QUESTIONNAIRE_MIGRATION_2019'),
	(1094, 44, 2, 547, 'Mild', 0, '', '2019-07-19 13:47:35', 'QUESTIONNAIRE_MIGRATION_2019', '2019-07-19 13:47:35', 'QUESTIONNAIRE_MIGRATION_2019'),
	(1095, 44, 1, 548, 'FR_', 0, '', '2019-07-19 13:47:35', 'QUESTIONNAIRE_MIGRATION_2019', '2019-07-19 13:47:35', 'QUESTIONNAIRE_MIGRATION_2019'),
	(1096, 44, 2, 548, 'Moderate', 0, '', '2019-07-19 13:47:35', 'QUESTIONNAIRE_MIGRATION_2019', '2019-07-19 13:47:35', 'QUESTIONNAIRE_MIGRATION_2019'),
	(1097, 44, 1, 549, 'FR_', 0, '', '2019-07-19 13:47:35', 'QUESTIONNAIRE_MIGRATION_2019', '2019-07-19 13:47:35', 'QUESTIONNAIRE_MIGRATION_2019'),
	(1098, 44, 2, 549, 'Severe', 0, '', '2019-07-19 13:47:35', 'QUESTIONNAIRE_MIGRATION_2019', '2019-07-19 13:47:35', 'QUESTIONNAIRE_MIGRATION_2019'),
	(1099, 44, 1, 550, 'FR_', 0, '', '2019-07-19 13:47:35', 'QUESTIONNAIRE_MIGRATION_2019', '2019-07-19 13:47:35', 'QUESTIONNAIRE_MIGRATION_2019'),
	(1100, 44, 2, 550, 'Very severe', 0, '', '2019-07-19 13:47:35', 'QUESTIONNAIRE_MIGRATION_2019', '2019-07-19 13:47:35', 'QUESTIONNAIRE_MIGRATION_2019'),
	(1101, 44, 1, 551, 'FR_', 0, '', '2019-07-19 13:47:35', 'QUESTIONNAIRE_MIGRATION_2019', '2019-07-19 13:47:35', 'QUESTIONNAIRE_MIGRATION_2019'),
	(1102, 44, 2, 551, 'Not applicable', 0, '', '2019-07-19 13:47:35', 'QUESTIONNAIRE_MIGRATION_2019', '2019-07-19 13:47:35', 'QUESTIONNAIRE_MIGRATION_2019'),
	(1103, 37, 1, 552, 'FR_', 0, '', '2019-07-19 13:47:35', 'QUESTIONNAIRE_MIGRATION_2019', '2019-07-19 13:47:35', 'QUESTIONNAIRE_MIGRATION_2019'),
	(1104, 37, 2, 552, 'SeverityS', 0, '', '2019-07-19 13:47:35', 'QUESTIONNAIRE_MIGRATION_2019', '2019-07-19 13:47:35', 'QUESTIONNAIRE_MIGRATION_2019'),
	(1105, 44, 1, 553, 'FR_', 0, '', '2019-07-19 13:47:35', 'QUESTIONNAIRE_MIGRATION_2019', '2019-07-19 13:47:35', 'QUESTIONNAIRE_MIGRATION_2019'),
	(1106, 44, 2, 553, 'None', 0, '', '2019-07-19 13:47:35', 'QUESTIONNAIRE_MIGRATION_2019', '2019-07-19 13:47:35', 'QUESTIONNAIRE_MIGRATION_2019'),
	(1107, 44, 1, 554, 'FR_', 0, '', '2019-07-19 13:47:35', 'QUESTIONNAIRE_MIGRATION_2019', '2019-07-19 13:47:35', 'QUESTIONNAIRE_MIGRATION_2019'),
	(1108, 44, 2, 554, 'Mild', 0, '', '2019-07-19 13:47:35', 'QUESTIONNAIRE_MIGRATION_2019', '2019-07-19 13:47:35', 'QUESTIONNAIRE_MIGRATION_2019'),
	(1109, 44, 1, 555, 'FR_', 0, '', '2019-07-19 13:47:35', 'QUESTIONNAIRE_MIGRATION_2019', '2019-07-19 13:47:35', 'QUESTIONNAIRE_MIGRATION_2019'),
	(1110, 44, 2, 555, 'Moderate', 0, '', '2019-07-19 13:47:35', 'QUESTIONNAIRE_MIGRATION_2019', '2019-07-19 13:47:35', 'QUESTIONNAIRE_MIGRATION_2019'),
	(1111, 44, 1, 556, 'FR_', 0, '', '2019-07-19 13:47:35', 'QUESTIONNAIRE_MIGRATION_2019', '2019-07-19 13:47:35', 'QUESTIONNAIRE_MIGRATION_2019'),
	(1112, 44, 2, 556, 'Severe', 0, '', '2019-07-19 13:47:35', 'QUESTIONNAIRE_MIGRATION_2019', '2019-07-19 13:47:35', 'QUESTIONNAIRE_MIGRATION_2019'),
	(1113, 44, 1, 557, 'FR_', 0, '', '2019-07-19 13:47:35', 'QUESTIONNAIRE_MIGRATION_2019', '2019-07-19 13:47:35', 'QUESTIONNAIRE_MIGRATION_2019'),
	(1114, 44, 2, 557, 'Very severe', 0, '', '2019-07-19 13:47:35', 'QUESTIONNAIRE_MIGRATION_2019', '2019-07-19 13:47:35', 'QUESTIONNAIRE_MIGRATION_2019'),
	(1115, 44, 1, 558, 'FR_', 0, '', '2019-07-19 13:47:35', 'QUESTIONNAIRE_MIGRATION_2019', '2019-07-19 13:47:35', 'QUESTIONNAIRE_MIGRATION_2019'),
	(1116, 44, 2, 558, 'Not sexually active', 0, '', '2019-07-19 13:47:35', 'QUESTIONNAIRE_MIGRATION_2019', '2019-07-19 13:47:35', 'QUESTIONNAIRE_MIGRATION_2019'),
	(1117, 44, 1, 559, 'FR_', 0, '', '2019-07-19 13:47:35', 'QUESTIONNAIRE_MIGRATION_2019', '2019-07-19 13:47:35', 'QUESTIONNAIRE_MIGRATION_2019'),
	(1118, 44, 2, 559, 'Prefer not to answer', 0, '', '2019-07-19 13:47:35', 'QUESTIONNAIRE_MIGRATION_2019', '2019-07-19 13:47:35', 'QUESTIONNAIRE_MIGRATION_2019'),
	(1119, 37, 1, 560, 'FR_', 0, '', '2019-07-19 13:47:35', 'QUESTIONNAIRE_MIGRATION_2019', '2019-07-19 13:47:35', 'QUESTIONNAIRE_MIGRATION_2019'),
	(1120, 37, 2, 560, 'Amount', 0, '', '2019-07-19 13:47:35', 'QUESTIONNAIRE_MIGRATION_2019', '2019-07-19 13:47:35', 'QUESTIONNAIRE_MIGRATION_2019'),
	(1121, 44, 1, 561, 'FR_', 0, '', '2019-07-19 13:47:35', 'QUESTIONNAIRE_MIGRATION_2019', '2019-07-19 13:47:35', 'QUESTIONNAIRE_MIGRATION_2019'),
	(1122, 44, 2, 561, 'Not at all', 0, '', '2019-07-19 13:47:35', 'QUESTIONNAIRE_MIGRATION_2019', '2019-07-19 13:47:35', 'QUESTIONNAIRE_MIGRATION_2019'),
	(1123, 44, 1, 562, 'FR_', 0, '', '2019-07-19 13:47:35', 'QUESTIONNAIRE_MIGRATION_2019', '2019-07-19 13:47:35', 'QUESTIONNAIRE_MIGRATION_2019'),
	(1124, 44, 2, 562, 'A little bit', 0, '', '2019-07-19 13:47:35', 'QUESTIONNAIRE_MIGRATION_2019', '2019-07-19 13:47:35', 'QUESTIONNAIRE_MIGRATION_2019'),
	(1125, 44, 1, 563, 'FR_', 0, '', '2019-07-19 13:47:35', 'QUESTIONNAIRE_MIGRATION_2019', '2019-07-19 13:47:35', 'QUESTIONNAIRE_MIGRATION_2019'),
	(1126, 44, 2, 563, 'Somewhat', 0, '', '2019-07-19 13:47:35', 'QUESTIONNAIRE_MIGRATION_2019', '2019-07-19 13:47:35', 'QUESTIONNAIRE_MIGRATION_2019'),
	(1127, 44, 1, 564, 'FR_', 0, '', '2019-07-19 13:47:35', 'QUESTIONNAIRE_MIGRATION_2019', '2019-07-19 13:47:35', 'QUESTIONNAIRE_MIGRATION_2019'),
	(1128, 44, 2, 564, 'Quite a bit', 0, '', '2019-07-19 13:47:35', 'QUESTIONNAIRE_MIGRATION_2019', '2019-07-19 13:47:35', 'QUESTIONNAIRE_MIGRATION_2019'),
	(1129, 44, 1, 565, 'FR_', 0, '', '2019-07-19 13:47:35', 'QUESTIONNAIRE_MIGRATION_2019', '2019-07-19 13:47:35', 'QUESTIONNAIRE_MIGRATION_2019'),
	(1130, 44, 2, 565, 'Very much', 0, '', '2019-07-19 13:47:35', 'QUESTIONNAIRE_MIGRATION_2019', '2019-07-19 13:47:35', 'QUESTIONNAIRE_MIGRATION_2019'),
	(1131, 37, 1, 566, 'FR_', 0, '', '2019-07-19 13:47:35', 'QUESTIONNAIRE_MIGRATION_2019', '2019-07-19 13:47:35', 'QUESTIONNAIRE_MIGRATION_2019'),
	(1132, 37, 2, 566, 'Boolean', 0, '', '2019-07-19 13:47:35', 'QUESTIONNAIRE_MIGRATION_2019', '2019-07-19 13:47:35', 'QUESTIONNAIRE_MIGRATION_2019'),
	(1133, 44, 1, 567, 'FR_', 0, '', '2019-07-19 13:47:35', 'QUESTIONNAIRE_MIGRATION_2019', '2019-07-19 13:47:35', 'QUESTIONNAIRE_MIGRATION_2019'),
	(1134, 44, 2, 567, 'Yes', 0, '', '2019-07-19 13:47:35', 'QUESTIONNAIRE_MIGRATION_2019', '2019-07-19 13:47:35', 'QUESTIONNAIRE_MIGRATION_2019'),
	(1135, 44, 1, 568, 'FR_', 0, '', '2019-07-19 13:47:35', 'QUESTIONNAIRE_MIGRATION_2019', '2019-07-19 13:47:35', 'QUESTIONNAIRE_MIGRATION_2019'),
	(1136, 44, 2, 568, 'No', 0, '', '2019-07-19 13:47:35', 'QUESTIONNAIRE_MIGRATION_2019', '2019-07-19 13:47:35', 'QUESTIONNAIRE_MIGRATION_2019'),
	(1137, 37, 1, 569, 'FR_', 0, '', '2019-07-19 13:47:35', 'QUESTIONNAIRE_MIGRATION_2019', '2019-07-19 13:47:35', 'QUESTIONNAIRE_MIGRATION_2019'),
	(1138, 37, 2, 569, 'BooleanNA', 0, '', '2019-07-19 13:47:35', 'QUESTIONNAIRE_MIGRATION_2019', '2019-07-19 13:47:35', 'QUESTIONNAIRE_MIGRATION_2019'),
	(1139, 44, 1, 570, 'FR_', 0, '', '2019-07-19 13:47:35', 'QUESTIONNAIRE_MIGRATION_2019', '2019-07-19 13:47:35', 'QUESTIONNAIRE_MIGRATION_2019'),
	(1140, 44, 2, 570, 'Yes', 0, '', '2019-07-19 13:47:35', 'QUESTIONNAIRE_MIGRATION_2019', '2019-07-19 13:47:35', 'QUESTIONNAIRE_MIGRATION_2019'),
	(1141, 44, 1, 571, 'FR_', 0, '', '2019-07-19 13:47:35', 'QUESTIONNAIRE_MIGRATION_2019', '2019-07-19 13:47:35', 'QUESTIONNAIRE_MIGRATION_2019'),
	(1142, 44, 2, 571, 'No', 0, '', '2019-07-19 13:47:35', 'QUESTIONNAIRE_MIGRATION_2019', '2019-07-19 13:47:35', 'QUESTIONNAIRE_MIGRATION_2019'),
	(1143, 44, 1, 572, 'FR_', 0, '', '2019-07-19 13:47:35', 'QUESTIONNAIRE_MIGRATION_2019', '2019-07-19 13:47:35', 'QUESTIONNAIRE_MIGRATION_2019'),
	(1144, 44, 2, 572, 'Not applicable', 0, '', '2019-07-19 13:47:35', 'QUESTIONNAIRE_MIGRATION_2019', '2019-07-19 13:47:35', 'QUESTIONNAIRE_MIGRATION_2019'),
	(1145, 37, 1, 573, 'FR_', 0, '', '2019-07-19 13:47:35', 'QUESTIONNAIRE_MIGRATION_2019', '2019-07-19 13:47:35', 'QUESTIONNAIRE_MIGRATION_2019'),
	(1146, 37, 2, 573, 'BooleanS', 0, '', '2019-07-19 13:47:35', 'QUESTIONNAIRE_MIGRATION_2019', '2019-07-19 13:47:35', 'QUESTIONNAIRE_MIGRATION_2019'),
	(1147, 44, 1, 574, 'FR_', 0, '', '2019-07-19 13:47:35', 'QUESTIONNAIRE_MIGRATION_2019', '2019-07-19 13:47:35', 'QUESTIONNAIRE_MIGRATION_2019'),
	(1148, 44, 2, 574, 'Yes', 0, '', '2019-07-19 13:47:35', 'QUESTIONNAIRE_MIGRATION_2019', '2019-07-19 13:47:35', 'QUESTIONNAIRE_MIGRATION_2019'),
	(1149, 44, 1, 575, 'FR_', 0, '', '2019-07-19 13:47:35', 'QUESTIONNAIRE_MIGRATION_2019', '2019-07-19 13:47:35', 'QUESTIONNAIRE_MIGRATION_2019'),
	(1150, 44, 2, 575, 'No', 0, '', '2019-07-19 13:47:35', 'QUESTIONNAIRE_MIGRATION_2019', '2019-07-19 13:47:35', 'QUESTIONNAIRE_MIGRATION_2019'),
	(1151, 44, 1, 576, 'FR_', 0, '', '2019-07-19 13:47:35', 'QUESTIONNAIRE_MIGRATION_2019', '2019-07-19 13:47:35', 'QUESTIONNAIRE_MIGRATION_2019'),
	(1152, 44, 2, 576, 'Not sexually active', 0, '', '2019-07-19 13:47:35', 'QUESTIONNAIRE_MIGRATION_2019', '2019-07-19 13:47:35', 'QUESTIONNAIRE_MIGRATION_2019'),
	(1153, 44, 1, 577, 'FR_', 0, '', '2019-07-19 13:47:35', 'QUESTIONNAIRE_MIGRATION_2019', '2019-07-19 13:47:35', 'QUESTIONNAIRE_MIGRATION_2019'),
	(1154, 44, 2, 577, 'Prefer not to answer', 0, '', '2019-07-19 13:47:35', 'QUESTIONNAIRE_MIGRATION_2019', '2019-07-19 13:47:35', 'QUESTIONNAIRE_MIGRATION_2019'),
	(1155, 37, 1, 578, 'FR_', 0, '', '2019-07-19 13:47:35', 'QUESTIONNAIRE_MIGRATION_2019', '2019-07-19 13:47:35', 'QUESTIONNAIRE_MIGRATION_2019'),
	(1156, 37, 2, 578, 'Frequency', 0, '', '2019-07-19 13:47:35', 'QUESTIONNAIRE_MIGRATION_2019', '2019-07-19 13:47:35', 'QUESTIONNAIRE_MIGRATION_2019'),
	(1157, 44, 1, 579, 'FR_', 0, '', '2019-07-19 13:47:35', 'QUESTIONNAIRE_MIGRATION_2019', '2019-07-19 13:47:35', 'QUESTIONNAIRE_MIGRATION_2019'),
	(1158, 44, 2, 579, 'Never', 0, '', '2019-07-19 13:47:35', 'QUESTIONNAIRE_MIGRATION_2019', '2019-07-19 13:47:35', 'QUESTIONNAIRE_MIGRATION_2019'),
	(1159, 44, 1, 580, 'FR_', 0, '', '2019-07-19 13:47:35', 'QUESTIONNAIRE_MIGRATION_2019', '2019-07-19 13:47:35', 'QUESTIONNAIRE_MIGRATION_2019'),
	(1160, 44, 2, 580, 'Rarely', 0, '', '2019-07-19 13:47:35', 'QUESTIONNAIRE_MIGRATION_2019', '2019-07-19 13:47:35', 'QUESTIONNAIRE_MIGRATION_2019'),
	(1161, 44, 1, 581, 'FR_', 0, '', '2019-07-19 13:47:35', 'QUESTIONNAIRE_MIGRATION_2019', '2019-07-19 13:47:35', 'QUESTIONNAIRE_MIGRATION_2019'),
	(1162, 44, 2, 581, 'Occasionally', 0, '', '2019-07-19 13:47:35', 'QUESTIONNAIRE_MIGRATION_2019', '2019-07-19 13:47:35', 'QUESTIONNAIRE_MIGRATION_2019'),
	(1163, 44, 1, 582, 'FR_', 0, '', '2019-07-19 13:47:35', 'QUESTIONNAIRE_MIGRATION_2019', '2019-07-19 13:47:35', 'QUESTIONNAIRE_MIGRATION_2019'),
	(1164, 44, 2, 582, 'Frequently', 0, '', '2019-07-19 13:47:35', 'QUESTIONNAIRE_MIGRATION_2019', '2019-07-19 13:47:35', 'QUESTIONNAIRE_MIGRATION_2019'),
	(1165, 44, 1, 583, 'FR_', 0, '', '2019-07-19 13:47:35', 'QUESTIONNAIRE_MIGRATION_2019', '2019-07-19 13:47:35', 'QUESTIONNAIRE_MIGRATION_2019'),
	(1166, 44, 2, 583, 'Almost constantly', 0, '', '2019-07-19 13:47:35', 'QUESTIONNAIRE_MIGRATION_2019', '2019-07-19 13:47:35', 'QUESTIONNAIRE_MIGRATION_2019'),
	(1167, 37, 1, 584, 'FR_', 0, '', '2019-07-19 13:47:35', 'QUESTIONNAIRE_MIGRATION_2019', '2019-07-19 13:47:35', 'QUESTIONNAIRE_MIGRATION_2019'),
	(1168, 37, 2, 584, 'FrequencyS', 0, '', '2019-07-19 13:47:35', 'QUESTIONNAIRE_MIGRATION_2019', '2019-07-19 13:47:35', 'QUESTIONNAIRE_MIGRATION_2019'),
	(1169, 44, 1, 585, 'FR_', 0, '', '2019-07-19 13:47:35', 'QUESTIONNAIRE_MIGRATION_2019', '2019-07-19 13:47:35', 'QUESTIONNAIRE_MIGRATION_2019'),
	(1170, 44, 2, 585, 'Never', 0, '', '2019-07-19 13:47:35', 'QUESTIONNAIRE_MIGRATION_2019', '2019-07-19 13:47:35', 'QUESTIONNAIRE_MIGRATION_2019'),
	(1171, 44, 1, 586, 'FR_', 0, '', '2019-07-19 13:47:35', 'QUESTIONNAIRE_MIGRATION_2019', '2019-07-19 13:47:35', 'QUESTIONNAIRE_MIGRATION_2019'),
	(1172, 44, 2, 586, 'Rarely', 0, '', '2019-07-19 13:47:35', 'QUESTIONNAIRE_MIGRATION_2019', '2019-07-19 13:47:35', 'QUESTIONNAIRE_MIGRATION_2019'),
	(1173, 44, 1, 587, 'FR_', 0, '', '2019-07-19 13:47:35', 'QUESTIONNAIRE_MIGRATION_2019', '2019-07-19 13:47:35', 'QUESTIONNAIRE_MIGRATION_2019'),
	(1174, 44, 2, 587, 'Occasionally', 0, '', '2019-07-19 13:47:35', 'QUESTIONNAIRE_MIGRATION_2019', '2019-07-19 13:47:35', 'QUESTIONNAIRE_MIGRATION_2019'),
	(1175, 44, 1, 588, 'FR_', 0, '', '2019-07-19 13:47:35', 'QUESTIONNAIRE_MIGRATION_2019', '2019-07-19 13:47:35', 'QUESTIONNAIRE_MIGRATION_2019'),
	(1176, 44, 2, 588, 'Frequently', 0, '', '2019-07-19 13:47:35', 'QUESTIONNAIRE_MIGRATION_2019', '2019-07-19 13:47:35', 'QUESTIONNAIRE_MIGRATION_2019'),
	(1177, 44, 1, 589, 'FR_', 0, '', '2019-07-19 13:47:35', 'QUESTIONNAIRE_MIGRATION_2019', '2019-07-19 13:47:35', 'QUESTIONNAIRE_MIGRATION_2019'),
	(1178, 44, 2, 589, 'Almost constantly', 0, '', '2019-07-19 13:47:35', 'QUESTIONNAIRE_MIGRATION_2019', '2019-07-19 13:47:35', 'QUESTIONNAIRE_MIGRATION_2019'),
	(1179, 44, 1, 590, 'FR_', 0, '', '2019-07-19 13:47:35', 'QUESTIONNAIRE_MIGRATION_2019', '2019-07-19 13:47:35', 'QUESTIONNAIRE_MIGRATION_2019'),
	(1180, 44, 2, 590, 'Not sexually active', 0, '', '2019-07-19 13:47:35', 'QUESTIONNAIRE_MIGRATION_2019', '2019-07-19 13:47:35', 'QUESTIONNAIRE_MIGRATION_2019'),
	(1181, 44, 1, 591, 'FR_', 0, '', '2019-07-19 13:47:35', 'QUESTIONNAIRE_MIGRATION_2019', '2019-07-19 13:47:35', 'QUESTIONNAIRE_MIGRATION_2019'),
	(1182, 44, 2, 591, 'Prefer not to answer', 0, '', '2019-07-19 13:47:35', 'QUESTIONNAIRE_MIGRATION_2019', '2019-07-19 13:47:35', 'QUESTIONNAIRE_MIGRATION_2019'),
	(1183, 37, 1, 592, 'FR_', 0, '', '2019-07-19 13:47:35', 'QUESTIONNAIRE_MIGRATION_2019', '2019-07-19 13:47:35', 'QUESTIONNAIRE_MIGRATION_2019'),
	(1184, 37, 2, 592, 'Frequency Over 4 Weeks', 0, '', '2019-07-19 13:47:35', 'QUESTIONNAIRE_MIGRATION_2019', '2019-07-19 13:47:35', 'QUESTIONNAIRE_MIGRATION_2019'),
	(1185, 44, 1, 593, 'FR_', 0, '', '2019-07-19 13:47:35', 'QUESTIONNAIRE_MIGRATION_2019', '2019-07-19 13:47:35', 'QUESTIONNAIRE_MIGRATION_2019'),
	(1186, 44, 2, 593, 'Rarely or never', 0, '', '2019-07-19 13:47:35', 'QUESTIONNAIRE_MIGRATION_2019', '2019-07-19 13:47:35', 'QUESTIONNAIRE_MIGRATION_2019'),
	(1187, 44, 1, 594, 'FR_', 0, '', '2019-07-19 13:47:35', 'QUESTIONNAIRE_MIGRATION_2019', '2019-07-19 13:47:35', 'QUESTIONNAIRE_MIGRATION_2019'),
	(1188, 44, 2, 594, 'About once a week', 0, '', '2019-07-19 13:47:35', 'QUESTIONNAIRE_MIGRATION_2019', '2019-07-19 13:47:35', 'QUESTIONNAIRE_MIGRATION_2019'),
	(1189, 44, 1, 595, 'FR_', 0, '', '2019-07-19 13:47:35', 'QUESTIONNAIRE_MIGRATION_2019', '2019-07-19 13:47:35', 'QUESTIONNAIRE_MIGRATION_2019'),
	(1190, 44, 2, 595, 'More than once a week', 0, '', '2019-07-19 13:47:35', 'QUESTIONNAIRE_MIGRATION_2019', '2019-07-19 13:47:35', 'QUESTIONNAIRE_MIGRATION_2019'),
	(1191, 44, 1, 596, 'FR_', 0, '', '2019-07-19 13:47:35', 'QUESTIONNAIRE_MIGRATION_2019', '2019-07-19 13:47:35', 'QUESTIONNAIRE_MIGRATION_2019'),
	(1192, 44, 2, 596, 'About once a day', 0, '', '2019-07-19 13:47:35', 'QUESTIONNAIRE_MIGRATION_2019', '2019-07-19 13:47:35', 'QUESTIONNAIRE_MIGRATION_2019'),
	(1193, 44, 1, 597, 'FR_', 0, '', '2019-07-19 13:47:35', 'QUESTIONNAIRE_MIGRATION_2019', '2019-07-19 13:47:35', 'QUESTIONNAIRE_MIGRATION_2019'),
	(1194, 44, 2, 597, 'More than once a day', 0, '', '2019-07-19 13:47:35', 'QUESTIONNAIRE_MIGRATION_2019', '2019-07-19 13:47:35', 'QUESTIONNAIRE_MIGRATION_2019'),
	(1195, 37, 1, 598, 'FR_', 0, '', '2019-07-19 13:47:35', 'QUESTIONNAIRE_MIGRATION_2019', '2019-07-19 13:47:35', 'QUESTIONNAIRE_MIGRATION_2019'),
	(1196, 37, 2, 598, 'Frequency Over 4 Weeks - 2', 0, '', '2019-07-19 13:47:35', 'QUESTIONNAIRE_MIGRATION_2019', '2019-07-19 13:47:35', 'QUESTIONNAIRE_MIGRATION_2019'),
	(1197, 44, 1, 599, 'FR_', 0, '', '2019-07-19 13:47:35', 'QUESTIONNAIRE_MIGRATION_2019', '2019-07-19 13:47:35', 'QUESTIONNAIRE_MIGRATION_2019'),
	(1198, 44, 2, 599, 'Never', 0, '', '2019-07-19 13:47:35', 'QUESTIONNAIRE_MIGRATION_2019', '2019-07-19 13:47:35', 'QUESTIONNAIRE_MIGRATION_2019'),
	(1199, 44, 1, 600, 'FR_', 0, '', '2019-07-19 13:47:35', 'QUESTIONNAIRE_MIGRATION_2019', '2019-07-19 13:47:35', 'QUESTIONNAIRE_MIGRATION_2019'),
	(1200, 44, 2, 600, 'Rarely', 0, '', '2019-07-19 13:47:35', 'QUESTIONNAIRE_MIGRATION_2019', '2019-07-19 13:47:35', 'QUESTIONNAIRE_MIGRATION_2019'),
	(1201, 44, 1, 601, 'FR_', 0, '', '2019-07-19 13:47:35', 'QUESTIONNAIRE_MIGRATION_2019', '2019-07-19 13:47:35', 'QUESTIONNAIRE_MIGRATION_2019'),
	(1202, 44, 2, 601, 'About half the time', 0, '', '2019-07-19 13:47:35', 'QUESTIONNAIRE_MIGRATION_2019', '2019-07-19 13:47:35', 'QUESTIONNAIRE_MIGRATION_2019'),
	(1203, 44, 1, 602, 'FR_', 0, '', '2019-07-19 13:47:35', 'QUESTIONNAIRE_MIGRATION_2019', '2019-07-19 13:47:35', 'QUESTIONNAIRE_MIGRATION_2019'),
	(1204, 44, 2, 602, 'Usually', 0, '', '2019-07-19 13:47:35', 'QUESTIONNAIRE_MIGRATION_2019', '2019-07-19 13:47:35', 'QUESTIONNAIRE_MIGRATION_2019'),
	(1205, 44, 1, 603, 'FR_', 0, '', '2019-07-19 13:47:35', 'QUESTIONNAIRE_MIGRATION_2019', '2019-07-19 13:47:35', 'QUESTIONNAIRE_MIGRATION_2019'),
	(1206, 44, 2, 603, 'Always', 0, '', '2019-07-19 13:47:35', 'QUESTIONNAIRE_MIGRATION_2019', '2019-07-19 13:47:35', 'QUESTIONNAIRE_MIGRATION_2019'),
	(1207, 37, 1, 604, 'FR_', 0, '', '2019-07-19 13:47:35', 'QUESTIONNAIRE_MIGRATION_2019', '2019-07-19 13:47:35', 'QUESTIONNAIRE_MIGRATION_2019'),
	(1208, 37, 2, 604, 'Urinary control', 0, '', '2019-07-19 13:47:35', 'QUESTIONNAIRE_MIGRATION_2019', '2019-07-19 13:47:35', 'QUESTIONNAIRE_MIGRATION_2019'),
	(1209, 44, 1, 605, 'FR_', 0, '', '2019-07-19 13:47:35', 'QUESTIONNAIRE_MIGRATION_2019', '2019-07-19 13:47:35', 'QUESTIONNAIRE_MIGRATION_2019'),
	(1210, 44, 2, 605, 'Total control', 0, '', '2019-07-19 13:47:35', 'QUESTIONNAIRE_MIGRATION_2019', '2019-07-19 13:47:35', 'QUESTIONNAIRE_MIGRATION_2019'),
	(1211, 44, 1, 606, 'FR_', 0, '', '2019-07-19 13:47:35', 'QUESTIONNAIRE_MIGRATION_2019', '2019-07-19 13:47:35', 'QUESTIONNAIRE_MIGRATION_2019'),
	(1212, 44, 2, 606, 'Occasional dribbling', 0, '', '2019-07-19 13:47:35', 'QUESTIONNAIRE_MIGRATION_2019', '2019-07-19 13:47:35', 'QUESTIONNAIRE_MIGRATION_2019'),
	(1213, 44, 1, 607, 'FR_', 0, '', '2019-07-19 13:47:35', 'QUESTIONNAIRE_MIGRATION_2019', '2019-07-19 13:47:35', 'QUESTIONNAIRE_MIGRATION_2019'),
	(1214, 44, 2, 607, 'Frequent dribbling', 0, '', '2019-07-19 13:47:35', 'QUESTIONNAIRE_MIGRATION_2019', '2019-07-19 13:47:35', 'QUESTIONNAIRE_MIGRATION_2019'),
	(1215, 44, 1, 608, 'FR_', 0, '', '2019-07-19 13:47:35', 'QUESTIONNAIRE_MIGRATION_2019', '2019-07-19 13:47:35', 'QUESTIONNAIRE_MIGRATION_2019'),
	(1216, 44, 2, 608, 'No urinary control whatsoever', 0, '', '2019-07-19 13:47:35', 'QUESTIONNAIRE_MIGRATION_2019', '2019-07-19 13:47:35', 'QUESTIONNAIRE_MIGRATION_2019'),
	(1217, 37, 1, 609, 'FR_', 0, '', '2019-07-19 13:47:35', 'QUESTIONNAIRE_MIGRATION_2019', '2019-07-19 13:47:35', 'QUESTIONNAIRE_MIGRATION_2019'),
	(1218, 37, 2, 609, 'Pads', 0, '', '2019-07-19 13:47:35', 'QUESTIONNAIRE_MIGRATION_2019', '2019-07-19 13:47:35', 'QUESTIONNAIRE_MIGRATION_2019'),
	(1219, 44, 1, 610, 'FR_', 0, '', '2019-07-19 13:47:35', 'QUESTIONNAIRE_MIGRATION_2019', '2019-07-19 13:47:35', 'QUESTIONNAIRE_MIGRATION_2019'),
	(1220, 44, 2, 610, 'None', 0, '', '2019-07-19 13:47:35', 'QUESTIONNAIRE_MIGRATION_2019', '2019-07-19 13:47:35', 'QUESTIONNAIRE_MIGRATION_2019'),
	(1221, 44, 1, 611, 'FR_', 0, '', '2019-07-19 13:47:35', 'QUESTIONNAIRE_MIGRATION_2019', '2019-07-19 13:47:35', 'QUESTIONNAIRE_MIGRATION_2019'),
	(1222, 44, 2, 611, '1 pad per day', 0, '', '2019-07-19 13:47:35', 'QUESTIONNAIRE_MIGRATION_2019', '2019-07-19 13:47:35', 'QUESTIONNAIRE_MIGRATION_2019'),
	(1223, 44, 1, 612, 'FR_', 0, '', '2019-07-19 13:47:35', 'QUESTIONNAIRE_MIGRATION_2019', '2019-07-19 13:47:35', 'QUESTIONNAIRE_MIGRATION_2019'),
	(1224, 44, 2, 612, '2 pads per day', 0, '', '2019-07-19 13:47:35', 'QUESTIONNAIRE_MIGRATION_2019', '2019-07-19 13:47:35', 'QUESTIONNAIRE_MIGRATION_2019'),
	(1225, 44, 1, 613, 'FR_', 0, '', '2019-07-19 13:47:35', 'QUESTIONNAIRE_MIGRATION_2019', '2019-07-19 13:47:35', 'QUESTIONNAIRE_MIGRATION_2019'),
	(1226, 44, 2, 613, '3 or more pads per day', 0, '', '2019-07-19 13:47:35', 'QUESTIONNAIRE_MIGRATION_2019', '2019-07-19 13:47:35', 'QUESTIONNAIRE_MIGRATION_2019'),
	(1227, 37, 1, 614, 'FR_', 0, '', '2019-07-19 13:47:35', 'QUESTIONNAIRE_MIGRATION_2019', '2019-07-19 13:47:35', 'QUESTIONNAIRE_MIGRATION_2019'),
	(1228, 37, 2, 614, 'Size of problem', 0, '', '2019-07-19 13:47:35', 'QUESTIONNAIRE_MIGRATION_2019', '2019-07-19 13:47:35', 'QUESTIONNAIRE_MIGRATION_2019'),
	(1229, 44, 1, 615, 'FR_', 0, '', '2019-07-19 13:47:35', 'QUESTIONNAIRE_MIGRATION_2019', '2019-07-19 13:47:35', 'QUESTIONNAIRE_MIGRATION_2019'),
	(1230, 44, 2, 615, 'No problem', 0, '', '2019-07-19 13:47:35', 'QUESTIONNAIRE_MIGRATION_2019', '2019-07-19 13:47:35', 'QUESTIONNAIRE_MIGRATION_2019'),
	(1231, 44, 1, 616, 'FR_', 0, '', '2019-07-19 13:47:35', 'QUESTIONNAIRE_MIGRATION_2019', '2019-07-19 13:47:35', 'QUESTIONNAIRE_MIGRATION_2019'),
	(1232, 44, 2, 616, 'Very small problem', 0, '', '2019-07-19 13:47:35', 'QUESTIONNAIRE_MIGRATION_2019', '2019-07-19 13:47:35', 'QUESTIONNAIRE_MIGRATION_2019'),
	(1233, 44, 1, 617, 'FR_', 0, '', '2019-07-19 13:47:35', 'QUESTIONNAIRE_MIGRATION_2019', '2019-07-19 13:47:35', 'QUESTIONNAIRE_MIGRATION_2019'),
	(1234, 44, 2, 617, 'Small problem', 0, '', '2019-07-19 13:47:35', 'QUESTIONNAIRE_MIGRATION_2019', '2019-07-19 13:47:35', 'QUESTIONNAIRE_MIGRATION_2019'),
	(1235, 44, 1, 618, 'FR_', 0, '', '2019-07-19 13:47:35', 'QUESTIONNAIRE_MIGRATION_2019', '2019-07-19 13:47:35', 'QUESTIONNAIRE_MIGRATION_2019'),
	(1236, 44, 2, 618, 'Moderate problem', 0, '', '2019-07-19 13:47:35', 'QUESTIONNAIRE_MIGRATION_2019', '2019-07-19 13:47:35', 'QUESTIONNAIRE_MIGRATION_2019'),
	(1237, 44, 1, 619, 'FR_', 0, '', '2019-07-19 13:47:35', 'QUESTIONNAIRE_MIGRATION_2019', '2019-07-19 13:47:35', 'QUESTIONNAIRE_MIGRATION_2019'),
	(1238, 44, 2, 619, 'Big problem', 0, '', '2019-07-19 13:47:35', 'QUESTIONNAIRE_MIGRATION_2019', '2019-07-19 13:47:35', 'QUESTIONNAIRE_MIGRATION_2019'),
	(1239, 37, 1, 620, 'FR_', 0, '', '2019-07-19 13:47:35', 'QUESTIONNAIRE_MIGRATION_2019', '2019-07-19 13:47:35', 'QUESTIONNAIRE_MIGRATION_2019'),
	(1240, 37, 2, 620, 'Number of bowel movements', 0, '', '2019-07-19 13:47:35', 'QUESTIONNAIRE_MIGRATION_2019', '2019-07-19 13:47:35', 'QUESTIONNAIRE_MIGRATION_2019'),
	(1241, 44, 1, 621, 'FR_', 0, '', '2019-07-19 13:47:35', 'QUESTIONNAIRE_MIGRATION_2019', '2019-07-19 13:47:35', 'QUESTIONNAIRE_MIGRATION_2019'),
	(1242, 44, 2, 621, 'Two or less', 0, '', '2019-07-19 13:47:35', 'QUESTIONNAIRE_MIGRATION_2019', '2019-07-19 13:47:35', 'QUESTIONNAIRE_MIGRATION_2019'),
	(1243, 44, 1, 622, 'FR_', 0, '', '2019-07-19 13:47:35', 'QUESTIONNAIRE_MIGRATION_2019', '2019-07-19 13:47:35', 'QUESTIONNAIRE_MIGRATION_2019'),
	(1244, 44, 2, 622, 'Three to four', 0, '', '2019-07-19 13:47:35', 'QUESTIONNAIRE_MIGRATION_2019', '2019-07-19 13:47:35', 'QUESTIONNAIRE_MIGRATION_2019'),
	(1245, 44, 1, 623, 'FR_', 0, '', '2019-07-19 13:47:35', 'QUESTIONNAIRE_MIGRATION_2019', '2019-07-19 13:47:35', 'QUESTIONNAIRE_MIGRATION_2019'),
	(1246, 44, 2, 623, 'Five or more', 0, '', '2019-07-19 13:47:35', 'QUESTIONNAIRE_MIGRATION_2019', '2019-07-19 13:47:35', 'QUESTIONNAIRE_MIGRATION_2019'),
	(1247, 37, 1, 624, 'FR_', 0, '', '2019-07-19 13:47:35', 'QUESTIONNAIRE_MIGRATION_2019', '2019-07-19 13:47:35', 'QUESTIONNAIRE_MIGRATION_2019'),
	(1248, 37, 2, 624, 'Rating', 0, '', '2019-07-19 13:47:35', 'QUESTIONNAIRE_MIGRATION_2019', '2019-07-19 13:47:35', 'QUESTIONNAIRE_MIGRATION_2019'),
	(1249, 44, 1, 625, 'FR_', 0, '', '2019-07-19 13:47:35', 'QUESTIONNAIRE_MIGRATION_2019', '2019-07-19 13:47:35', 'QUESTIONNAIRE_MIGRATION_2019'),
	(1250, 44, 2, 625, 'Very poor to none', 0, '', '2019-07-19 13:47:35', 'QUESTIONNAIRE_MIGRATION_2019', '2019-07-19 13:47:35', 'QUESTIONNAIRE_MIGRATION_2019'),
	(1251, 44, 1, 626, 'FR_', 0, '', '2019-07-19 13:47:35', 'QUESTIONNAIRE_MIGRATION_2019', '2019-07-19 13:47:35', 'QUESTIONNAIRE_MIGRATION_2019'),
	(1252, 44, 2, 626, 'Poor', 0, '', '2019-07-19 13:47:35', 'QUESTIONNAIRE_MIGRATION_2019', '2019-07-19 13:47:35', 'QUESTIONNAIRE_MIGRATION_2019'),
	(1253, 44, 1, 627, 'FR_', 0, '', '2019-07-19 13:47:35', 'QUESTIONNAIRE_MIGRATION_2019', '2019-07-19 13:47:35', 'QUESTIONNAIRE_MIGRATION_2019'),
	(1254, 44, 2, 627, 'Fair', 0, '', '2019-07-19 13:47:35', 'QUESTIONNAIRE_MIGRATION_2019', '2019-07-19 13:47:35', 'QUESTIONNAIRE_MIGRATION_2019'),
	(1255, 44, 1, 628, 'FR_', 0, '', '2019-07-19 13:47:35', 'QUESTIONNAIRE_MIGRATION_2019', '2019-07-19 13:47:35', 'QUESTIONNAIRE_MIGRATION_2019'),
	(1256, 44, 2, 628, 'Good', 0, '', '2019-07-19 13:47:35', 'QUESTIONNAIRE_MIGRATION_2019', '2019-07-19 13:47:35', 'QUESTIONNAIRE_MIGRATION_2019'),
	(1257, 44, 1, 629, 'FR_', 0, '', '2019-07-19 13:47:35', 'QUESTIONNAIRE_MIGRATION_2019', '2019-07-19 13:47:35', 'QUESTIONNAIRE_MIGRATION_2019'),
	(1258, 44, 2, 629, 'Very good', 0, '', '2019-07-19 13:47:35', 'QUESTIONNAIRE_MIGRATION_2019', '2019-07-19 13:47:35', 'QUESTIONNAIRE_MIGRATION_2019'),
	(1259, 37, 1, 630, 'FR_', 0, '', '2019-07-19 13:47:35', 'QUESTIONNAIRE_MIGRATION_2019', '2019-07-19 13:47:35', 'QUESTIONNAIRE_MIGRATION_2019'),
	(1260, 37, 2, 630, 'Quality of erections', 0, '', '2019-07-19 13:47:35', 'QUESTIONNAIRE_MIGRATION_2019', '2019-07-19 13:47:35', 'QUESTIONNAIRE_MIGRATION_2019'),
	(1261, 44, 1, 631, 'FR_', 0, '', '2019-07-19 13:47:35', 'QUESTIONNAIRE_MIGRATION_2019', '2019-07-19 13:47:35', 'QUESTIONNAIRE_MIGRATION_2019'),
	(1262, 44, 2, 631, 'None at all', 0, '', '2019-07-19 13:47:35', 'QUESTIONNAIRE_MIGRATION_2019', '2019-07-19 13:47:35', 'QUESTIONNAIRE_MIGRATION_2019'),
	(1263, 44, 1, 632, 'FR_', 0, '', '2019-07-19 13:47:35', 'QUESTIONNAIRE_MIGRATION_2019', '2019-07-19 13:47:35', 'QUESTIONNAIRE_MIGRATION_2019'),
	(1264, 44, 2, 632, 'Not firm enough for any sexual activity', 0, '', '2019-07-19 13:47:35', 'QUESTIONNAIRE_MIGRATION_2019', '2019-07-19 13:47:35', 'QUESTIONNAIRE_MIGRATION_2019'),
	(1265, 44, 1, 633, 'FR_', 0, '', '2019-07-19 13:47:35', 'QUESTIONNAIRE_MIGRATION_2019', '2019-07-19 13:47:35', 'QUESTIONNAIRE_MIGRATION_2019'),
	(1266, 44, 2, 633, 'Firm enough for masturbation and foreplay only', 0, '', '2019-07-19 13:47:35', 'QUESTIONNAIRE_MIGRATION_2019', '2019-07-19 13:47:35', 'QUESTIONNAIRE_MIGRATION_2019'),
	(1267, 44, 1, 634, 'FR_', 0, '', '2019-07-19 13:47:35', 'QUESTIONNAIRE_MIGRATION_2019', '2019-07-19 13:47:35', 'QUESTIONNAIRE_MIGRATION_2019'),
	(1268, 44, 2, 634, 'Firm enough for intercourse', 0, '', '2019-07-19 13:47:35', 'QUESTIONNAIRE_MIGRATION_2019', '2019-07-19 13:47:35', 'QUESTIONNAIRE_MIGRATION_2019'),
	(1269, 37, 1, 635, 'FR_', 0, '', '2019-07-19 13:47:35', 'QUESTIONNAIRE_MIGRATION_2019', '2019-07-19 13:47:35', 'QUESTIONNAIRE_MIGRATION_2019'),
	(1270, 37, 2, 635, 'Frequency of erections', 0, '', '2019-07-19 13:47:35', 'QUESTIONNAIRE_MIGRATION_2019', '2019-07-19 13:47:35', 'QUESTIONNAIRE_MIGRATION_2019'),
	(1271, 44, 1, 636, 'FR_', 0, '', '2019-07-19 13:47:35', 'QUESTIONNAIRE_MIGRATION_2019', '2019-07-19 13:47:35', 'QUESTIONNAIRE_MIGRATION_2019'),
	(1272, 44, 2, 636, 'I never had an erection when I wanted one', 0, '', '2019-07-19 13:47:35', 'QUESTIONNAIRE_MIGRATION_2019', '2019-07-19 13:47:35', 'QUESTIONNAIRE_MIGRATION_2019'),
	(1273, 44, 1, 637, 'FR_', 0, '', '2019-07-19 13:47:35', 'QUESTIONNAIRE_MIGRATION_2019', '2019-07-19 13:47:35', 'QUESTIONNAIRE_MIGRATION_2019'),
	(1274, 44, 2, 637, 'I had an erection less than half the time I wanted one', 0, '', '2019-07-19 13:47:35', 'QUESTIONNAIRE_MIGRATION_2019', '2019-07-19 13:47:35', 'QUESTIONNAIRE_MIGRATION_2019'),
	(1275, 44, 1, 638, 'FR_', 0, '', '2019-07-19 13:47:35', 'QUESTIONNAIRE_MIGRATION_2019', '2019-07-19 13:47:35', 'QUESTIONNAIRE_MIGRATION_2019'),
	(1276, 44, 2, 638, 'I had an erection about half the time I wanted one', 0, '', '2019-07-19 13:47:35', 'QUESTIONNAIRE_MIGRATION_2019', '2019-07-19 13:47:35', 'QUESTIONNAIRE_MIGRATION_2019'),
	(1277, 44, 1, 639, 'FR_', 0, '', '2019-07-19 13:47:35', 'QUESTIONNAIRE_MIGRATION_2019', '2019-07-19 13:47:35', 'QUESTIONNAIRE_MIGRATION_2019'),
	(1278, 44, 2, 639, 'I had an erection more than half the time I wanted one', 0, '', '2019-07-19 13:47:35', 'QUESTIONNAIRE_MIGRATION_2019', '2019-07-19 13:47:35', 'QUESTIONNAIRE_MIGRATION_2019'),
	(1279, 44, 1, 640, 'FR_', 0, '', '2019-07-19 13:47:35', 'QUESTIONNAIRE_MIGRATION_2019', '2019-07-19 13:47:35', 'QUESTIONNAIRE_MIGRATION_2019'),
	(1280, 44, 2, 640, 'I had an erection whenever I wanted one', 0, '', '2019-07-19 13:47:35', 'QUESTIONNAIRE_MIGRATION_2019', '2019-07-19 13:47:35', 'QUESTIONNAIRE_MIGRATION_2019'),
	(1281, 37, 1, 641, 'FR_', 0, '', '2019-07-19 13:47:35', 'QUESTIONNAIRE_MIGRATION_2019', '2019-07-19 13:47:35', 'QUESTIONNAIRE_MIGRATION_2019'),
	(1282, 37, 2, 641, 'Frequency for sexual habits', 0, '', '2019-07-19 13:47:35', 'QUESTIONNAIRE_MIGRATION_2019', '2019-07-19 13:47:35', 'QUESTIONNAIRE_MIGRATION_2019'),
	(1283, 44, 1, 642, 'FR_', 0, '', '2019-07-19 13:47:36', 'QUESTIONNAIRE_MIGRATION_2019', '2019-07-19 13:47:36', 'QUESTIONNAIRE_MIGRATION_2019'),
	(1284, 44, 2, 642, 'Not at all', 0, '', '2019-07-19 13:47:36', 'QUESTIONNAIRE_MIGRATION_2019', '2019-07-19 13:47:36', 'QUESTIONNAIRE_MIGRATION_2019'),
	(1285, 44, 1, 643, 'FR_', 0, '', '2019-07-19 13:47:36', 'QUESTIONNAIRE_MIGRATION_2019', '2019-07-19 13:47:36', 'QUESTIONNAIRE_MIGRATION_2019'),
	(1286, 44, 2, 643, 'Less than once a week', 0, '', '2019-07-19 13:47:36', 'QUESTIONNAIRE_MIGRATION_2019', '2019-07-19 13:47:36', 'QUESTIONNAIRE_MIGRATION_2019'),
	(1287, 44, 1, 644, 'FR_', 0, '', '2019-07-19 13:47:36', 'QUESTIONNAIRE_MIGRATION_2019', '2019-07-19 13:47:36', 'QUESTIONNAIRE_MIGRATION_2019'),
	(1288, 44, 2, 644, 'About once a week', 0, '', '2019-07-19 13:47:36', 'QUESTIONNAIRE_MIGRATION_2019', '2019-07-19 13:47:36', 'QUESTIONNAIRE_MIGRATION_2019'),
	(1289, 44, 1, 645, 'FR_', 0, '', '2019-07-19 13:47:36', 'QUESTIONNAIRE_MIGRATION_2019', '2019-07-19 13:47:36', 'QUESTIONNAIRE_MIGRATION_2019'),
	(1290, 44, 2, 645, 'Several times a week', 0, '', '2019-07-19 13:47:36', 'QUESTIONNAIRE_MIGRATION_2019', '2019-07-19 13:47:36', 'QUESTIONNAIRE_MIGRATION_2019'),
	(1291, 44, 1, 646, 'FR_', 0, '', '2019-07-19 13:47:36', 'QUESTIONNAIRE_MIGRATION_2019', '2019-07-19 13:47:36', 'QUESTIONNAIRE_MIGRATION_2019'),
	(1292, 44, 2, 646, 'Daily', 0, '', '2019-07-19 13:47:36', 'QUESTIONNAIRE_MIGRATION_2019', '2019-07-19 13:47:36', 'QUESTIONNAIRE_MIGRATION_2019'),
	(1293, 37, 1, 647, 'FR_', 0, '', '2019-07-19 13:47:36', 'QUESTIONNAIRE_MIGRATION_2019', '2019-07-19 13:47:36', 'QUESTIONNAIRE_MIGRATION_2019'),
	(1294, 37, 2, 647, 'Weight change', 0, '', '2019-07-19 13:47:36', 'QUESTIONNAIRE_MIGRATION_2019', '2019-07-19 13:47:36', 'QUESTIONNAIRE_MIGRATION_2019'),
	(1295, 44, 1, 648, 'FR_', 0, '', '2019-07-19 13:47:36', 'QUESTIONNAIRE_MIGRATION_2019', '2019-07-19 13:47:36', 'QUESTIONNAIRE_MIGRATION_2019'),
	(1296, 44, 2, 648, 'Gained 10 pounds or more', 0, '', '2019-07-19 13:47:36', 'QUESTIONNAIRE_MIGRATION_2019', '2019-07-19 13:47:36', 'QUESTIONNAIRE_MIGRATION_2019'),
	(1297, 44, 1, 649, 'FR_', 0, '', '2019-07-19 13:47:36', 'QUESTIONNAIRE_MIGRATION_2019', '2019-07-19 13:47:36', 'QUESTIONNAIRE_MIGRATION_2019'),
	(1298, 44, 2, 649, 'Gained less than 10 pounds', 0, '', '2019-07-19 13:47:36', 'QUESTIONNAIRE_MIGRATION_2019', '2019-07-19 13:47:36', 'QUESTIONNAIRE_MIGRATION_2019'),
	(1299, 44, 1, 650, 'FR_', 0, '', '2019-07-19 13:47:36', 'QUESTIONNAIRE_MIGRATION_2019', '2019-07-19 13:47:36', 'QUESTIONNAIRE_MIGRATION_2019'),
	(1300, 44, 2, 650, 'No change in weight', 0, '', '2019-07-19 13:47:36', 'QUESTIONNAIRE_MIGRATION_2019', '2019-07-19 13:47:36', 'QUESTIONNAIRE_MIGRATION_2019'),
	(1301, 44, 1, 651, 'FR_', 0, '', '2019-07-19 13:47:36', 'QUESTIONNAIRE_MIGRATION_2019', '2019-07-19 13:47:36', 'QUESTIONNAIRE_MIGRATION_2019'),
	(1302, 44, 2, 651, 'Lost less than 10 pounds', 0, '', '2019-07-19 13:47:36', 'QUESTIONNAIRE_MIGRATION_2019', '2019-07-19 13:47:36', 'QUESTIONNAIRE_MIGRATION_2019'),
	(1303, 44, 1, 652, 'FR_', 0, '', '2019-07-19 13:47:36', 'QUESTIONNAIRE_MIGRATION_2019', '2019-07-19 13:47:36', 'QUESTIONNAIRE_MIGRATION_2019'),
	(1304, 44, 2, 652, 'Lost 10 pounds or more', 0, '', '2019-07-19 13:47:36', 'QUESTIONNAIRE_MIGRATION_2019', '2019-07-19 13:47:36', 'QUESTIONNAIRE_MIGRATION_2019'),
	(1305, 37, 1, 653, 'FR_', 0, '', '2019-07-19 13:47:36', 'QUESTIONNAIRE_MIGRATION_2019', '2019-07-19 13:47:36', 'QUESTIONNAIRE_MIGRATION_2019'),
	(1306, 37, 2, 653, 'Satisfaction', 0, '', '2019-07-19 13:47:36', 'QUESTIONNAIRE_MIGRATION_2019', '2019-07-19 13:47:36', 'QUESTIONNAIRE_MIGRATION_2019'),
	(1307, 44, 1, 654, 'FR_', 0, '', '2019-07-19 13:47:36', 'QUESTIONNAIRE_MIGRATION_2019', '2019-07-19 13:47:36', 'QUESTIONNAIRE_MIGRATION_2019'),
	(1308, 44, 2, 654, 'Extremely dissatisfied', 0, '', '2019-07-19 13:47:36', 'QUESTIONNAIRE_MIGRATION_2019', '2019-07-19 13:47:36', 'QUESTIONNAIRE_MIGRATION_2019'),
	(1309, 44, 1, 655, 'FR_', 0, '', '2019-07-19 13:47:36', 'QUESTIONNAIRE_MIGRATION_2019', '2019-07-19 13:47:36', 'QUESTIONNAIRE_MIGRATION_2019'),
	(1310, 44, 2, 655, 'Dissatisfied', 0, '', '2019-07-19 13:47:36', 'QUESTIONNAIRE_MIGRATION_2019', '2019-07-19 13:47:36', 'QUESTIONNAIRE_MIGRATION_2019'),
	(1311, 44, 1, 656, 'FR_', 0, '', '2019-07-19 13:47:36', 'QUESTIONNAIRE_MIGRATION_2019', '2019-07-19 13:47:36', 'QUESTIONNAIRE_MIGRATION_2019'),
	(1312, 44, 2, 656, 'Uncertain', 0, '', '2019-07-19 13:47:36', 'QUESTIONNAIRE_MIGRATION_2019', '2019-07-19 13:47:36', 'QUESTIONNAIRE_MIGRATION_2019'),
	(1313, 44, 1, 657, 'FR_', 0, '', '2019-07-19 13:47:36', 'QUESTIONNAIRE_MIGRATION_2019', '2019-07-19 13:47:36', 'QUESTIONNAIRE_MIGRATION_2019'),
	(1314, 44, 2, 657, 'Satisfied', 0, '', '2019-07-19 13:47:36', 'QUESTIONNAIRE_MIGRATION_2019', '2019-07-19 13:47:36', 'QUESTIONNAIRE_MIGRATION_2019'),
	(1315, 44, 1, 658, 'FR_', 0, '', '2019-07-19 13:47:36', 'QUESTIONNAIRE_MIGRATION_2019', '2019-07-19 13:47:36', 'QUESTIONNAIRE_MIGRATION_2019'),
	(1316, 44, 2, 658, 'Extremely satisfied', 0, '', '2019-07-19 13:47:36', 'QUESTIONNAIRE_MIGRATION_2019', '2019-07-19 13:47:36', 'QUESTIONNAIRE_MIGRATION_2019'),
	(1317, 37, 1, 659, 'FR_', 0, '', '2019-07-19 13:47:36', 'QUESTIONNAIRE_MIGRATION_2019', '2019-07-19 13:47:36', 'QUESTIONNAIRE_MIGRATION_2019'),
	(1318, 37, 2, 659, 'Scale (0-10)', 0, '', '2019-07-19 13:47:36', 'QUESTIONNAIRE_MIGRATION_2019', '2019-07-19 13:47:36', 'QUESTIONNAIRE_MIGRATION_2019'),
	(1319, 45, 1, 660, '0', 0, '', '2019-07-19 13:47:36', 'QUESTIONNAIRE_MIGRATION_2019', '2019-07-19 13:47:36', 'QUESTIONNAIRE_MIGRATION_2019'),
	(1320, 45, 2, 660, '0', 0, '', '2019-07-19 13:47:36', 'QUESTIONNAIRE_MIGRATION_2019', '2019-07-19 13:47:36', 'QUESTIONNAIRE_MIGRATION_2019'),
	(1321, 45, 1, 661, '10', 0, '', '2019-07-19 13:47:36', 'QUESTIONNAIRE_MIGRATION_2019', '2019-07-19 13:47:36', 'QUESTIONNAIRE_MIGRATION_2019'),
	(1322, 45, 2, 661, '10', 0, '', '2019-07-19 13:47:36', 'QUESTIONNAIRE_MIGRATION_2019', '2019-07-19 13:47:36', 'QUESTIONNAIRE_MIGRATION_2019'),
	(1323, 37, 1, 662, 'FR_', 0, '', '2019-07-19 13:47:36', 'QUESTIONNAIRE_MIGRATION_2019', '2019-07-19 13:47:36', 'QUESTIONNAIRE_MIGRATION_2019'),
	(1324, 37, 2, 662, 'Short Answer', 0, '', '2019-07-19 13:47:36', 'QUESTIONNAIRE_MIGRATION_2019', '2019-07-19 13:47:36', 'QUESTIONNAIRE_MIGRATION_2019'),
	(1325, 37, 1, 663, 'FR_', 0, '', '2019-07-19 13:47:36', 'QUESTIONNAIRE_MIGRATION_2019', '2019-07-19 13:47:36', 'QUESTIONNAIRE_MIGRATION_2019'),
	(1326, 37, 2, 663, 'Date', 0, '', '2019-07-19 13:47:36', 'QUESTIONNAIRE_MIGRATION_2019', '2019-07-19 13:47:36', 'QUESTIONNAIRE_MIGRATION_2019'),
	(1327, 37, 1, 664, 'FR_', 0, '', '2019-07-19 13:47:36', 'QUESTIONNAIRE_MIGRATION_2019', '2019-07-19 13:47:36', 'QUESTIONNAIRE_MIGRATION_2019'),
	(1328, 37, 2, 664, 'Time', 0, '', '2019-07-19 13:47:36', 'QUESTIONNAIRE_MIGRATION_2019', '2019-07-19 13:47:36', 'QUESTIONNAIRE_MIGRATION_2019'),
	(1329, 27, 2, 665, 'Test questionnaire for 3 sections', 0, '', '2019-07-26 10:59:00', 'TEST_LISTENER', '2019-07-26 14:00:13', 'TEST_LISTENER'),
	(1330, 27, 1, 665, 'Test questionnaire for 3 sections FR_', 0, '', '2019-07-26 10:59:33', 'TEST_LISTENER', '2019-07-26 14:00:10', 'TEST_LISTENER'),
	(1331, 32, 2, 666, 'Test questionnaire for 3 sections - section 1', 0, '', '2019-07-26 11:03:33', 'TEST_LISTENER', '2019-07-26 14:00:16', 'TEST_LISTENER'),
	(1332, 32, 1, 666, 'Test questionnaire for 3 sections - section 1 FR_', 0, '', '2019-07-26 11:04:26', 'TEST_LISTENER', '2019-07-26 14:00:17', 'TEST_LISTENER'),
	(1333, 32, 2, 667, 'Test questionnaire for 3 sections - section 2', 0, '', '2019-07-26 11:06:44', 'TEST_LISTENER', '2019-07-26 14:00:19', 'TEST_LISTENER'),
	(1334, 32, 1, 667, 'Test questionnaire for 3 sections - section 1 FR_', 0, '', '2019-07-26 11:07:03', 'TEST_LISTENER', '2019-07-26 14:00:20', 'TEST_LISTENER'),
	(1335, 32, 2, 668, 'Test questionnaire for 3 sections - section 3', 0, '', '2019-07-26 11:08:16', 'TEST_LISTENER', '2019-07-26 14:00:22', 'TEST_LISTENER'),
	(1336, 32, 1, 668, 'Test questionnaire for 3 sections - section 3 FR_', 0, '', '2019-07-26 11:08:43', 'TEST_LISTENER', '2019-07-26 14:00:25', 'TEST_LISTENER');
/*!40000 ALTER TABLE `dictionary` ENABLE KEYS */;

-- Dumping structure for function questionnairedb2019.getAnswerTableOptionID
DROP FUNCTION IF EXISTS `getAnswerTableOptionID`;
DELIMITER //
CREATE DEFINER=`root`@`localhost` FUNCTION `getAnswerTableOptionID`(
`i_questionID` BIGINT,
`i_content` VARCHAR(255
),
`i_answerTypeID` BIGINT

) RETURNS bigint(20)
    DETERMINISTIC
BEGIN

-- Declare variables
Declare wsReturn, wsCount int;
Declare wsQuestionID, wsAnswerTypeID bigint;
Declare wsContent varchar(255);

-- Store the parameters
set wsReturn = -1;
Set wsContent = i_content;
Set wsAnswerTypeID = i_answerTypeID;
Set wsQuestionID = i_questionID;

-- Answer Type ID : 1 = Checkbox, 4 = Radiobutton, 5 = Label
-- The answer types can be found in table "Type"
-- NOTE: Currently we don't have any Label for now
if (wsAnswerTypeID = 1) then 
set wsReturn = (SELECT cbOpt.ID 
FROM checkbox cb, checkboxOption cbOpt
WHERE cb.questionId = i_questionID
AND cb.ID = cbOpt.parentTableId
AND cbOpt.description IN (
SELECT contentId
FROM dictionary
WHERE content = i_content
AND deleted <> 1 
AND tableId IN (12, 17, 31) -- where 12, 17, 31 are checkboxOption, labelOption, radioButtonOption tables resp., you can check in definitionTable
)
LIMIT 1
);
end if;
if (wsAnswerTypeID = 4) then 
set wsReturn = (SELECT rbOpt.ID  
FROM radioButton rb, radioButtonOption rbOpt
WHERE rb.questionId = i_questionID
AND rbOpt.parentTableId = rb.ID
AND rbOpt.description IN (
SELECT contentId
FROM dictionary
WHERE content = i_content
AND deleted <> 1 
AND tableId IN (12, 17, 31) -- where 12, 17, 31 are checkboxOption, labelOption, radioButtonOption tables resp., you can check in definitionTable
)
LIMIT 1
);
end if;

set wsReturn = ifnull(wsReturn, -1);
return wsReturn;


END//
DELIMITER ;

-- Dumping structure for procedure questionnairedb2019.getAnswerText
DROP PROCEDURE IF EXISTS `getAnswerText`;
DELIMITER //
CREATE DEFINER=`root`@`localhost` PROCEDURE `getAnswerText`(
	IN `i_AnswerId` BIGINT,
	IN `i_Language` BIGINT



)
    DETERMINISTIC
BEGIN

	-- Declare variables
	-- Declare wsReturn VarChar(516);
	
	-- Get the answer
	-- set wsReturn = 
	SELECT CONVERT(answerTextBox.VALUE, CHAR(516)) AS value
	FROM answerTextBox
	WHERE answerTextBox.answerId = i_AnswerId
	UNION 
	SELECT CONVERT(answerSlider.VALUE, CHAR(516))
	FROM answerSlider
	WHERE answerSlider.answerId = i_AnswerId
	UNION 
	SELECT CONVERT(answerDate.VALUE, CHAR(516))
	FROM answerDate
	WHERE answerDate.answerId = i_AnswerId
	UNION 
	SELECT CONVERT(answerTime.VALUE, CHAR(516))
	FROM answerTime
	WHERE answerTime.answerId = i_AnswerId
	UNION 
	SELECT CONVERT(getDisplayName(rbOpt.description, i_Language), CHAR(516)) 
	FROM answerRadioButton aRB, radioButtonOption rbOpt
	WHERE aRB.answerId = i_AnswerId
		AND rbOpt.ID = aRB.`value`
	UNION 
	SELECT CONVERT(getDisplayName(cOpt.description, i_Language), CHAR(516)) 
	FROM answerCheckbox aC, checkboxOption cOpt
	WHERE aC.answerId = i_AnswerId
		AND cOpt.ID = aC.`value`
	UNION 
	SELECT CONVERT(getDisplayName(lOpt.description, i_Language), CHAR(516)) 
	FROM answerLabel aL, labelOption lOpt
	WHERE aL.answerId = i_AnswerId
		AND lOpt.ID = aL.`value`
	;
	
	-- Return wsReturn;

END//
DELIMITER ;

-- Dumping structure for function questionnairedb2019.getDisplayName
DROP FUNCTION IF EXISTS `getDisplayName`;
DELIMITER //
CREATE DEFINER=`root`@`localhost` FUNCTION `getDisplayName`(
	`i_ContentID` BIGINT,
	`i_LanguageID` BIGINT


) RETURNS mediumtext CHARSET utf8
    DETERMINISTIC
BEGIN
-- Declare variables
	Declare wsText, wsReturnText, wsReturn MEDIUMTEXT;
	Declare wsCount int;

	-- Store the parameters
	set wsText = '';
	set wsCount = 0;
	
	-- Get the translation
	Select count(*), content 
	into wsCount, wsReturnText
	from dictionary 
	where contentId = i_ContentID and languageId = i_LanguageID;
	
  -- if no record found then return empty
  -- otherwise return the translation text
  	if (wsCount = 0) then
		set wsReturn = wsText;
	else
		set wsReturn = wsReturnText;
	end if;
	
	Return wsReturn;

END//
DELIMITER ;

-- Dumping structure for procedure questionnairedb2019.getQuestionnaireInfo
DROP PROCEDURE IF EXISTS `getQuestionnaireInfo`;
DELIMITER //
CREATE DEFINER=`root`@`localhost` PROCEDURE `getQuestionnaireInfo`(
	IN `i_answerQuestionnaireId` BIGINT,
	IN `i_isoLang` VARCHAR(2)

















)
    DETERMINISTIC
BEGIN
	
	-- this procedure is intended to get the questionnaire, section, and questions from an answreQuestionnaireId.
	-- the language is passed in iso form, i.e. 'EN', 'FR'. If the language is not valid, default to French
	
	-- declare variables
	declare wsCountLang, wsCountQuestionnaire, wsReturn, questionnaire_status int;
	declare questionnaire_id bigint;
	declare language_id bigint;
	declare default_isoLang varchar(2);
	declare answer_id_text text;

	-- set default language to French
	set default_isoLang = 'FR';
	
	-- note: wsReturn convention for this procedure: success = 0, language error = -1, error in answerQuestionnaireId = -2
	
	-- get language
	select count(*), ID into wsCountLang, language_id from language where isoLang = i_isoLang and deleted = 0;
	
	-- label is a way to do early exit
	get_questionnaire:BEGIN
	
		-- verify language is correct	
		if wsCountLang <> 1 then
			
			-- try to get language again using default language
			select count(*), ID into wsCountLang, language_id from language where isoLang = default_isoLang and deleted = 0;
			
			-- verify again that language is correct	
			if wsCountLang <> 1 then
				set wsReturn = -1;
				leave get_questionnaire;
			end if;
			
		end if;
		
		-- get the questionnaireId
		select count(*), aq.questionnaireId, aq.`status` into wsCountQuestionnaire, questionnaire_id, questionnaire_status	-- this will return 1 row only since ID is the primary key of answerQuestionnaire table
		from answerquestionnaire aq
		where aq.ID = i_answerQuestionnaireId
			and aq.deleted = 0
		;
	
		-- verify that the questionnaireId is being returned
		if wsCountQuestionnaire <> 1 then
			set wsReturn = -2;
			leave get_questionnaire;
		end if;
		
		-- get information about that particular questionnaire
		select aq.ID as qp_ser_num,
			aq.`status` as status,
			q.ID as questionnaire_id,
			IF (q.nickname <> -1, getDisplayName(q.nickname,language_id), getDisplayName(q.title,language_id)) as nickname,
			q.logo as logo,
			getDisplayName(q.description,language_id) as description,
			getDisplayName(q.instruction,language_id) as instruction, 
			q.optionalFeedback as allow_questionnaire_feedback
		from answerquestionnaire aq 
			left join questionnaire q on (aq.questionnaireId = q.ID)
		where aq.ID = i_answerQuestionnaireId
			and aq.deleted = 0
			and q.deleted = 0
			and q.final = 1
		;
	
		-- Get the information about sections in that questionnaire
		-- temporary table is created to store section_id(s) for the next step
		drop table if exists section_info;
		create temporary table if not exists section_info as 
		(
			select sec.ID as section_id,
				if(sec.title <> -1, getDisplayName(sec.title, language_id), '') as section_title,
				getDisplayName(sec.instruction, language_id) as section_instruction,
				sec.`order` as section_position
			from section sec 
			where sec.questionnaireId = questionnaire_id
				and sec.deleted = 0
		);
		
		select * from section_info;
		
		-- get questions for those sections
		select
			qSec.ID as questionSection_id,
			qSec.order as question_position,
			qSec.sectionId as section_id,
			qSec.orientation as orientation,
			qSec.optional as optional,
			q.ID as question_id,
			getDisplayName(q.question,language_id) as question_text,
			q.typeId as type_id,
			getTypeName(q.typeId,2) as question_type_category_key,	-- this should always be in english for the front-end
			q.polarity as polarity,
			q.optionalFeedback as allow_question_feedback
		from questionSection qSec
			left join question q on (q.ID = qSec.questionId)
		where qSec.sectionId IN (select section_id from section_info)
			and q.deleted = 0
			and q.final = 1
		;
		
		if questionnaire_status = 0 then 
			-- the line below is not really needed, however, since without it the number of query returned will not be the same for new and other status questionnaire, this is added to prevent error when calling this procedure.
			select questionnaire_status as status;
			
		else
			-- if the questionnaire is not new, then get its answer
			
			-- get answers_id for this questionnaire
			drop table if exists answer_summary;
			create temporary table if not exists answer_summary as (
				SELECT 
					aSec.answerQuestionnaireId as questionnairePatientRelSerNum,
					aSec.sectionId as section_id,
					a.ID as answer_id,
					a.questionId as question_id,
					a.typeId as type_id,
					a.answered as answered,
					a.skipped as skipped,
					a.creationDate as created,
					a.lastUpdated as last_updated,
					a.languageId as answer_language_id,
					qSec.ID AS questionSection_id
				FROM (answerSection aSec
					LEFT JOIN answer a ON (a.answerSectionId = aSec.ID)),
					questionSection qSec
				WHERE aSec.answerQuestionnaireId = i_answerQuestionnaireId
				    AND a.deleted = 0
				    AND qSec.questionId = a.questionId
					 AND qSec.sectionId = a.sectionId
			);
			
			-- get the list of answer_id for which to get their values
			select GROUP_CONCAT(answer_id) into answer_id_text from answer_summary;
			
			-- get answer from the answer_ids
			set @wsSQL = concat(
				"select answer_summary.*,
					a.answer_value,
					a.answer_option_text,
					a.intensity,
					a.posX,
					a.posY,
					a.selected
				from answer_summary left join (
					select rb.answerId as answer_id,
						CONVERT(rb.value, CHAR(516)) as answer_value,
						getDisplayName((select rbOpt.description from radioButtonOption rbOpt where rbOpt.ID = rb.value),", language_id, ") as answer_option_text,
						-1 as intensity,
						-1 as posX,
						-1 as posY,
						-1 as selected
					from answerRadioButton rb
					where rb.answerId in (", answer_id_text, ")
					UNION
					select c.answerId as answer_id,
						CONVERT(c.value, CHAR(516)) as answer_value,
						getDisplayName((select cOpt.description from checkboxOption cOpt where cOpt.ID = c.value), ",language_id, ") as answer_option_text,
						-1 as intensity,
						-1 as posX,
						-1 as posY,
						-1 as selected
					from answerCheckbox c
					where c.answerId in (", answer_id_text, ")
					UNION
					select t.answerId, 
						CONVERT(t.value, CHAR(516)) as answer_value,
						-1 as answer_option_text,
						-1 as intensity,
						-1 as posX,
						-1 as posY,
						-1 as selected
					from answerTextBox t
					where t.answerId in (", answer_id_text, ")
					UNION
					select d.answerId, 
						CONVERT(d.value, CHAR(516)) as answer_value,
						-1 as answer_option_text,
						-1 as intensity,
						-1 as posX,
						-1 as posY,
						-1 as selected
					from answerDate d
					where d.answerId in (", answer_id_text, ")
					UNION
					select answerTime.answerId, 
						CONVERT(answerTime.value, CHAR(516)) as answer_value,
						-1 as answer_option_text,
						-1 as intensity,
						-1 as posX,
						-1 as posY,
						-1 as selected
					from answerTime 
					where answerTime.answerId in (", answer_id_text, ")
					UNION
					select s.answerId, 
						CONVERT(s.value, CHAR(516)) as answer_value,
						-1 as answer_option_text,
						-1 as intensity,
						-1 as posX,
						-1 as posY,
						-1 as selected
					from answerSlider s
					where s.answerId in (", answer_id_text, ")
					UNION
					select l.answerId, 
						CONVERT(l.value, CHAR(516)) as answer_value,
						getDisplayName((select lOpt.description from labelOption lOpt where lOpt.ID = l.value), ", language_id, ") as answer_option_text,
						l.intensity,
						l.posX,
						l.posY,
						l.selected
					from answerLabel l
					where l.answerId in (", answer_id_text, ")) a 
				on (answer_summary.answer_id = a.answer_id)
				;"
			);
			
			-- execute SQL statement
			prepare stmt from @wsSQL;
	
			Execute stmt;
			deallocate prepare stmt;
			
		end if; -- end of getting answers
		
		set wsReturn = 0;
		
	END; -- end of get_questionnaire block

	select wsReturn as procedure_status, language_id as language_id;

END//
DELIMITER ;

-- Dumping structure for procedure questionnairedb2019.getQuestionnaireList
DROP PROCEDURE IF EXISTS `getQuestionnaireList`;
DELIMITER //
CREATE DEFINER=`root`@`localhost` PROCEDURE `getQuestionnaireList`(
	IN `i_externalPatientId` VARCHAR(64),
	IN `i_isoLang` VARCHAR(2)

)
    DETERMINISTIC
BEGIN

	-- this procedure gets the list of questionnaire belonging to a single patient.
	-- it requires an external patient ID i.e. from OpalDB, and a language in ISO format, i.e. 'EN', 'FR'. If the language is not valid, default to French.
	
	-- declare variables
	declare wsCountLang, wsReturn int;
	declare language_id bigint;
	declare default_isoLang varchar(2);
	
	-- set default language to French
	set default_isoLang = 'FR';
	
	-- note: wsReturn convention for this procedure: success = 0, language error = -1
	
	-- get language
	select count(*), ID into wsCountLang, language_id from language where isoLang = i_isoLang and deleted = 0;
	
	-- label is a way to do early exit
	get_questionnaire_list:BEGIN
	
		-- verify language is correct	
		if wsCountLang <> 1 then
		
			-- try to get language again using default language
			select count(*), ID into wsCountLang, language_id from language where isoLang = default_isoLang and deleted = 0;
			
			-- verify again that language is correct	
			if wsCountLang <> 1 then
				set wsReturn = -1;
				leave get_questionnaire_list;
			end if;
			
		end if;
		
		-- get the list of questionnaire
		SELECT aq.ID AS qp_ser_num,
			aq.questionnaireId AS questionnaire_id,
			aq.`status` AS status,
			aq.creationDate AS created,
			aq.lastUpdated AS last_updated,
			getDisplayName(IF(q.nickname <> -1, q.nickname, q.title), language_id) AS nickname
		FROM answerQuestionnaire aq LEFT JOIN questionnaire q ON q.ID = aq.questionnaireId
		WHERE aq.deleted <> 1
			AND aq.patientId = 
				(SELECT ID
				FROM patient
				WHERE externalId = i_externalPatientId
				AND deleted <> 1);
		
		set wsReturn = 0;
				
	END; -- end of the get_questionnaire_list block
	
	select wsReturn as procedure_status;
	
END//
DELIMITER ;

-- Dumping structure for procedure questionnairedb2019.getQuestionOptions
DROP PROCEDURE IF EXISTS `getQuestionOptions`;
DELIMITER //
CREATE DEFINER=`root`@`localhost` PROCEDURE `getQuestionOptions`(
	IN `i_typeId` BIGINT,
	IN `i_questionId` TEXT,
	IN `i_languageId` BIGINT



)
    DETERMINISTIC
BEGIN

	/*
	Parameter: i_typeId: the typeId of the questions passed
				i_questionId: the list of questions' ID to get the options for
				i_languageId: the languageId to get the options displayed in
				
	Produce the list of choices/options
	
	note: wsReturn convention for this procedure: success = 0, no matching type = -1
	*/

	-- declare variables
	declare wsReturn, wsTableNameCount int;
	declare tableName, subTableName varchar(255);
	
	get_options: BEGIN
	
		-- verify length of i_questionId
		if (length(trim(i_questionId)) = 0) then
			set wsReturn = 0;
			leave get_options;
		end if;
	
		-- get table names for that type
		select 
			count(*),
			(select def.name from definitionTable def where def.ID = type.tableId) as tableName,
			if (type.subTableId = -1, '-1', (select def.name from definitionTable def where def.ID = type.subTableId)) as subTableName
			into wsTableNameCount, tableName, subTableName
		from type
		where type.ID = i_typeId;
		
		-- verify that a single table name has been returned
		if wsTableNameCount <> 1 then
			set wsReturn = -1;
			leave get_options;
		end if;
		
		-- slider type: special due to it having more fields to translate
		if tableName = 'slider' then
			set @wsSQL = concat(
				"select s.ID, 
					s.questionId,
					s.minValue as min_value,
					s.maxValue as max_value,
					getDisplayName(s.minCaption, ", i_languageId, ") as min_caption,
					getDisplayName(s.maxCaption, ", i_languageId, ") as max_caption,
					s.increment as increment
				from slider s
				where s.questionId in (", i_questionId, ");"
			);
		
		-- types without a subTable: date, time, slider (which is a special case dealed with earlier)
		elseif subTableName = '-1' then
			set @wsSQL = concat(
				"select *
				from ", tableName, " t
				where t.questionId in (", i_questionId, ");
				"
			);
		
		-- types with a subTable: checkbox, radioButton, label, textBox
		else
			set @wsSQL = concat(
				"select *, 
					subT.ID as option_id,
					getDisplayName(subT.description, ", i_languageId, ") as option_text
				from ", tableName, " t
					left join ", subTableName, " subT on (t.ID = subT.parentTableId)
				where t.questionId in (", i_questionId, ");"
			);
		end if;
		
		-- execute SQL statements
		prepare stmt from @wsSQL;
		
		Execute stmt;
		deallocate prepare stmt;
		
		-- end of execution, return success
		set wsReturn = 0;
		
	END; -- end of get_options block
	
	select wsReturn as procedure_status, i_typeId as type_id, tableName as type_table_name;
	 
END//
DELIMITER ;

-- Dumping structure for function questionnairedb2019.getTypeName
DROP FUNCTION IF EXISTS `getTypeName`;
DELIMITER //
CREATE DEFINER=`root`@`localhost` FUNCTION `getTypeName`(
	`i_typeID` INT,
	`i_LanguageID` INT
) RETURNS mediumtext CHARSET latin1
    DETERMINISTIC
BEGIN

	-- Declare variables
	Declare wsText, wsReturnText, wsReturn MEDIUMTEXT;
	Declare wsCount int;

	-- Store the parameters
	set wsText = '';
	set wsCount = 0;
	
	-- Get the type
	select count(*), getDisplayName(type.description, i_LanguageID)
	into wsCount, wsReturnText
	from type
	where type.ID = i_typeID;
	
  -- if no record found then return empty
  -- otherwise return the translation text
  	if (wsCount = 0) then
		set wsReturn = wsText;
	else
		set wsReturn = wsReturnText;
	end if;
	
	Return wsReturn;

END//
DELIMITER ;

-- Dumping structure for table questionnairedb2019.label
DROP TABLE IF EXISTS `label`;
CREATE TABLE IF NOT EXISTS `label` (
  `ID` bigint(20) NOT NULL AUTO_INCREMENT,
  `questionId` bigint(20) NOT NULL,
  `displayIntensity` tinyint(4) NOT NULL DEFAULT '0' COMMENT '0 = patient cannot select intensity, 1 = patient can select intensity',
  `pathImage` varchar(512) NOT NULL,
  PRIMARY KEY (`ID`),
  KEY `fk_label_questionId_question_ID` (`questionId`),
  CONSTRAINT `fk_label_questionId_question_ID` FOREIGN KEY (`questionId`) REFERENCES `question` (`ID`) ON DELETE NO ACTION ON UPDATE NO ACTION
) ENGINE=InnoDB DEFAULT CHARSET=utf8;

-- Dumping data for table questionnairedb2019.label: ~0 rows (approximately)
DELETE FROM `label`;
/*!40000 ALTER TABLE `label` DISABLE KEYS */;
/*!40000 ALTER TABLE `label` ENABLE KEYS */;

-- Dumping structure for table questionnairedb2019.labeloption
DROP TABLE IF EXISTS `labeloption`;
CREATE TABLE IF NOT EXISTS `labeloption` (
  `ID` bigint(20) NOT NULL AUTO_INCREMENT,
  `parentTableId` bigint(20) NOT NULL,
  `description` bigint(20) NOT NULL,
  `posInitX` int(11) NOT NULL DEFAULT '0',
  `posInitY` int(11) NOT NULL DEFAULT '0',
  `posFinalX` int(11) NOT NULL DEFAULT '0',
  `posFinalY` int(11) NOT NULL DEFAULT '0',
  `intensity` int(11) NOT NULL DEFAULT '0',
  `order` int(11) NOT NULL DEFAULT '0',
  PRIMARY KEY (`ID`),
  KEY `fk_labelOption_parentTableId_label_ID` (`parentTableId`),
  KEY `fk_labelOption_description_dictionary_contentId` (`description`),
  CONSTRAINT `fk_labelOption_description_dictionary_contentId` FOREIGN KEY (`description`) REFERENCES `dictionary` (`contentId`) ON DELETE NO ACTION ON UPDATE NO ACTION,
  CONSTRAINT `fk_labelOption_parentTableId_label_ID` FOREIGN KEY (`parentTableId`) REFERENCES `label` (`ID`) ON DELETE NO ACTION ON UPDATE NO ACTION
) ENGINE=InnoDB DEFAULT CHARSET=utf8;

-- Dumping data for table questionnairedb2019.labeloption: ~0 rows (approximately)
DELETE FROM `labeloption`;
/*!40000 ALTER TABLE `labeloption` DISABLE KEYS */;
/*!40000 ALTER TABLE `labeloption` ENABLE KEYS */;

-- Dumping structure for table questionnairedb2019.language
DROP TABLE IF EXISTS `language`;
CREATE TABLE IF NOT EXISTS `language` (
  `ID` bigint(20) NOT NULL AUTO_INCREMENT,
  `isoLang` varchar(2) NOT NULL,
  `name` bigint(20) NOT NULL,
  `deleted` tinyint(4) NOT NULL DEFAULT '0',
  `deletedBy` varchar(255) NOT NULL,
  `creationDate` datetime NOT NULL,
  `createdBy` varchar(255) NOT NULL,
  `lastUpdated` timestamp NOT NULL DEFAULT CURRENT_TIMESTAMP ON UPDATE CURRENT_TIMESTAMP,
  `updatedBy` varchar(255) NOT NULL,
  PRIMARY KEY (`ID`),
  KEY `fk_language_deleted` (`deleted`),
  KEY `fk_language_name_dictionary_ID` (`name`),
  CONSTRAINT `fk_language_name_dictionary_ID` FOREIGN KEY (`name`) REFERENCES `dictionary` (`contentId`) ON DELETE NO ACTION ON UPDATE NO ACTION
) ENGINE=InnoDB AUTO_INCREMENT=3 DEFAULT CHARSET=utf8;

-- Dumping data for table questionnairedb2019.language: ~2 rows (approximately)
DELETE FROM `language`;
/*!40000 ALTER TABLE `language` DISABLE KEYS */;
INSERT INTO `language` (`ID`, `isoLang`, `name`, `deleted`, `deletedBy`, `creationDate`, `createdBy`, `lastUpdated`, `updatedBy`) VALUES
	(1, 'fr', 1, 0, '', '2019-07-19 13:47:31', 'QUESTIONNAIRE_MIGRATION_2019', '2019-07-19 13:47:31', 'QUESTIONNAIRE_MIGRATION_2019'),
	(2, 'en', 2, 0, '', '2019-07-19 13:47:31', 'QUESTIONNAIRE_MIGRATION_2019', '2019-07-19 13:47:31', 'QUESTIONNAIRE_MIGRATION_2019');
/*!40000 ALTER TABLE `language` ENABLE KEYS */;

-- Dumping structure for table questionnairedb2019.legacytype
DROP TABLE IF EXISTS `legacytype`;
CREATE TABLE IF NOT EXISTS `legacytype` (
  `ID` bigint(20) NOT NULL AUTO_INCREMENT,
  `legacyName` varchar(255) NOT NULL,
  `legacyTableName` varchar(255) NOT NULL,
  `typeId` bigint(20) NOT NULL,
  `default` tinyint(4) NOT NULL DEFAULT '0',
  PRIMARY KEY (`ID`),
  KEY `fk_legacyType_typeId_type_ID` (`typeId`),
  CONSTRAINT `fk_legacyType_typeId_type_ID` FOREIGN KEY (`typeId`) REFERENCES `type` (`ID`) ON DELETE NO ACTION ON UPDATE NO ACTION
) ENGINE=InnoDB AUTO_INCREMENT=10 DEFAULT CHARSET=utf8 COMMENT='This table is a direct replication from the legacy table QuestionType in questionnaireDB. It is required for the time of the migration. When the migration will be over and the triggers will stop, this table needs to be deleted.';

-- Dumping data for table questionnairedb2019.legacytype: ~9 rows (approximately)
DELETE FROM `legacytype`;
/*!40000 ALTER TABLE `legacytype` DISABLE KEYS */;
INSERT INTO `legacytype` (`ID`, `legacyName`, `legacyTableName`, `typeId`, `default`) VALUES
	(1, 'MC', 'QuestionMC', 4, 1),
	(2, 'MinMax', 'QuestionMinMax', 2, 1),
	(3, 'SA', '', 3, 1),
	(4, 'Checkbox', 'QuestionCheckbox', 1, 1),
	(5, 'Frequency', '', 3, 0),
	(6, 'Severity', '', 3, 0),
	(7, 'Interferce', '', 3, 0),
	(8, 'Presence/Absence/Amount', '', 3, 0),
	(9, 'yes', '', 4, 0);
/*!40000 ALTER TABLE `legacytype` ENABLE KEYS */;

-- Dumping structure for table questionnairedb2019.library
DROP TABLE IF EXISTS `library`;
CREATE TABLE IF NOT EXISTS `library` (
  `ID` bigint(20) NOT NULL AUTO_INCREMENT,
  `OAUserId` bigint(20) NOT NULL DEFAULT '-1',
  `name` bigint(20) NOT NULL,
  `order` int(11) NOT NULL DEFAULT '0',
  `private` tinyint(4) NOT NULL DEFAULT '0',
  `deleted` tinyint(4) NOT NULL DEFAULT '0',
  `deletedBy` varchar(255) NOT NULL,
  `creationDate` datetime NOT NULL,
  `createdBy` varchar(255) NOT NULL,
  `lastUpdated` timestamp NOT NULL DEFAULT CURRENT_TIMESTAMP ON UPDATE CURRENT_TIMESTAMP,
  `updatedBy` varchar(255) NOT NULL,
  PRIMARY KEY (`ID`),
  KEY `idx_library_deleted` (`deleted`),
  KEY `idx_library_OAUserId` (`OAUserId`),
  KEY `fk_library_name_dictionary_ID` (`name`),
  CONSTRAINT `fk_library_name_dictionary_ID` FOREIGN KEY (`name`) REFERENCES `dictionary` (`contentId`) ON DELETE NO ACTION ON UPDATE NO ACTION
) ENGINE=InnoDB DEFAULT CHARSET=utf8;

-- Dumping data for table questionnairedb2019.library: ~0 rows (approximately)
DELETE FROM `library`;
/*!40000 ALTER TABLE `library` DISABLE KEYS */;
/*!40000 ALTER TABLE `library` ENABLE KEYS */;

-- Dumping structure for table questionnairedb2019.libraryquestion
DROP TABLE IF EXISTS `libraryquestion`;
CREATE TABLE IF NOT EXISTS `libraryquestion` (
  `ID` bigint(20) NOT NULL AUTO_INCREMENT,
  `questionId` bigint(20) NOT NULL,
  `libraryId` bigint(20) NOT NULL,
  PRIMARY KEY (`ID`),
  KEY `fk_libraryQuestion_questionId_question_ID` (`questionId`),
  KEY `fk_libraryQuestion_libraryId_library_ID` (`libraryId`),
  CONSTRAINT `fk_libraryQuestion_libraryId_library_ID` FOREIGN KEY (`libraryId`) REFERENCES `library` (`ID`) ON DELETE NO ACTION ON UPDATE NO ACTION,
  CONSTRAINT `fk_libraryQuestion_questionId_question_ID` FOREIGN KEY (`questionId`) REFERENCES `question` (`ID`) ON DELETE NO ACTION ON UPDATE NO ACTION
) ENGINE=InnoDB DEFAULT CHARSET=utf8;

-- Dumping data for table questionnairedb2019.libraryquestion: ~0 rows (approximately)
DELETE FROM `libraryquestion`;
/*!40000 ALTER TABLE `libraryquestion` DISABLE KEYS */;
/*!40000 ALTER TABLE `libraryquestion` ENABLE KEYS */;

-- Dumping structure for table questionnairedb2019.patient
DROP TABLE IF EXISTS `patient`;
CREATE TABLE IF NOT EXISTS `patient` (
  `ID` bigint(20) NOT NULL AUTO_INCREMENT,
  `hospitalId` bigint(20) NOT NULL,
  `externalId` varchar(64) NOT NULL,
  `deleted` tinyint(4) NOT NULL DEFAULT '0',
  `deletedBy` varchar(255) NOT NULL,
  `creationDate` datetime NOT NULL,
  `createdBy` varchar(255) NOT NULL,
  `lastUpdated` timestamp NOT NULL DEFAULT CURRENT_TIMESTAMP ON UPDATE CURRENT_TIMESTAMP,
  `updatedBy` varchar(255) NOT NULL,
  PRIMARY KEY (`ID`),
  KEY `idx_patient_deleted` (`deleted`),
  KEY `idx_patient_externalId` (`externalId`),
  KEY `idx_patient_hospitalId` (`hospitalId`)
) ENGINE=InnoDB AUTO_INCREMENT=29 DEFAULT CHARSET=utf8;

-- Dumping data for table questionnairedb2019.patient: ~8 rows (approximately)
DELETE FROM `patient`;
/*!40000 ALTER TABLE `patient` DISABLE KEYS */;
INSERT INTO `patient` (`ID`, `hospitalId`, `externalId`, `deleted`, `deletedBy`, `creationDate`, `createdBy`, `lastUpdated`, `updatedBy`) VALUES
	(3, -1, '51', 0, '', '2019-07-19 13:47:31', 'QUESTIONNAIRE_MIGRATION_2019', '2019-07-19 13:47:31', 'QUESTIONNAIRE_MIGRATION_2019'),
	(9, -1, '92', 0, '', '2019-07-19 13:47:31', 'QUESTIONNAIRE_MIGRATION_2019', '2019-07-19 13:47:31', 'QUESTIONNAIRE_MIGRATION_2019'),
	(18, -1, '124', 0, '', '2019-07-19 13:47:31', 'QUESTIONNAIRE_MIGRATION_2019', '2019-07-19 13:47:31', 'QUESTIONNAIRE_MIGRATION_2019'),
	(21, -1, '177', 0, '', '2019-07-19 13:47:31', 'QUESTIONNAIRE_MIGRATION_2019', '2019-07-19 13:47:31', 'QUESTIONNAIRE_MIGRATION_2019'),
	(23, -1, '176', 0, '', '2019-07-19 13:47:31', 'QUESTIONNAIRE_MIGRATION_2019', '2019-07-19 13:47:31', 'QUESTIONNAIRE_MIGRATION_2019'),
	(24, -1, '175', 0, '', '2019-07-19 13:47:31', 'QUESTIONNAIRE_MIGRATION_2019', '2019-07-19 13:47:31', 'QUESTIONNAIRE_MIGRATION_2019'),
	(27, -1, '178', 0, '', '2019-07-19 13:47:31', 'QUESTIONNAIRE_MIGRATION_2019', '2019-07-19 13:47:31', 'QUESTIONNAIRE_MIGRATION_2019'),
	(28, -1, '179', 0, '', '2019-07-19 13:47:31', 'QUESTIONNAIRE_MIGRATION_2019', '2019-07-19 13:47:31', 'QUESTIONNAIRE_MIGRATION_2019');
/*!40000 ALTER TABLE `patient` ENABLE KEYS */;

-- Dumping structure for procedure questionnairedb2019.queryAnswers
DROP PROCEDURE IF EXISTS `queryAnswers`;
DELIMITER //
CREATE DEFINER=`root`@`localhost` PROCEDURE `queryAnswers`(
	IN `i_answerQuestionnaireId` TEXT,
	IN `i_languageId` BIGINT


)
    DETERMINISTIC
BEGIN

/*
Parameter: i_answerQuestionnaireID: the list of answerQuestionnaireID for which to get answer for
				i_languageId: the language that the answers are going to be displayed in case the answers have languageId = -1 in the database
Produce the list of answers values translated
*/

set @wsSQL = concat("
select aSec.answerQuestionnaireId AS QuestionnaireSerNum, 
	qSec.ID AS QuestionnaireQuestionSerNum, 
	B.value
from answerSection aSec, 
	questionSection qSec, 
	(Select A.questionId, A.sectionId, A.answerSectionId,

	(SELECT CONVERT(answerTextBox.VALUE, CHAR(516)) 
	FROM answerTextBox
	WHERE answerTextBox.answerId = A.ID
	UNION 
	SELECT CONVERT(answerSlider.VALUE, CHAR(516))
	FROM answerSlider
	WHERE answerSlider.answerId = A.ID
	UNION 
	SELECT CONVERT(answerDate.VALUE, CHAR(516))
	FROM answerDate
	WHERE answerDate.answerId = A.ID
	UNION 
	SELECT CONVERT(answerTime.VALUE, CHAR(516))
	FROM answerTime
	WHERE answerTime.answerId = A.ID
	UNION 
	SELECT CONVERT(getDisplayName(rbOpt.description, if(A.languageId < 0,", i_languageId, ", A.languageId)), CHAR(516)) 
	FROM answerRadioButton aRB, radioButtonOption rbOpt
	WHERE aRB.answerId = A.ID
		AND rbOpt.ID = aRB.`value`) AS value
from answer A
where A.deleted <> 1
UNION
Select A.questionId, A.sectionId, A.answerSectionId, CONVERT(getDisplayName(cOpt.description, if(A.languageId < 0,", i_languageId, ", A.languageId) ), CHAR(516)) AS value
from answer A, answerCheckbox aC, checkboxOption cOpt
where A.deleted <> 1
	and aC.answerId = A.ID
		AND cOpt.ID = aC.`value`
UNION
Select A.questionId, A.sectionId, A.answerSectionId,CONVERT(getDisplayName(lOpt.description, if(A.languageId < 0,", i_languageId, ", A.languageId)), CHAR(516)) AS value
from answer A, answerLabel aL, labelOption lOpt
where A.deleted <> 1
	and aL.answerId = A.ID
		AND lOpt.ID = aL.`value`) B
Where
	qSec.questionId = B.questionId
	and qSec.sectionId = B.sectionId
	and B.answerSectionId = aSec.ID
	and aSec.answerQuestionnaireId IN (", i_answerQuestionnaireId, ");");

Prepare stmt from @wsSQL;
Execute stmt;

deallocate prepare stmt;



END//
DELIMITER ;

-- Dumping structure for procedure questionnairedb2019.queryAnswersPatientQuestionnaire
DROP PROCEDURE IF EXISTS `queryAnswersPatientQuestionnaire`;
DELIMITER //
CREATE DEFINER=`root`@`localhost` PROCEDURE `queryAnswersPatientQuestionnaire`(
	IN `i_answerQuestionnaireID` TEXT
)
    DETERMINISTIC
BEGIN

/*
Parameter: i_answerQuestionnaireID: the list of answerQuestionnaireID for which to get answer for
Produce the list of answers ID in the answers table
note that this query does not take answered and skipped answers into account since these functionnalities do not exist yet in the qplus as of July 2019
*/

if (length(trim(i_answerQuestionnaireID)) = 0) then
	set i_answerQuestionnaireID = '-1';
end if;


set @wsSQL = concat("
SELECT aSec.answerQuestionnaireId AS QuestionnaireSerNum,
	a.ID,
	a.languageId,
    qSec.ID AS QuestionnaireQuestionSerNum
FROM (answerSection aSec
LEFT JOIN answer a ON (a.answerSectionId = aSec.ID)),
questionSection qSec
WHERE aSec.answerQuestionnaireId IN (", i_answerQuestionnaireID, ")
    AND a.deleted <> 1
AND qSec.questionId = a.questionId
AND qSec.sectionId = a.sectionId");

prepare stmt from @wsSQL;

Execute stmt;
deallocate prepare stmt;


END//
DELIMITER ;

-- Dumping structure for procedure questionnairedb2019.queryPatientQuestionnaireInfo
DROP PROCEDURE IF EXISTS `queryPatientQuestionnaireInfo`;
DELIMITER //
CREATE DEFINER=`root`@`localhost` PROCEDURE `queryPatientQuestionnaireInfo`(
	IN `i_externalId` BIGINT


)
BEGIN

/*
Produce the list of Questionnaires
*/

SELECT IF(`status` <> 2, 0, 1) AS CompletedFlag,
    creationDate AS DateAdded,
    IF(`status` <> 2, NULL, lastUpdated) AS CompletionDate,
    ID AS QuestionnaireSerNum,
    questionnaireId AS QuestionnaireDBSerNum
FROM answerQuestionnaire
WHERE deleted <> 1
AND patientId IN (
    SELECT ID
FROM patient
WHERE externalId = i_externalId
AND deleted <> 1
)
;



END//
DELIMITER ;

-- Dumping structure for procedure questionnairedb2019.queryQuestionChoices
DROP PROCEDURE IF EXISTS `queryQuestionChoices`;
DELIMITER //
CREATE DEFINER=`root`@`localhost` PROCEDURE `queryQuestionChoices`(
	IN `i_questionID` TEXT

)
    DETERMINISTIC
BEGIN

/*
Parameter: i_questionID: the list of questions' ID to get the options for
Produce the list of choices/options
*/

if (length(trim(i_questionID)) = 0) then
	set i_questionID = '-1';
end if;


set @wsSQL = concat("
SELECT rb.questionId AS QuestionSerNum,
	rbOpt.`order` AS OrderNum,
	getDisplayName(rbOpt.description, 2) AS ChoiceDescription_EN,
	getDisplayName(rbOpt.description, 1) AS ChoiceDescription_FR
FROM radioButton rb, radioButtonOption rbOpt
WHERE rb.Id = rbOpt.parentTableId
	AND rb.questionId IN (", i_questionID, ")
UNION ALL 
SELECT c.questionId,
	cOpt.`order`,
	getDisplayName(cOpt.description, 2) AS ChoiceDescription_EN,
	getDisplayName(cOpt.description, 1) AS ChoiceDescription_FR
FROM checkbox c, checkboxOption cOpt
WHERE c.ID = cOpt.parentTableId
	AND c.questionId IN (", i_questionID, ")
UNION ALL 
SELECT slider.questionId,
	slider.minValue - 1 AS OrderNum,
	getDisplayName(slider.minCaption, 2) AS ChoiceDescription_EN,
	getDisplayName(slider.minCaption, 1) AS ChoiceDescription_FR
FROM slider
WHERE slider.questionId IN (", i_questionID, ")
UNION ALL 
SELECT slider.questionId,
	slider.`maxValue` AS OrderNum,
	getDisplayName(slider.maxCaption, 2) AS ChoiceDescription_EN,
	getDisplayName(slider.maxCaption, 1) AS ChoiceDescription_FR
FROM slider
WHERE slider.questionId IN (", i_questionID, ")
UNION ALL 
SELECT l.questionId,
	lOpt.`order`,
	getDisplayName(lOpt.description, 2) AS ChoiceDescription_EN,
	getDisplayName(lOpt.description, 1) AS ChoiceDescription_FR
FROM label l, labelOption lOpt
WHERE l.ID = lOpt.parentTableId
	AND l.questionId IN (", i_questionID, ")
ORDER BY QuestionSerNum, OrderNum DESC;");


prepare stmt from @wsSQL;

Execute stmt;
deallocate prepare stmt;

END//
DELIMITER ;

-- Dumping structure for procedure questionnairedb2019.queryQuestions
DROP PROCEDURE IF EXISTS `queryQuestions`;
DELIMITER //
CREATE DEFINER=`root`@`localhost` PROCEDURE `queryQuestions`(
	IN `i_questionnaireID` TEXT


)
    DETERMINISTIC
BEGIN

/*
parameter: list of Questionnaires ID
produce the list of questions in that questionnaire
*/

if (length(trim(i_questionnaireID)) = 0) then
	set i_questionnaireID = '-1';
end if;


set @wsSQL = concat("
SELECT questionnaire.ID AS QuestionnaireDBSerNum,
	questionnaire.legacyName AS QuestionnaireName,
	IF (questionnaire.nickname <> -1, getDisplayName(questionnaire.nickname,2), getDisplayName(questionnaire.title,2)) AS QuestionnaireName_EN,
	IF (questionnaire.nickname <> -1, getDisplayName(questionnaire.nickname,1), getDisplayName(questionnaire.title,1)) AS QuestionnaireName_FR,
	getDisplayName(questionnaire.description,2) AS Intro_EN,
	getDisplayName(questionnaire.description,1) AS Intro_FR,
	sec.ID AS sectionId,
	sec.`order` AS secOrder,
	qSec.ID AS QuestionnaireQuestionSerNum,
	qSec.questionId AS QuestionSerNum,
	q.polarity AS isPositiveQuestion,
	getDisplayName(q.question,2) AS QuestionText_EN,
	getDisplayName(q.question,1) AS QuestionText_FR,
	getDisplayName(display, 2) AS Asseses_EN,
	getDisplayName(display, 1) AS Asseses_FR,
	legacyType.legacyName AS QuestionType,
	q.legacyTypeId AS QuestionTypeSerNum,
	qSec.`order` AS qOrder
FROM questionnaire
	LEFT JOIN section sec ON (sec.questionnaireId = questionnaire.ID)
	LEFT JOIN questionSection qSec ON (qSec.sectionId = sec.ID)
	LEFT JOIN question q ON (qSec.questionId = q.ID)
	LEFT JOIN legacyType ON (q.legacyTypeId = legacyType.ID)
WHERE questionnaire.ID IN (", i_questionnaireID,")
	AND questionnaire.deleted <> 1
	AND sec.deleted <> 1
	AND q.deleted <> 1;");

prepare stmt from @wsSQL;

Execute stmt;
deallocate prepare stmt;

END//
DELIMITER ;

-- Dumping structure for table questionnairedb2019.question
DROP TABLE IF EXISTS `question`;
CREATE TABLE IF NOT EXISTS `question` (
  `ID` bigint(20) NOT NULL AUTO_INCREMENT,
  `OAUserId` bigint(20) NOT NULL DEFAULT '-1',
  `display` bigint(20) NOT NULL,
  `definition` bigint(20) NOT NULL,
  `question` bigint(20) NOT NULL,
  `typeId` bigint(20) NOT NULL,
  `version` int(11) NOT NULL DEFAULT '1',
  `parentId` bigint(20) NOT NULL DEFAULT '-1',
  `polarity` tinyint(4) NOT NULL DEFAULT '0' COMMENT '0 = lowGood (the lower the score, the better the answer), 1 = highGood (the higher the score, the better the answer)',
  `private` tinyint(4) NOT NULL DEFAULT '0',
  `final` tinyint(4) NOT NULL DEFAULT '0',
  `optionalFeedback` tinyint(4) NOT NULL DEFAULT '0',
  `deleted` tinyint(4) NOT NULL DEFAULT '0',
  `deletedBy` varchar(255) NOT NULL,
  `creationDate` datetime NOT NULL,
  `createdBy` varchar(255) NOT NULL,
  `lastUpdated` timestamp NOT NULL DEFAULT CURRENT_TIMESTAMP ON UPDATE CURRENT_TIMESTAMP,
  `updatedBy` varchar(255) NOT NULL,
  `legacyTypeId` bigint(20) NOT NULL COMMENT 'This ID linked to the legacyTypes table must be removed once the migration of the legacy questionnaire will be done and the triggers stopped.',
  PRIMARY KEY (`ID`),
  KEY `idx_question_deleted` (`deleted`),
  KEY `idx_question_OAUserId` (`OAUserId`),
  KEY `idx_question_parentId` (`parentId`),
  KEY `fk_question_typeId_type_ID` (`typeId`),
  KEY `fk_question_question_dictionary_contentId` (`question`),
  KEY `fk_question_display_dictionary_contentId` (`display`),
  KEY `fk_question_definition_dictionary_contentId` (`definition`),
  KEY `fk_question_legacyTypeId_legacyType` (`legacyTypeId`),
  CONSTRAINT `fk_question_definition_dictionary_contentId` FOREIGN KEY (`definition`) REFERENCES `dictionary` (`contentId`) ON DELETE NO ACTION ON UPDATE NO ACTION,
  CONSTRAINT `fk_question_display_dictionary_contentId` FOREIGN KEY (`display`) REFERENCES `dictionary` (`contentId`) ON DELETE NO ACTION ON UPDATE NO ACTION,
  CONSTRAINT `fk_question_legacyTypeId_legacyType` FOREIGN KEY (`legacyTypeId`) REFERENCES `legacytype` (`ID`) ON DELETE NO ACTION ON UPDATE NO ACTION,
  CONSTRAINT `fk_question_question_dictionary_contentId` FOREIGN KEY (`question`) REFERENCES `dictionary` (`contentId`) ON DELETE NO ACTION ON UPDATE NO ACTION,
  CONSTRAINT `fk_question_typeId_type_ID` FOREIGN KEY (`typeId`) REFERENCES `type` (`ID`) ON DELETE NO ACTION ON UPDATE NO ACTION
) ENGINE=InnoDB AUTO_INCREMENT=930 DEFAULT CHARSET=utf8;

-- Dumping data for table questionnairedb2019.question: ~88 rows (approximately)
DELETE FROM `question`;
/*!40000 ALTER TABLE `question` DISABLE KEYS */;
INSERT INTO `question` (`ID`, `OAUserId`, `display`, `definition`, `question`, `typeId`, `version`, `parentId`, `polarity`, `private`, `final`, `optionalFeedback`, `deleted`, `deletedBy`, `creationDate`, `createdBy`, `lastUpdated`, `updatedBy`, `legacyTypeId`) VALUES
	(791, -1, 42, 43, 44, 2, 1, -1, 0, 0, 1, 0, 0, '', '2019-07-19 13:47:31', 'QUESTIONNAIRE_MIGRATION_2019', '2019-07-19 13:47:31', 'QUESTIONNAIRE_MIGRATION_2019', 2),
	(792, -1, 47, 48, 49, 2, 1, -1, 0, 0, 1, 0, 0, '', '2019-07-19 13:47:31', 'QUESTIONNAIRE_MIGRATION_2019', '2019-07-19 13:47:31', 'QUESTIONNAIRE_MIGRATION_2019', 2),
	(793, -1, 52, 53, 54, 2, 1, -1, 0, 0, 1, 0, 0, '', '2019-07-19 13:47:31', 'QUESTIONNAIRE_MIGRATION_2019', '2019-07-19 13:47:31', 'QUESTIONNAIRE_MIGRATION_2019', 2),
	(794, -1, 57, 58, 59, 2, 1, -1, 0, 0, 1, 0, 0, '', '2019-07-19 13:47:32', 'QUESTIONNAIRE_MIGRATION_2019', '2019-07-19 13:47:32', 'QUESTIONNAIRE_MIGRATION_2019', 2),
	(795, -1, 62, 63, 64, 2, 1, -1, 0, 0, 1, 0, 0, '', '2019-07-19 13:47:32', 'QUESTIONNAIRE_MIGRATION_2019', '2019-07-19 13:47:32', 'QUESTIONNAIRE_MIGRATION_2019', 2),
	(796, -1, 67, 68, 69, 2, 1, -1, 0, 0, 1, 0, 0, '', '2019-07-19 13:47:32', 'QUESTIONNAIRE_MIGRATION_2019', '2019-07-19 13:47:32', 'QUESTIONNAIRE_MIGRATION_2019', 2),
	(797, -1, 72, 73, 74, 2, 1, -1, 0, 0, 1, 0, 0, '', '2019-07-19 13:47:32', 'QUESTIONNAIRE_MIGRATION_2019', '2019-07-19 13:47:32', 'QUESTIONNAIRE_MIGRATION_2019', 2),
	(798, -1, 77, 78, 79, 2, 1, -1, 0, 0, 1, 0, 0, '', '2019-07-19 13:47:32', 'QUESTIONNAIRE_MIGRATION_2019', '2019-07-19 13:47:32', 'QUESTIONNAIRE_MIGRATION_2019', 2),
	(799, -1, 82, 83, 84, 2, 1, -1, 0, 0, 1, 0, 0, '', '2019-07-19 13:47:32', 'QUESTIONNAIRE_MIGRATION_2019', '2019-07-19 13:47:32', 'QUESTIONNAIRE_MIGRATION_2019', 2),
	(811, -1, 22, 23, 24, 1, 1, -1, 0, 0, 1, 0, 0, '', '2019-07-19 13:47:31', 'QUESTIONNAIRE_MIGRATION_2019', '2019-07-19 13:47:31', 'QUESTIONNAIRE_MIGRATION_2019', 4),
	(823, -1, 12, 13, 14, 2, 1, -1, 1, 0, 1, 0, 0, '', '2019-07-19 13:47:31', 'QUESTIONNAIRE_MIGRATION_2019', '2019-07-19 13:47:31', 'QUESTIONNAIRE_MIGRATION_2019', 2),
	(824, -1, 17, 18, 19, 2, 1, -1, 1, 0, 1, 0, 0, '', '2019-07-19 13:47:31', 'QUESTIONNAIRE_MIGRATION_2019', '2019-07-19 13:47:31', 'QUESTIONNAIRE_MIGRATION_2019', 2),
	(830, -1, 34, 35, 36, 3, 1, -1, 0, 0, 1, 0, 0, '', '2019-07-19 13:47:31', 'QUESTIONNAIRE_MIGRATION_2019', '2019-07-19 13:47:31', 'QUESTIONNAIRE_MIGRATION_2019', 3),
	(832, -1, 37, 38, 39, 3, 1, -1, 0, 0, 1, 0, 0, '', '2019-07-19 13:47:31', 'QUESTIONNAIRE_MIGRATION_2019', '2019-07-19 13:47:31', 'QUESTIONNAIRE_MIGRATION_2019', 3),
	(842, -1, 89, 90, 91, 2, 1, -1, 0, 0, 1, 0, 0, '', '2019-07-19 13:47:32', 'QUESTIONNAIRE_MIGRATION_2019', '2019-07-19 13:47:32', 'QUESTIONNAIRE_MIGRATION_2019', 2),
	(843, -1, 94, 95, 96, 2, 1, -1, 0, 0, 1, 0, 0, '', '2019-07-19 13:47:32', 'QUESTIONNAIRE_MIGRATION_2019', '2019-07-19 13:47:32', 'QUESTIONNAIRE_MIGRATION_2019', 2),
	(844, -1, 99, 100, 101, 2, 1, -1, 0, 0, 1, 0, 0, '', '2019-07-19 13:47:32', 'QUESTIONNAIRE_MIGRATION_2019', '2019-07-19 13:47:32', 'QUESTIONNAIRE_MIGRATION_2019', 2),
	(845, -1, 104, 105, 106, 2, 1, -1, 0, 0, 1, 0, 0, '', '2019-07-19 13:47:32', 'QUESTIONNAIRE_MIGRATION_2019', '2019-07-19 13:47:32', 'QUESTIONNAIRE_MIGRATION_2019', 2),
	(846, -1, 109, 110, 111, 2, 1, -1, 0, 0, 1, 0, 0, '', '2019-07-19 13:47:32', 'QUESTIONNAIRE_MIGRATION_2019', '2019-07-19 13:47:32', 'QUESTIONNAIRE_MIGRATION_2019', 2),
	(847, -1, 114, 115, 116, 2, 1, -1, 0, 0, 1, 0, 0, '', '2019-07-19 13:47:32', 'QUESTIONNAIRE_MIGRATION_2019', '2019-07-19 13:47:32', 'QUESTIONNAIRE_MIGRATION_2019', 2),
	(848, -1, 119, 120, 121, 2, 1, -1, 0, 0, 1, 0, 0, '', '2019-07-19 13:47:32', 'QUESTIONNAIRE_MIGRATION_2019', '2019-07-19 13:47:32', 'QUESTIONNAIRE_MIGRATION_2019', 2),
	(849, -1, 124, 125, 126, 2, 1, -1, 0, 0, 1, 0, 0, '', '2019-07-19 13:47:32', 'QUESTIONNAIRE_MIGRATION_2019', '2019-07-19 13:47:32', 'QUESTIONNAIRE_MIGRATION_2019', 2),
	(850, -1, 129, 130, 131, 2, 1, -1, 0, 0, 1, 0, 0, '', '2019-07-19 13:47:32', 'QUESTIONNAIRE_MIGRATION_2019', '2019-07-19 13:47:32', 'QUESTIONNAIRE_MIGRATION_2019', 2),
	(851, -1, 134, 135, 136, 2, 1, -1, 0, 0, 1, 0, 0, '', '2019-07-19 13:47:32', 'QUESTIONNAIRE_MIGRATION_2019', '2019-07-19 13:47:32', 'QUESTIONNAIRE_MIGRATION_2019', 2),
	(852, -1, 139, 140, 141, 2, 1, -1, 0, 0, 1, 0, 0, '', '2019-07-19 13:47:32', 'QUESTIONNAIRE_MIGRATION_2019', '2019-07-19 13:47:32', 'QUESTIONNAIRE_MIGRATION_2019', 2),
	(853, -1, 146, 147, 148, 2, 1, -1, 0, 0, 1, 0, 0, '', '2019-07-19 13:47:32', 'QUESTIONNAIRE_MIGRATION_2019', '2019-07-19 13:47:32', 'QUESTIONNAIRE_MIGRATION_2019', 2),
	(854, -1, 151, 152, 153, 2, 1, -1, 0, 0, 1, 0, 0, '', '2019-07-19 13:47:32', 'QUESTIONNAIRE_MIGRATION_2019', '2019-07-19 13:47:32', 'QUESTIONNAIRE_MIGRATION_2019', 2),
	(855, -1, 156, 157, 158, 4, 1, -1, 0, 0, 1, 0, 0, '', '2019-07-19 13:47:32', 'QUESTIONNAIRE_MIGRATION_2019', '2019-07-19 13:47:32', 'QUESTIONNAIRE_MIGRATION_2019', 9),
	(856, -1, 161, 162, 163, 4, 1, -1, 0, 0, 1, 0, 0, '', '2019-07-19 13:47:32', 'QUESTIONNAIRE_MIGRATION_2019', '2019-07-19 13:47:32', 'QUESTIONNAIRE_MIGRATION_2019', 9),
	(857, -1, 166, 167, 168, 1, 1, -1, 0, 0, 1, 0, 0, '', '2019-07-19 13:47:32', 'QUESTIONNAIRE_MIGRATION_2019', '2019-07-19 13:47:32', 'QUESTIONNAIRE_MIGRATION_2019', 4),
	(858, -1, 183, 184, 185, 4, 1, -1, 0, 0, 1, 0, 0, '', '2019-07-19 13:47:32', 'QUESTIONNAIRE_MIGRATION_2019', '2019-07-19 13:47:32', 'QUESTIONNAIRE_MIGRATION_2019', 1),
	(859, -1, 200, 201, 202, 3, 1, -1, 0, 0, 1, 0, 0, '', '2019-07-19 13:47:32', 'QUESTIONNAIRE_MIGRATION_2019', '2019-07-19 13:47:32', 'QUESTIONNAIRE_MIGRATION_2019', 3),
	(860, -1, 205, 206, 207, 4, 1, -1, 0, 0, 1, 0, 0, '', '2019-07-19 13:47:33', 'QUESTIONNAIRE_MIGRATION_2019', '2019-07-19 13:47:33', 'QUESTIONNAIRE_MIGRATION_2019', 1),
	(861, -1, 211, 212, 213, 4, 1, -1, 0, 0, 1, 0, 0, '', '2019-07-19 13:47:33', 'QUESTIONNAIRE_MIGRATION_2019', '2019-07-19 13:47:33', 'QUESTIONNAIRE_MIGRATION_2019', 1),
	(862, -1, 217, 218, 219, 4, 1, -1, 0, 0, 1, 0, 0, '', '2019-07-19 13:47:33', 'QUESTIONNAIRE_MIGRATION_2019', '2019-07-19 13:47:33', 'QUESTIONNAIRE_MIGRATION_2019', 1),
	(863, -1, 225, 226, 227, 4, 1, -1, 0, 0, 1, 0, 0, '', '2019-07-19 13:47:33', 'QUESTIONNAIRE_MIGRATION_2019', '2019-07-19 13:47:33', 'QUESTIONNAIRE_MIGRATION_2019', 1),
	(864, -1, 231, 232, 233, 4, 1, -1, 0, 0, 1, 0, 0, '', '2019-07-19 13:47:33', 'QUESTIONNAIRE_MIGRATION_2019', '2019-07-19 13:47:33', 'QUESTIONNAIRE_MIGRATION_2019', 1),
	(865, -1, 237, 238, 239, 4, 1, -1, 0, 0, 1, 0, 0, '', '2019-07-19 13:47:33', 'QUESTIONNAIRE_MIGRATION_2019', '2019-07-19 13:47:33', 'QUESTIONNAIRE_MIGRATION_2019', 1),
	(866, -1, 243, 244, 245, 4, 1, -1, 0, 0, 1, 0, 0, '', '2019-07-19 13:47:33', 'QUESTIONNAIRE_MIGRATION_2019', '2019-07-19 13:47:33', 'QUESTIONNAIRE_MIGRATION_2019', 1),
	(867, -1, 249, 250, 251, 4, 1, -1, 0, 0, 1, 0, 0, '', '2019-07-19 13:47:33', 'QUESTIONNAIRE_MIGRATION_2019', '2019-07-19 13:47:33', 'QUESTIONNAIRE_MIGRATION_2019', 1),
	(869, -1, 257, 258, 259, 4, 1, -1, 0, 0, 1, 0, 0, '', '2019-07-19 13:47:33', 'QUESTIONNAIRE_MIGRATION_2019', '2019-07-19 13:47:33', 'QUESTIONNAIRE_MIGRATION_2019', 1),
	(870, -1, 262, 263, 264, 3, 1, -1, 0, 0, 1, 0, 0, '', '2019-07-19 13:47:33', 'QUESTIONNAIRE_MIGRATION_2019', '2019-07-19 13:47:33', 'QUESTIONNAIRE_MIGRATION_2019', 3),
	(871, -1, 265, 266, 267, 1, 1, -1, 0, 0, 1, 0, 0, '', '2019-07-19 13:47:33', 'QUESTIONNAIRE_MIGRATION_2019', '2019-07-19 13:47:33', 'QUESTIONNAIRE_MIGRATION_2019', 4),
	(872, -1, 278, 279, 280, 3, 1, -1, 0, 0, 1, 0, 0, '', '2019-07-19 13:47:33', 'QUESTIONNAIRE_MIGRATION_2019', '2019-07-19 13:47:33', 'QUESTIONNAIRE_MIGRATION_2019', 3),
	(873, -1, 281, 282, 283, 3, 1, -1, 0, 0, 1, 0, 0, '', '2019-07-19 13:47:33', 'QUESTIONNAIRE_MIGRATION_2019', '2019-07-19 13:47:33', 'QUESTIONNAIRE_MIGRATION_2019', 3),
	(874, -1, 284, 285, 286, 4, 1, -1, 0, 0, 1, 0, 0, '', '2019-07-19 13:47:33', 'QUESTIONNAIRE_MIGRATION_2019', '2019-07-19 13:47:33', 'QUESTIONNAIRE_MIGRATION_2019', 1),
	(875, -1, 289, 290, 291, 3, 1, -1, 0, 0, 1, 0, 0, '', '2019-07-19 13:47:33', 'QUESTIONNAIRE_MIGRATION_2019', '2019-07-19 13:47:33', 'QUESTIONNAIRE_MIGRATION_2019', 3),
	(876, -1, 292, 293, 294, 4, 1, -1, 0, 0, 1, 0, 0, '', '2019-07-19 13:47:33', 'QUESTIONNAIRE_MIGRATION_2019', '2019-07-19 13:47:33', 'QUESTIONNAIRE_MIGRATION_2019', 1),
	(877, -1, 297, 298, 299, 4, 1, -1, 0, 0, 1, 0, 0, '', '2019-07-19 13:47:33', 'QUESTIONNAIRE_MIGRATION_2019', '2019-07-19 13:47:33', 'QUESTIONNAIRE_MIGRATION_2019', 1),
	(878, -1, 302, 303, 304, 3, 1, -1, 0, 0, 1, 0, 0, '', '2019-07-19 13:47:33', 'QUESTIONNAIRE_MIGRATION_2019', '2019-07-19 13:47:33', 'QUESTIONNAIRE_MIGRATION_2019', 3),
	(879, -1, 305, 306, 307, 4, 1, -1, 0, 0, 1, 0, 0, '', '2019-07-19 13:47:33', 'QUESTIONNAIRE_MIGRATION_2019', '2019-07-19 13:47:33', 'QUESTIONNAIRE_MIGRATION_2019', 1),
	(880, -1, 311, 312, 313, 4, 1, -1, 0, 0, 1, 0, 0, '', '2019-07-19 13:47:33', 'QUESTIONNAIRE_MIGRATION_2019', '2019-07-19 13:47:33', 'QUESTIONNAIRE_MIGRATION_2019', 1),
	(881, -1, 317, 318, 319, 3, 1, -1, 0, 0, 1, 0, 0, '', '2019-07-19 13:47:33', 'QUESTIONNAIRE_MIGRATION_2019', '2019-07-19 13:47:33', 'QUESTIONNAIRE_MIGRATION_2019', 3),
	(882, -1, 320, 321, 322, 3, 1, -1, 0, 0, 1, 0, 0, '', '2019-07-19 13:47:33', 'QUESTIONNAIRE_MIGRATION_2019', '2019-07-19 13:47:33', 'QUESTIONNAIRE_MIGRATION_2019', 3),
	(883, -1, 323, 324, 325, 4, 1, -1, 0, 0, 1, 0, 0, '', '2019-07-19 13:47:33', 'QUESTIONNAIRE_MIGRATION_2019', '2019-07-19 13:47:33', 'QUESTIONNAIRE_MIGRATION_2019', 1),
	(884, -1, 328, 329, 330, 3, 1, -1, 0, 0, 1, 0, 0, '', '2019-07-19 13:47:33', 'QUESTIONNAIRE_MIGRATION_2019', '2019-07-19 13:47:33', 'QUESTIONNAIRE_MIGRATION_2019', 3),
	(885, -1, 333, 334, 335, 4, 1, -1, 0, 0, 1, 0, 0, '', '2019-07-19 13:47:33', 'QUESTIONNAIRE_MIGRATION_2019', '2019-07-19 13:47:33', 'QUESTIONNAIRE_MIGRATION_2019', 1),
	(886, -1, 340, 341, 342, 4, 1, -1, 0, 0, 1, 0, 0, '', '2019-07-19 13:47:33', 'QUESTIONNAIRE_MIGRATION_2019', '2019-07-19 13:47:33', 'QUESTIONNAIRE_MIGRATION_2019', 1),
	(887, -1, 347, 348, 349, 4, 1, -1, 0, 0, 1, 0, 0, '', '2019-07-19 13:47:34', 'QUESTIONNAIRE_MIGRATION_2019', '2019-07-19 13:47:34', 'QUESTIONNAIRE_MIGRATION_2019', 1),
	(892, -1, 356, 357, 358, 4, 1, -1, 0, 0, 1, 0, 0, '', '2019-07-19 13:47:34', 'QUESTIONNAIRE_MIGRATION_2019', '2019-07-19 13:47:34', 'QUESTIONNAIRE_MIGRATION_2019', 1),
	(893, -1, 365, 366, 367, 4, 1, -1, 0, 0, 1, 0, 0, '', '2019-07-19 13:47:34', 'QUESTIONNAIRE_MIGRATION_2019', '2019-07-19 13:47:34', 'QUESTIONNAIRE_MIGRATION_2019', 1),
	(894, -1, 374, 375, 376, 4, 1, -1, 0, 0, 1, 0, 0, '', '2019-07-19 13:47:34', 'QUESTIONNAIRE_MIGRATION_2019', '2019-07-19 13:47:34', 'QUESTIONNAIRE_MIGRATION_2019', 1),
	(895, -1, 383, 384, 385, 4, 1, -1, 0, 0, 1, 0, 0, '', '2019-07-19 13:47:34', 'QUESTIONNAIRE_MIGRATION_2019', '2019-07-19 13:47:34', 'QUESTIONNAIRE_MIGRATION_2019', 1),
	(896, -1, 391, 392, 393, 4, 1, -1, 0, 0, 1, 0, 0, '', '2019-07-19 13:47:34', 'QUESTIONNAIRE_MIGRATION_2019', '2019-07-19 13:47:34', 'QUESTIONNAIRE_MIGRATION_2019', 1),
	(897, -1, 401, 402, 403, 4, 1, -1, 0, 0, 1, 0, 0, '', '2019-07-19 13:47:34', 'QUESTIONNAIRE_MIGRATION_2019', '2019-07-19 13:47:34', 'QUESTIONNAIRE_MIGRATION_2019', 1),
	(898, -1, 411, 412, 413, 4, 1, -1, 0, 0, 1, 0, 0, '', '2019-07-19 13:47:34', 'QUESTIONNAIRE_MIGRATION_2019', '2019-07-19 13:47:34', 'QUESTIONNAIRE_MIGRATION_2019', 1),
	(899, -1, 419, 420, 421, 4, 1, -1, 0, 0, 1, 0, 0, '', '2019-07-19 13:47:34', 'QUESTIONNAIRE_MIGRATION_2019', '2019-07-19 13:47:34', 'QUESTIONNAIRE_MIGRATION_2019', 1),
	(900, -1, 427, 428, 429, 4, 1, -1, 0, 0, 1, 0, 0, '', '2019-07-19 13:47:34', 'QUESTIONNAIRE_MIGRATION_2019', '2019-07-19 13:47:34', 'QUESTIONNAIRE_MIGRATION_2019', 1),
	(901, -1, 435, 436, 437, 4, 1, -1, 0, 0, 1, 0, 0, '', '2019-07-19 13:47:34', 'QUESTIONNAIRE_MIGRATION_2019', '2019-07-19 13:47:34', 'QUESTIONNAIRE_MIGRATION_2019', 1),
	(902, -1, 444, 445, 446, 4, 1, -1, 0, 0, 1, 0, 0, '', '2019-07-19 13:47:34', 'QUESTIONNAIRE_MIGRATION_2019', '2019-07-19 13:47:34', 'QUESTIONNAIRE_MIGRATION_2019', 1),
	(903, -1, 453, 454, 455, 4, 1, -1, 0, 0, 1, 0, 0, '', '2019-07-19 13:47:34', 'QUESTIONNAIRE_MIGRATION_2019', '2019-07-19 13:47:34', 'QUESTIONNAIRE_MIGRATION_2019', 1),
	(913, -1, 464, 465, 466, 3, 1, -1, 0, 0, 1, 0, 0, '', '2019-07-19 13:47:34', 'QUESTIONNAIRE_MIGRATION_2019', '2019-07-19 13:47:34', 'QUESTIONNAIRE_MIGRATION_2019', 3),
	(914, -1, 470, 471, 472, 2, 1, -1, 0, 0, 1, 0, 0, '', '2019-07-19 13:47:34', 'QUESTIONNAIRE_MIGRATION_2019', '2019-07-19 13:47:34', 'QUESTIONNAIRE_MIGRATION_2019', 2),
	(915, -1, 475, 476, 477, 2, 1, -1, 0, 0, 1, 0, 0, '', '2019-07-19 13:47:34', 'QUESTIONNAIRE_MIGRATION_2019', '2019-07-19 13:47:34', 'QUESTIONNAIRE_MIGRATION_2019', 2),
	(916, -1, 480, 481, 482, 2, 1, -1, 0, 0, 1, 0, 0, '', '2019-07-19 13:47:34', 'QUESTIONNAIRE_MIGRATION_2019', '2019-07-19 13:47:34', 'QUESTIONNAIRE_MIGRATION_2019', 2),
	(917, -1, 485, 486, 487, 2, 1, -1, 0, 0, 1, 0, 0, '', '2019-07-19 13:47:34', 'QUESTIONNAIRE_MIGRATION_2019', '2019-07-19 13:47:34', 'QUESTIONNAIRE_MIGRATION_2019', 2),
	(918, -1, 490, 491, 492, 4, 1, -1, 0, 0, 1, 0, 0, '', '2019-07-19 13:47:34', 'QUESTIONNAIRE_MIGRATION_2019', '2019-07-19 13:47:34', 'QUESTIONNAIRE_MIGRATION_2019', 9),
	(919, -1, 495, 496, 497, 3, 1, -1, 0, 0, 1, 0, 0, '', '2019-07-19 13:47:34', 'QUESTIONNAIRE_MIGRATION_2019', '2019-07-19 13:47:34', 'QUESTIONNAIRE_MIGRATION_2019', 3),
	(920, -1, 467, 468, 469, 3, 1, -1, 0, 0, 1, 0, 0, '', '2019-07-19 13:47:34', 'QUESTIONNAIRE_MIGRATION_2019', '2019-07-19 13:47:34', 'QUESTIONNAIRE_MIGRATION_2019', 3),
	(921, -1, 500, 501, 502, 2, 1, -1, 0, 0, 1, 0, 0, '', '2019-07-19 13:47:35', 'QUESTIONNAIRE_MIGRATION_2019', '2019-07-19 13:47:35', 'QUESTIONNAIRE_MIGRATION_2019', 2),
	(922, -1, 505, 506, 507, 3, 1, -1, 0, 0, 1, 0, 0, '', '2019-07-19 13:47:35', 'QUESTIONNAIRE_MIGRATION_2019', '2019-07-19 13:47:35', 'QUESTIONNAIRE_MIGRATION_2019', 3),
	(923, -1, 508, 509, 510, 3, 1, -1, 0, 0, 1, 0, 0, '', '2019-07-19 13:47:35', 'QUESTIONNAIRE_MIGRATION_2019', '2019-07-19 13:47:35', 'QUESTIONNAIRE_MIGRATION_2019', 3),
	(924, -1, 511, 512, 513, 2, 1, -1, 0, 0, 1, 0, 0, '', '2019-07-19 13:47:35', 'QUESTIONNAIRE_MIGRATION_2019', '2019-07-19 13:47:35', 'QUESTIONNAIRE_MIGRATION_2019', 2),
	(925, -1, 516, 517, 518, 2, 1, -1, 0, 0, 1, 0, 0, '', '2019-07-19 13:47:35', 'QUESTIONNAIRE_MIGRATION_2019', '2019-07-19 13:47:35', 'QUESTIONNAIRE_MIGRATION_2019', 2),
	(926, -1, 521, 522, 523, 2, 1, -1, 0, 0, 1, 0, 0, '', '2019-07-19 13:47:35', 'QUESTIONNAIRE_MIGRATION_2019', '2019-07-19 13:47:35', 'QUESTIONNAIRE_MIGRATION_2019', 2),
	(927, -1, 526, 527, 528, 2, 1, -1, 0, 0, 1, 0, 0, '', '2019-07-19 13:47:35', 'QUESTIONNAIRE_MIGRATION_2019', '2019-07-19 13:47:35', 'QUESTIONNAIRE_MIGRATION_2019', 2),
	(928, -1, 531, 532, 533, 4, 1, -1, 0, 0, 1, 0, 0, '', '2019-07-19 13:47:35', 'QUESTIONNAIRE_MIGRATION_2019', '2019-07-19 13:47:35', 'QUESTIONNAIRE_MIGRATION_2019', 9),
	(929, -1, 536, 537, 538, 3, 1, -1, 0, 0, 1, 0, 0, '', '2019-07-19 13:47:35', 'QUESTIONNAIRE_MIGRATION_2019', '2019-07-19 13:47:35', 'QUESTIONNAIRE_MIGRATION_2019', 3);
/*!40000 ALTER TABLE `question` ENABLE KEYS */;

-- Dumping structure for table questionnairedb2019.questionfeedback
DROP TABLE IF EXISTS `questionfeedback`;
CREATE TABLE IF NOT EXISTS `questionfeedback` (
  `ID` bigint(20) NOT NULL AUTO_INCREMENT,
  `questionId` bigint(20) NOT NULL,
  `languageId` bigint(20) NOT NULL,
  `patientId` bigint(20) NOT NULL,
  `feedback` text NOT NULL,
  `deleted` tinyint(4) NOT NULL DEFAULT '0',
  `deletedBy` varchar(255) NOT NULL,
  `creationDate` datetime NOT NULL,
  `createdBy` varchar(255) NOT NULL,
  `lastUpdated` timestamp NOT NULL DEFAULT CURRENT_TIMESTAMP ON UPDATE CURRENT_TIMESTAMP,
  `updatedBy` varchar(255) NOT NULL,
  PRIMARY KEY (`ID`),
  KEY `fk_questionFeedback_deleted` (`deleted`),
  KEY `fk_questionFeedback_questionId_question_ID` (`questionId`),
  KEY `fk_questionFeedback_patientId_patient_ID` (`patientId`),
  KEY `fk_questionFeedback_languageId_language_ID` (`languageId`),
  CONSTRAINT `fk_questionFeedback_languageId_language_ID` FOREIGN KEY (`languageId`) REFERENCES `language` (`ID`) ON DELETE NO ACTION ON UPDATE NO ACTION,
  CONSTRAINT `fk_questionFeedback_patientId_patient_ID` FOREIGN KEY (`patientId`) REFERENCES `patient` (`ID`) ON DELETE NO ACTION ON UPDATE NO ACTION,
  CONSTRAINT `fk_questionFeedback_questionId_question_ID` FOREIGN KEY (`questionId`) REFERENCES `question` (`ID`)
) ENGINE=InnoDB DEFAULT CHARSET=utf8;

-- Dumping data for table questionnairedb2019.questionfeedback: ~0 rows (approximately)
DELETE FROM `questionfeedback`;
/*!40000 ALTER TABLE `questionfeedback` DISABLE KEYS */;
/*!40000 ALTER TABLE `questionfeedback` ENABLE KEYS */;

-- Dumping structure for table questionnairedb2019.questionnaire
DROP TABLE IF EXISTS `questionnaire`;
CREATE TABLE IF NOT EXISTS `questionnaire` (
  `ID` bigint(20) NOT NULL AUTO_INCREMENT,
  `OAUserId` bigint(20) NOT NULL DEFAULT '-1',
  `title` bigint(20) NOT NULL,
  `nickname` bigint(20) NOT NULL,
  `category` int(11) NOT NULL DEFAULT '-1',
  `description` bigint(20) NOT NULL,
  `instruction` bigint(20) NOT NULL,
  `final` tinyint(4) NOT NULL DEFAULT '0',
  `version` int(11) NOT NULL DEFAULT '1',
  `parentId` bigint(20) NOT NULL DEFAULT '-1',
  `private` tinyint(4) NOT NULL DEFAULT '0',
  `optionalFeedback` tinyint(4) NOT NULL DEFAULT '1',
  `logo` varchar(512) NOT NULL,
  `deleted` tinyint(4) NOT NULL DEFAULT '0',
  `deletedBy` varchar(255) NOT NULL,
  `creationDate` datetime NOT NULL,
  `createdBy` varchar(255) NOT NULL,
  `lastUpdated` timestamp NOT NULL DEFAULT CURRENT_TIMESTAMP ON UPDATE CURRENT_TIMESTAMP,
  `updatedBy` varchar(255) NOT NULL,
  `legacyName` varchar(255) NOT NULL COMMENT 'This field is mandatory to make the app works during the migration process. This field must be removed once the migration of the legacy questionnaire will be done, the triggers stopped and the app changed to use the correct standards.',
  PRIMARY KEY (`ID`),
  KEY `idx_questionnaire_deleted` (`deleted`),
  KEY `idx_questionnaire_OAUserId` (`OAUserId`),
  KEY `idx_questionnaire_parentId` (`parentId`),
  KEY `fk_questionnaire_title_dictionary_contentId` (`title`),
  KEY `fk_questionnaire_nickname_dictionary_contentId` (`nickname`),
  KEY `fk_questionnaire_description_dictionary_contentId` (`description`),
  KEY `fk_questionnaire_instructions_dictionary_contentId` (`instruction`),
  CONSTRAINT `fk_questionnaire_description_dictionary_contentId` FOREIGN KEY (`description`) REFERENCES `dictionary` (`contentId`) ON DELETE NO ACTION ON UPDATE NO ACTION,
  CONSTRAINT `fk_questionnaire_instructions_dictionary_contentId` FOREIGN KEY (`instruction`) REFERENCES `dictionary` (`contentId`) ON DELETE NO ACTION ON UPDATE NO ACTION,
  CONSTRAINT `fk_questionnaire_nickname_dictionary_contentId` FOREIGN KEY (`nickname`) REFERENCES `dictionary` (`contentId`) ON DELETE NO ACTION ON UPDATE NO ACTION,
  CONSTRAINT `fk_questionnaire_title_dictionary_contentId` FOREIGN KEY (`title`) REFERENCES `dictionary` (`contentId`) ON DELETE NO ACTION ON UPDATE NO ACTION
) ENGINE=InnoDB AUTO_INCREMENT=36 DEFAULT CHARSET=utf8;

-- Dumping data for table questionnairedb2019.questionnaire: ~12 rows (approximately)
DELETE FROM `questionnaire`;
/*!40000 ALTER TABLE `questionnaire` DISABLE KEYS */;
INSERT INTO `questionnaire` (`ID`, `OAUserId`, `title`, `nickname`, `category`, `description`, `instruction`, `final`, `version`, `parentId`, `private`, `optionalFeedback`, `logo`, `deleted`, `deletedBy`, `creationDate`, `createdBy`, `lastUpdated`, `updatedBy`, `legacyName`) VALUES
	(11, -1, 10, -1, -1, -1, -1, 1, 1, -1, 0, 1, '', 0, '', '2019-07-19 13:47:31', 'QUESTIONNAIRE_MIGRATION_2019', '2019-07-19 13:47:35', 'QUESTIONNAIRE_MIGRATION_2019', 'Patient Satisfaction Questionnaire / Questionnaire de satisfaction des patients'),
	(12, -1, 40, -1, -1, -1, -1, 1, 1, -1, 0, 1, '', 0, '', '2019-07-19 13:47:31', 'QUESTIONNAIRE_MIGRATION_2019', '2019-07-19 13:47:35', 'QUESTIONNAIRE_MIGRATION_2019', 'Edmonton Symptom Assessment System / chelle d\'valuation des symptmes d\'Edmonton'),
	(18, -1, 87, -1, -1, -1, -1, 1, 1, -1, 0, 1, '', 0, '', '2019-07-19 13:47:32', 'QUESTIONNAIRE_MIGRATION_2019', '2019-07-19 13:47:35', 'QUESTIONNAIRE_MIGRATION_2019', 'Breast Radiotherapy Symptoms / Symptmes de la radiothrapie du sein'),
	(19, -1, 144, -1, -1, -1, -1, 1, 1, -1, 0, 1, '', 0, '', '2019-07-19 13:47:32', 'QUESTIONNAIRE_MIGRATION_2019', '2019-07-19 13:47:35', 'QUESTIONNAIRE_MIGRATION_2019', 'Opal Feedback Questionnaire'),
	(20, -1, 203, -1, -1, -1, -1, 1, 1, -1, 0, 1, '', 0, '', '2019-07-19 13:47:32', 'QUESTIONNAIRE_MIGRATION_2019', '2019-07-19 13:47:35', 'QUESTIONNAIRE_MIGRATION_2019', 'Patient Acceptability'),
	(21, -1, 223, -1, -1, -1, -1, 1, 1, -1, 0, 1, '', 0, '', '2019-07-19 13:47:33', 'QUESTIONNAIRE_MIGRATION_2019', '2019-07-19 13:47:35', 'QUESTIONNAIRE_MIGRATION_2019', 'Information about diagnosis and prognosis of cancer disease'),
	(25, -1, 255, -1, -1, -1, -1, 1, 1, -1, 0, 1, '', 0, '', '2019-07-19 13:47:33', 'QUESTIONNAIRE_MIGRATION_2019', '2019-07-19 13:47:35', 'QUESTIONNAIRE_MIGRATION_2019', 'Health Snapshot Questionnaire / Portrait de sant'),
	(26, -1, 331, -1, -1, -1, -1, 1, 1, -1, 0, 1, '', 0, '', '2019-07-19 13:47:33', 'QUESTIONNAIRE_MIGRATION_2019', '2019-07-19 13:47:35', 'QUESTIONNAIRE_MIGRATION_2019', 'Patient-Reported Daily Side Effects Questionnaire'),
	(27, -1, 354, -1, -1, -1, -1, 1, 1, -1, 0, 1, '', 0, '', '2019-07-19 13:47:34', 'QUESTIONNAIRE_MIGRATION_2019', '2019-07-19 13:47:35', 'QUESTIONNAIRE_MIGRATION_2019', 'Kansas City Cardiomyopathy Questionnaire (KCCQ-12) / FR_ Kansas City Cardiomyopathy Questionnaire (K'),
	(30, -1, 462, -1, -1, -1, -1, 1, 1, -1, 0, 1, '', 0, '', '2019-07-19 13:47:34', 'QUESTIONNAIRE_MIGRATION_2019', '2019-07-19 13:47:35', 'QUESTIONNAIRE_MIGRATION_2019', 'Help Us Design OpalCare V1 / Aidez-nous  concevoir OpalCare V1'),
	(31, -1, 498, -1, -1, -1, -1, 1, 1, -1, 0, 1, '', 0, '', '2019-07-19 13:47:34', 'QUESTIONNAIRE_MIGRATION_2019', '2019-07-19 13:47:35', 'QUESTIONNAIRE_MIGRATION_2019', 'Help Us Design OpalCare / Aidez-nous  concevoir OpalCare'),
	(35, -1, 665, 665, -1, 665, 665, 1, 1, -1, 0, 1, '', 0, '', '2019-07-26 11:01:29', 'TEST_LISTENER', '2019-07-26 11:01:35', 'TEST_LISTENER', '');
/*!40000 ALTER TABLE `questionnaire` ENABLE KEYS */;

-- Dumping structure for table questionnairedb2019.questionnairefeedback
DROP TABLE IF EXISTS `questionnairefeedback`;
CREATE TABLE IF NOT EXISTS `questionnairefeedback` (
  `ID` bigint(20) NOT NULL AUTO_INCREMENT,
  `questionnaireId` bigint(20) NOT NULL,
  `languageId` bigint(20) NOT NULL,
  `patientId` bigint(20) NOT NULL,
  `feedback` text NOT NULL,
  `deleted` tinyint(4) NOT NULL DEFAULT '0',
  `deletedBy` varchar(255) NOT NULL,
  `creationDate` datetime NOT NULL,
  `createdBy` varchar(255) NOT NULL,
  `lastUpdated` timestamp NOT NULL DEFAULT CURRENT_TIMESTAMP ON UPDATE CURRENT_TIMESTAMP,
  `updatedBy` varchar(255) NOT NULL,
  PRIMARY KEY (`ID`),
  KEY `idx_questionnaireFeedback` (`deleted`),
  KEY `fk_questionnaireFeedback_questionnaireId_questionnaire_ID` (`questionnaireId`),
  KEY `fk_questionnaireFeedback_patientId_patient_ID` (`patientId`),
  KEY `fk_questionnaireFeedback_languageId_language_ID` (`languageId`),
  CONSTRAINT `fk_questionnaireFeedback_languageId_language_ID` FOREIGN KEY (`languageId`) REFERENCES `language` (`ID`) ON DELETE NO ACTION ON UPDATE NO ACTION,
  CONSTRAINT `fk_questionnaireFeedback_patientId_patient_ID` FOREIGN KEY (`patientId`) REFERENCES `patient` (`ID`) ON DELETE NO ACTION ON UPDATE NO ACTION,
  CONSTRAINT `fk_questionnaireFeedback_questionnaireId_questionnaire_ID` FOREIGN KEY (`questionnaireId`) REFERENCES `questionnaire` (`ID`)
) ENGINE=InnoDB DEFAULT CHARSET=utf8;

-- Dumping data for table questionnairedb2019.questionnairefeedback: ~0 rows (approximately)
DELETE FROM `questionnairefeedback`;
/*!40000 ALTER TABLE `questionnairefeedback` DISABLE KEYS */;
/*!40000 ALTER TABLE `questionnairefeedback` ENABLE KEYS */;

-- Dumping structure for table questionnairedb2019.questionnairerating
DROP TABLE IF EXISTS `questionnairerating`;
CREATE TABLE IF NOT EXISTS `questionnairerating` (
  `ID` bigint(20) NOT NULL AUTO_INCREMENT,
  `questionnaireId` bigint(20) NOT NULL,
  `languageId` bigint(20) NOT NULL,
  `patientId` bigint(20) NOT NULL,
  `rating` int(11) NOT NULL DEFAULT '0',
  `comment` text NOT NULL,
  `deleted` tinyint(4) NOT NULL DEFAULT '0',
  `deletedBy` varchar(255) NOT NULL,
  `creationDate` datetime NOT NULL,
  `createdBy` varchar(255) NOT NULL,
  `lastUpdated` timestamp NOT NULL DEFAULT CURRENT_TIMESTAMP ON UPDATE CURRENT_TIMESTAMP,
  `updatedBy` varchar(255) NOT NULL,
  PRIMARY KEY (`ID`),
  KEY `idx_questionnaireRating_deleted` (`deleted`),
  KEY `fk_questionnaireRating_questionnaireId_questionnaire_ID` (`questionnaireId`),
  KEY `fk_questionnaireRating_patientId_patient_ID` (`patientId`),
  KEY `fk_questionnaireRating_languageId_language_ID` (`languageId`),
  CONSTRAINT `fk_questionnaireRating_languageId_language_ID` FOREIGN KEY (`languageId`) REFERENCES `language` (`ID`) ON DELETE NO ACTION ON UPDATE NO ACTION,
  CONSTRAINT `fk_questionnaireRating_patientId_patient_ID` FOREIGN KEY (`patientId`) REFERENCES `patient` (`ID`) ON DELETE NO ACTION ON UPDATE NO ACTION,
  CONSTRAINT `fk_questionnaireRating_questionnaireId_questionnaire_ID` FOREIGN KEY (`questionnaireId`) REFERENCES `questionnaire` (`ID`)
) ENGINE=InnoDB DEFAULT CHARSET=utf8;

-- Dumping data for table questionnairedb2019.questionnairerating: ~0 rows (approximately)
DELETE FROM `questionnairerating`;
/*!40000 ALTER TABLE `questionnairerating` DISABLE KEYS */;
/*!40000 ALTER TABLE `questionnairerating` ENABLE KEYS */;

-- Dumping structure for table questionnairedb2019.questionrating
DROP TABLE IF EXISTS `questionrating`;
CREATE TABLE IF NOT EXISTS `questionrating` (
  `ID` bigint(20) NOT NULL AUTO_INCREMENT,
  `questionId` bigint(20) NOT NULL,
  `languageId` bigint(20) NOT NULL,
  `patientId` bigint(20) NOT NULL,
  `rating` int(11) NOT NULL DEFAULT '0',
  `comment` text NOT NULL,
  `deleted` tinyint(4) NOT NULL DEFAULT '0',
  `deletedBy` varchar(255) NOT NULL,
  `creationDate` datetime NOT NULL,
  `createdBy` varchar(255) NOT NULL,
  `lastUpdated` timestamp NOT NULL DEFAULT CURRENT_TIMESTAMP ON UPDATE CURRENT_TIMESTAMP,
  `updatedBy` varchar(255) NOT NULL,
  PRIMARY KEY (`ID`),
  KEY `fk_questionRating_questionId_question_ID` (`questionId`),
  KEY `fk_questionRating_patientId_patient_ID` (`patientId`),
  KEY `fk_questionRating_languageId_language_ID` (`languageId`),
  CONSTRAINT `fk_questionRating_languageId_language_ID` FOREIGN KEY (`languageId`) REFERENCES `language` (`ID`) ON DELETE NO ACTION ON UPDATE NO ACTION,
  CONSTRAINT `fk_questionRating_patientId_patient_ID` FOREIGN KEY (`patientId`) REFERENCES `patient` (`ID`) ON DELETE NO ACTION ON UPDATE NO ACTION,
  CONSTRAINT `fk_questionRating_questionId_question_ID` FOREIGN KEY (`questionId`) REFERENCES `question` (`ID`) ON DELETE NO ACTION ON UPDATE NO ACTION
) ENGINE=InnoDB DEFAULT CHARSET=utf8;

-- Dumping data for table questionnairedb2019.questionrating: ~0 rows (approximately)
DELETE FROM `questionrating`;
/*!40000 ALTER TABLE `questionrating` DISABLE KEYS */;
/*!40000 ALTER TABLE `questionrating` ENABLE KEYS */;

-- Dumping structure for table questionnairedb2019.questionsection
DROP TABLE IF EXISTS `questionsection`;
CREATE TABLE IF NOT EXISTS `questionsection` (
  `ID` bigint(20) NOT NULL AUTO_INCREMENT,
  `questionId` bigint(20) NOT NULL,
  `sectionId` bigint(20) NOT NULL,
  `order` int(11) NOT NULL DEFAULT '0',
  `orientation` int(11) NOT NULL DEFAULT '0' COMMENT '0 = Portrait, 1 = Landscape, 2 = Both',
  `optional` tinyint(4) NOT NULL DEFAULT '0' COMMENT '0 = false, 1 = true',
  PRIMARY KEY (`ID`),
  KEY `fk_questionSection_questionId_question_ID` (`questionId`),
  KEY `fk_questionSection_sectionId_section_ID` (`sectionId`),
  CONSTRAINT `fk_questionSection_questionId_question_ID` FOREIGN KEY (`questionId`) REFERENCES `question` (`ID`),
  CONSTRAINT `fk_questionSection_sectionId_section_ID` FOREIGN KEY (`sectionId`) REFERENCES `section` (`ID`)
) ENGINE=InnoDB AUTO_INCREMENT=235 DEFAULT CHARSET=utf8;

-- Dumping data for table questionnairedb2019.questionsection: ~100 rows (approximately)
DELETE FROM `questionsection`;
/*!40000 ALTER TABLE `questionsection` DISABLE KEYS */;
INSERT INTO `questionsection` (`ID`, `questionId`, `sectionId`, `order`, `orientation`, `optional`) VALUES
	(104, 823, 11, 1, 0, 0),
	(105, 824, 11, 2, 0, 0),
	(106, 811, 11, 3, 0, 0),
	(107, 830, 11, 4, 0, 0),
	(108, 832, 11, 5, 0, 0),
	(109, 793, 12, 3, 0, 0),
	(110, 794, 12, 4, 0, 0),
	(111, 795, 12, 5, 0, 0),
	(112, 791, 12, 1, 0, 0),
	(113, 796, 12, 6, 0, 0),
	(114, 792, 12, 2, 0, 0),
	(115, 799, 12, 9, 0, 0),
	(116, 797, 12, 7, 0, 0),
	(117, 798, 12, 8, 0, 0),
	(139, 842, 18, 1, 0, 0),
	(140, 843, 18, 2, 0, 0),
	(141, 844, 18, 3, 0, 0),
	(142, 845, 18, 4, 0, 0),
	(143, 846, 18, 5, 0, 0),
	(144, 847, 18, 6, 0, 0),
	(145, 848, 18, 7, 0, 0),
	(146, 849, 18, 8, 0, 0),
	(147, 850, 18, 9, 0, 0),
	(148, 851, 18, 10, 0, 0),
	(149, 852, 18, 11, 0, 0),
	(150, 853, 19, 1, 0, 0),
	(151, 854, 19, 2, 0, 0),
	(152, 855, 19, 3, 0, 0),
	(153, 856, 19, 4, 0, 0),
	(154, 857, 19, 5, 0, 0),
	(155, 858, 19, 6, 0, 0),
	(156, 859, 19, 7, 0, 0),
	(157, 860, 20, 1, 0, 0),
	(158, 861, 20, 2, 0, 0),
	(159, 862, 20, 3, 0, 0),
	(160, 863, 21, 1, 0, 0),
	(161, 864, 21, 2, 0, 0),
	(162, 865, 21, 3, 0, 0),
	(163, 866, 21, 4, 0, 0),
	(164, 867, 21, 5, 0, 0),
	(165, 869, 25, 1, 0, 0),
	(166, 870, 25, 2, 0, 0),
	(167, 871, 25, 3, 0, 0),
	(168, 872, 25, 4, 0, 0),
	(169, 873, 25, 5, 0, 0),
	(170, 874, 25, 6, 0, 0),
	(171, 875, 25, 7, 0, 0),
	(172, 876, 25, 8, 0, 0),
	(173, 877, 25, 9, 0, 0),
	(174, 878, 25, 10, 0, 0),
	(175, 879, 25, 11, 0, 0),
	(176, 880, 25, 12, 0, 0),
	(177, 881, 25, 13, 0, 0),
	(178, 882, 25, 14, 0, 0),
	(179, 883, 25, 15, 0, 0),
	(180, 884, 25, 16, 0, 0),
	(181, 885, 26, 1, 0, 0),
	(182, 886, 26, 2, 0, 0),
	(183, 887, 26, 3, 0, 0),
	(184, 892, 27, 1, 0, 0),
	(185, 893, 27, 2, 0, 0),
	(186, 894, 27, 3, 0, 0),
	(187, 895, 27, 4, 0, 0),
	(188, 896, 27, 5, 0, 0),
	(189, 897, 27, 6, 0, 0),
	(190, 898, 27, 7, 0, 0),
	(191, 899, 27, 8, 0, 0),
	(192, 900, 27, 9, 0, 0),
	(193, 901, 27, 10, 0, 0),
	(194, 902, 27, 11, 0, 0),
	(195, 903, 27, 12, 0, 0),
	(205, 913, 30, 1, 0, 0),
	(206, 920, 30, 2, 0, 0),
	(207, 914, 30, 3, 0, 0),
	(208, 915, 30, 4, 0, 0),
	(209, 916, 30, 5, 0, 0),
	(210, 917, 30, 6, 0, 0),
	(211, 918, 30, 7, 0, 0),
	(212, 919, 30, 8, 0, 0),
	(213, 921, 31, 1, 0, 0),
	(214, 922, 31, 2, 0, 0),
	(215, 923, 31, 3, 0, 0),
	(216, 924, 31, 4, 0, 0),
	(217, 925, 31, 5, 0, 0),
	(218, 926, 31, 6, 0, 0),
	(219, 927, 31, 7, 0, 0),
	(220, 928, 31, 8, 0, 0),
	(221, 929, 31, 9, 0, 0),
	(222, 853, 37, 1, 0, 0),
	(223, 854, 37, 2, 0, 0),
	(224, 855, 37, 3, 0, 0),
	(225, 856, 37, 4, 0, 0),
	(226, 857, 37, 5, 0, 0),
	(227, 858, 37, 6, 0, 0),
	(228, 859, 37, 7, 0, 0),
	(229, 842, 39, 1, 0, 0),
	(230, 843, 39, 2, 0, 0),
	(232, 860, 40, 1, 0, 0),
	(233, 861, 40, 2, 0, 0),
	(234, 862, 40, 3, 0, 0);
/*!40000 ALTER TABLE `questionsection` ENABLE KEYS */;

-- Dumping structure for table questionnairedb2019.radiobutton
DROP TABLE IF EXISTS `radiobutton`;
CREATE TABLE IF NOT EXISTS `radiobutton` (
  `ID` bigint(20) NOT NULL AUTO_INCREMENT,
  `questionId` bigint(20) NOT NULL,
  PRIMARY KEY (`ID`),
  KEY `fk_radioButton_questionId_question_ID` (`questionId`),
  CONSTRAINT `fk_radioButton_questionId_question_ID` FOREIGN KEY (`questionId`) REFERENCES `question` (`ID`) ON DELETE NO ACTION ON UPDATE NO ACTION
) ENGINE=InnoDB AUTO_INCREMENT=36 DEFAULT CHARSET=utf8;

-- Dumping data for table questionnairedb2019.radiobutton: ~35 rows (approximately)
DELETE FROM `radiobutton`;
/*!40000 ALTER TABLE `radiobutton` DISABLE KEYS */;
INSERT INTO `radiobutton` (`ID`, `questionId`) VALUES
	(1, 855),
	(2, 856),
	(3, 858),
	(4, 860),
	(5, 861),
	(6, 862),
	(7, 863),
	(8, 864),
	(9, 865),
	(10, 866),
	(11, 867),
	(12, 869),
	(13, 874),
	(14, 876),
	(15, 877),
	(16, 879),
	(17, 880),
	(18, 883),
	(19, 885),
	(20, 886),
	(21, 887),
	(22, 892),
	(23, 893),
	(24, 894),
	(25, 895),
	(26, 896),
	(27, 897),
	(28, 898),
	(29, 899),
	(30, 900),
	(31, 901),
	(32, 902),
	(33, 903),
	(34, 918),
	(35, 928);
/*!40000 ALTER TABLE `radiobutton` ENABLE KEYS */;

-- Dumping structure for table questionnairedb2019.radiobuttonoption
DROP TABLE IF EXISTS `radiobuttonoption`;
CREATE TABLE IF NOT EXISTS `radiobuttonoption` (
  `ID` bigint(20) NOT NULL AUTO_INCREMENT,
  `parentTableId` bigint(20) NOT NULL,
  `description` bigint(20) NOT NULL,
  `order` int(11) NOT NULL DEFAULT '0',
  PRIMARY KEY (`ID`),
  KEY `fk_radioButtonOption_parentTableId_radioButton_ID` (`parentTableId`),
  KEY `fk_radioButtonOption_description_dictionary_contentId` (`description`),
  CONSTRAINT `fk_radioButtonOption_description_dictionary_contentId` FOREIGN KEY (`description`) REFERENCES `dictionary` (`contentId`) ON DELETE NO ACTION ON UPDATE NO ACTION,
  CONSTRAINT `fk_radioButtonOption_parentTableId_radioButton_ID` FOREIGN KEY (`parentTableId`) REFERENCES `radiobutton` (`ID`)
) ENGINE=InnoDB AUTO_INCREMENT=145 DEFAULT CHARSET=utf8;

-- Dumping data for table questionnairedb2019.radiobuttonoption: ~144 rows (approximately)
DELETE FROM `radiobuttonoption`;
/*!40000 ALTER TABLE `radiobuttonoption` DISABLE KEYS */;
INSERT INTO `radiobuttonoption` (`ID`, `parentTableId`, `description`, `order`) VALUES
	(1, 1, 159, 1),
	(2, 1, 160, 2),
	(3, 2, 164, 1),
	(4, 2, 165, 2),
	(5, 3, 186, 1),
	(6, 3, 187, 2),
	(7, 3, 188, 3),
	(8, 3, 189, 4),
	(9, 3, 190, 5),
	(10, 3, 191, 6),
	(11, 3, 192, 7),
	(12, 3, 193, 8),
	(13, 3, 194, 9),
	(14, 3, 195, 10),
	(15, 3, 196, 11),
	(16, 3, 197, 12),
	(17, 3, 198, 13),
	(18, 3, 199, 14),
	(19, 4, 208, 1),
	(20, 4, 209, 2),
	(21, 4, 210, 3),
	(22, 5, 214, 1),
	(23, 5, 215, 2),
	(24, 5, 216, 3),
	(25, 6, 220, 1),
	(26, 6, 221, 2),
	(27, 6, 222, 3),
	(28, 7, 228, 1),
	(29, 7, 229, 2),
	(30, 7, 230, 3),
	(31, 8, 234, 1),
	(32, 8, 235, 2),
	(33, 8, 236, 3),
	(34, 9, 240, 1),
	(35, 9, 241, 2),
	(36, 9, 242, 3),
	(37, 10, 246, 1),
	(38, 10, 247, 2),
	(39, 10, 248, 3),
	(40, 11, 252, 1),
	(41, 11, 253, 2),
	(42, 11, 254, 3),
	(43, 12, 260, 1),
	(44, 12, 261, 2),
	(45, 13, 287, 1),
	(46, 13, 288, 2),
	(47, 14, 295, 1),
	(48, 14, 296, 2),
	(49, 15, 300, 1),
	(50, 15, 301, 2),
	(51, 16, 308, 1),
	(52, 16, 309, 2),
	(53, 16, 310, 3),
	(54, 17, 314, 1),
	(55, 17, 315, 2),
	(56, 17, 316, 3),
	(57, 18, 326, 1),
	(58, 18, 327, 2),
	(59, 19, 336, 1),
	(60, 19, 337, 2),
	(61, 19, 338, 3),
	(62, 19, 339, 4),
	(63, 20, 343, 1),
	(64, 20, 344, 2),
	(65, 20, 345, 3),
	(66, 20, 346, 4),
	(67, 21, 350, 1),
	(68, 21, 351, 2),
	(69, 21, 352, 3),
	(70, 21, 353, 4),
	(71, 22, 359, 1),
	(72, 22, 360, 2),
	(73, 22, 361, 3),
	(74, 22, 362, 4),
	(75, 22, 363, 5),
	(76, 22, 364, 6),
	(77, 23, 368, 1),
	(78, 23, 369, 2),
	(79, 23, 370, 3),
	(80, 23, 371, 4),
	(81, 23, 372, 5),
	(82, 23, 373, 6),
	(83, 24, 377, 1),
	(84, 24, 378, 2),
	(85, 24, 379, 3),
	(86, 24, 380, 4),
	(87, 24, 381, 5),
	(88, 24, 382, 6),
	(89, 25, 386, 1),
	(90, 25, 387, 2),
	(91, 25, 388, 3),
	(92, 25, 389, 4),
	(93, 25, 390, 5),
	(94, 26, 394, 1),
	(95, 26, 395, 2),
	(96, 26, 396, 3),
	(97, 26, 397, 4),
	(98, 26, 398, 5),
	(99, 26, 399, 6),
	(100, 26, 400, 7),
	(101, 27, 404, 1),
	(102, 27, 405, 2),
	(103, 27, 406, 3),
	(104, 27, 407, 4),
	(105, 27, 408, 5),
	(106, 27, 409, 6),
	(107, 27, 410, 7),
	(108, 28, 414, 1),
	(109, 28, 415, 2),
	(110, 28, 416, 3),
	(111, 28, 417, 4),
	(112, 28, 418, 5),
	(113, 29, 422, 1),
	(114, 29, 423, 2),
	(115, 29, 424, 3),
	(116, 29, 425, 4),
	(117, 29, 426, 5),
	(118, 30, 430, 1),
	(119, 30, 431, 2),
	(120, 30, 432, 3),
	(121, 30, 433, 4),
	(122, 30, 434, 5),
	(123, 31, 438, 1),
	(124, 31, 439, 2),
	(125, 31, 440, 3),
	(126, 31, 441, 4),
	(127, 31, 442, 5),
	(128, 31, 443, 6),
	(129, 32, 447, 1),
	(130, 32, 448, 2),
	(131, 32, 449, 3),
	(132, 32, 450, 4),
	(133, 32, 451, 5),
	(134, 32, 452, 6),
	(135, 33, 456, 1),
	(136, 33, 457, 2),
	(137, 33, 458, 3),
	(138, 33, 459, 4),
	(139, 33, 460, 5),
	(140, 33, 461, 6),
	(141, 34, 493, 1),
	(142, 34, 494, 2),
	(143, 35, 534, 1),
	(144, 35, 535, 2);
/*!40000 ALTER TABLE `radiobuttonoption` ENABLE KEYS */;

-- Dumping structure for procedure questionnairedb2019.saveAnswer
DROP PROCEDURE IF EXISTS `saveAnswer`;
DELIMITER //
CREATE DEFINER=`root`@`localhost` PROCEDURE `saveAnswer`(
	IN `i_answerQuestionnaireId` BIGINT,
	IN `i_sectionId` BIGINT,
	IN `i_questionId` BIGINT,
	IN `i_questionTypeId` BIGINT,
	IN `i_isSkipped` TINYINT,
	IN `i_appVersion` VARCHAR(255),
	IN `i_isoLang` VARCHAR(2)




)
    DETERMINISTIC
BEGIN

	 /*
        author of update should be patientId(in questionnaireDB) + '_APP_' + appVersion

        1. get patientId and questionnaireId from answerQuestionnaire_id
        2. update status from new to in progress using answerQuestionnaire_id
        3. verify if the answerSection exist for that answerQuestionnaire_id
            3.1 if it exist take that ID as answerSectionId
                and verify if the answer exists for that ID
                    3.1.1 if it exists, mark it as deleted, go to 4.
                    3.1.2 if it does not exist, go to 4.
            3.2 if it does not exist, create one, and take the insertId as answerSectionId
        4. use answerSectionId from 3. and section_id, question_id, is_skipped, question_type_id from the param, questionnaireId from 1., and language from the db to insert into the answer table
         */

	/*
	note: wsReturn convention for this procedure: 
		success = 0, 
		language error = -1, 
		error in answerQuestionnaireId = -2 (no such incomplete questionnaire or more than one such questionnaire),
		error updating the status of the answered questionnaire = -3,
		error inserting a new answerSection = -4,
		error marking deletion of answers due to duplicated answerSection = -5,
		error marking deletion of answers due to rewriting the answer = -6,
		error inserting the answer into answer table = -7
		error finding question type = -8
	*/

	-- declare variables
	declare countLang, countExistingAnswer, countAnswerQuestionnaire, countAnswerSection, affected_row_count, wsReturn int;
	declare language_id, questionnaire_id, patient_id, existing_answerSection_id, inserted_answer_id bigint;
	declare default_isoLang varchar(2);
	declare author_of_update, wsReturnMessage varchar(255);
	declare existing_answerSection_id_concated, existing_answer_id_concated text;
	declare is_answered tinyint; 
	declare type_name mediumtext;
	
	-- declare variables for error messages
	declare success, langErr, answerQuestionnaireIdErr, statusUpdateErr, insertAnswerSectionErr, answerSectionDuplicateErr, rewriteAnswerErr, insertAnswerErr, questionTypeErr int;
	declare success_message, langErr_message, answerQuestionnaireIdErr_message, statusUpdateErr_message, insertAnswerSectionErr_message, answerSectionDuplicateErr_message, rewriteAnswerErr_message, insertAnswerErr_message, questionTypeErr_message varchar(255);
	
	-- set error variables and messages
	set success = 0;
	set langErr = -1;
	set answerQuestionnaireIdErr = -2;
	set statusUpdateErr = -3;
	set insertAnswerSectionErr = -4;
	set answerSectionDuplicateErr = -5;
	set rewriteAnswerErr = -6;
	set insertAnswerErr = -7;
	set questionTypeErr = -8;
	
	set success_message = 'SUCCESS';
	set langErr_message = 'ERROR: cannot get a language id';
	set answerQuestionnaireIdErr_message = 'ERROR: no such incomplete questionnaire or more than one such questionnaire';
	set statusUpdateErr_message = 'ERROR: cannot update status of this questionnaire from new to in progress';
	set insertAnswerSectionErr_message = 'ERROR: failed to insert a new answerSection';
	set answerSectionDuplicateErr_message = 'ERROR: there is more than one row for an answerQuestionnaireId and a sectionId in the answerSection table, but could not mark the answers as deleted';
	set rewriteAnswerErr_message = 'ERROR: failed to mark existing answer as deleted';
	set insertAnswerErr_message = 'ERROR: failed to insert into answer table';
	set questionTypeErr_message = 'ERROR: failed to find the question type';
	
	-- set default language to French
	set default_isoLang = 'FR';
	
	-- get language
	select count(*), ID into countLang, language_id from language where isoLang = i_isoLang and deleted = 0;
	
	-- label for early exit in case of error
	save_answer:BEGIN
	
		-- verify language is correct	
		if countLang <> 1 then
			
			-- try to get language again using default language
			select count(*), ID into countLang, language_id from language where isoLang = default_isoLang and deleted = 0;
			
			-- verify again that language is correct	
			if countLang <> 1 then
				set wsReturn = langErr;
				set wsReturnMessage = langErr_message;
				
				leave save_answer;
			end if;
			
		end if;
		
		-- get the question type for listener
		select getTypeName(i_questionTypeId, 2) into type_name;
		
		-- verify that the type name has been returned correctly
		if type_name = '' then
			set wsReturn = questionTypeErr;
			set wsReturnMessage = questionTypeErr_message;
			leave save_answer;
		end if;
		
		-- 1. get patientId and questionnaireId from answerQuestionnaire_id
		SELECT count(*), patientId, questionnaireId into countAnswerQuestionnaire, patient_id, questionnaire_id
		FROM answerQuestionnaire
		WHERE ID = i_answerQuestionnaireId AND deleted = 0 AND `status` <> 2;
		
		-- verify if there is only one patientId and questionnaireId for the given answerQuestionnaireId
		if countAnswerQuestionnaire <> 1 then
			set wsReturn = answerQuestionnaireIdErr;
			set wsReturnMessage = answerQuestionnaireIdErr_message;
			
			leave save_answer;
		end if;
		
		-- set author of update: author of update should be patientId(in questionnaireDB) + '_APP_' + appVersion
		select concat(patient_id, '_APP_', i_appVersion) into author_of_update;
		
		-- 2. update status from new to in progress using answerQuestionnaire_id
		UPDATE `answerquestionnaire` SET `status` = '1', `lastUpdated` = CURRENT_TIMESTAMP, `updatedBy` = author_of_update WHERE `ID` = i_answerQuestionnaireId;
		
		select ROW_COUNT() into affected_row_count;
			
		-- verify that the row has been updated correctly
		if affected_row_count <> 1 then 
			set wsReturn = statusUpdateErr;
			set wsReturnMessage = statusUpdateErr_message;
			
			leave save_answer;
		else
			-- reset the variable for future use
			set affected_row_count = -1;
		end if;
		
		-- 3. verify if the answerSection exist for that answerQuestionnaire_id 
		-- note that the answerSectionId are concatonated due to maybe there is an error in inserts and there are more than one ID matching the conditions
		-- the left join on answer is to make sure that the answers are deleted
		select count(*), group_concat(answerSection.ID), max(answerSection.ID) into countAnswerSection, existing_answerSection_id_concated, existing_answerSection_id
		from answerSection 
			left join answer a on (answerSection.ID = a.answerSectionId)
		where answerSection.answerQuestionnaireId = i_answerQuestionnaireId 
			and answerSection.sectionId = i_sectionId
			and a.deleted = 0;

		/*
		3.1 if it exist take that ID as answerSectionId and verify if the answer exists for that ID
         3.1.1 if it exists, mark it as deleted, go to 4. 
         3.1.2 if the answer does not exist, go to 4.
      */
      -- this is for error handling, when there is more than one row for an answerQuestionnaireId and a sectionId in the answerSection table
      if countAnswerSection > 1 then      	
      
      	-- in the next query, the rows to be updated are not specified with answer.ID from the previous query due to that the previous query may contain answer.IDs from the correct answerSection.ID
      	set @wsSQL = concat(
	      	"update answer
	      	set deleted = 1,
	      		updatedBy = '", author_of_update, "'
	      	where deleted = 0
					and answerSectionId IN (", existing_answerSection_id_concated, ")
	      		and answerSectionId <> ", existing_answerSection_id, ";"
	      );
	      
	      -- execute SQL statement
			prepare stmt from @wsSQL;
	
			Execute stmt;
			select ROW_COUNT() into affected_row_count;	-- this needs to follow execute to have the correct row count.
			
			deallocate prepare stmt;
						
			-- verify that the rows have been updated correctly
			if affected_row_count = 0 then 
				set wsReturn = answerSectionDuplicateErr;
				set wsReturnMessage = answerSectionDuplicateErr_message;
				
				leave save_answer;
			else
				-- reset the variable for future use
				set affected_row_count = -1;
			end if;
			
	   end if;
      
      -- 3.1.1 if answerSection exists, mark it as deleted, go to 4. 
      if countAnswerSection > 0 then
      
      	-- verify if the answer exists for that ID
      	select count(*), group_concat(ID) into countExistingAnswer, existing_answer_id_concated
			from answer
			where answerSectionId = existing_answerSection_id
				and deleted = 0
				and questionnaireId = questionnaire_id
				and sectionId = i_sectionId
				and questionId = i_questionId
				and patientId = patient_id
			;
		
			-- mark it as deleted, go to 4. 
			if countExistingAnswer > 0 then
				set @wsSQL = concat(
					"update answer
					set deleted = 1,
						updatedBy = '", author_of_update, "'
					where ID in (", existing_answer_id_concated, ");"
				);
			end if;
			
			-- execute SQL statement
			prepare stmt from @wsSQL;
	
			Execute stmt;
			select ROW_COUNT() into affected_row_count;	-- this must follow execute to have the correct behaviour
			
			deallocate prepare stmt;
			
			-- verify that the rows have been updated correctly
			if affected_row_count = 0 then 
				set wsReturn = rewriteAnswerErr;
				set wsReturnMessage = rewriteAnswerErr_message;
				
				leave save_answer;
			else
				-- reset the variable for future use
				set affected_row_count = -1;
			end if;
			
		else
		
			-- 3.2 if answerSection does not exist, create one, and take the insertId as answerSectionId
			INSERT INTO answersection (`answerQuestionnaireId`, `sectionId`) VALUES (i_answerQuestionnaireId, i_sectionId);
			set existing_answerSection_id = LAST_INSERT_ID();
			
			select ROW_COUNT() into affected_row_count;
			
			-- verify that the row has been inserted correctly
			if affected_row_count <> 1 then 
				set wsReturn = insertAnswerSectionErr;
				set wsReturnMessage = insertAnswerSectionErr_message;
				leave save_answer;
			else
				-- reset the variable for future use
				set affected_row_count = -1;
			end if;
			
		end if;
		
		-- 4. use answerSectionId from 3. and section_id, question_id, is_skipped, question_type_id from the param, questionnaireId from 1., and language from the db to insert into the answer table
		set is_answered = 1 - i_isSkipped;
		
		INSERT INTO `answer` (`questionnaireId`, `sectionId`, `questionId`, `typeId`, `answerSectionId`, `languageId`, `patientId`, `answered`, `skipped`, `deleted`, `deletedBy`, `creationDate`, `createdBy`, `updatedBy`) 
		VALUES (questionnaire_id, i_sectionId, i_questionId, i_questionTypeId, existing_answerSection_id, language_id, patient_id, is_answered, i_isSkipped, 0, '', CURRENT_TIMESTAMP, author_of_update, author_of_update);
		
		set inserted_answer_id = LAST_INSERT_ID();
		
		select ROW_COUNT() into affected_row_count;
			
		-- verify that the row has been inserted correctly
		if affected_row_count <> 1 then 
			set wsReturn = insertAnswerErr;
			set wsReturnMessage = insertAnswerErr_message;
			leave save_answer;
		else
			-- reset the variable for future use
			set affected_row_count = -1;
		end if;
		
		-- set return as success
		set wsReturn = success;
		set wsReturnMessage = success_message;
		
	END; -- end of save_answer label
	
	select wsReturn as procedure_status,
		wsReturnMessage as procedure_message,
		inserted_answer_id as inserted_answer_id,
		type_name as question_type_name_EN
	;	

END//
DELIMITER ;

-- Dumping structure for table questionnairedb2019.section
DROP TABLE IF EXISTS `section`;
CREATE TABLE IF NOT EXISTS `section` (
  `ID` bigint(20) NOT NULL AUTO_INCREMENT,
  `questionnaireId` bigint(20) NOT NULL,
  `title` bigint(20) NOT NULL,
  `instruction` bigint(20) NOT NULL,
  `order` int(11) NOT NULL DEFAULT '0',
  `deleted` tinyint(4) NOT NULL DEFAULT '0',
  `deletedBy` varchar(255) NOT NULL,
  `creationDate` datetime NOT NULL,
  `createdBy` varchar(255) NOT NULL,
  `lastUpdated` timestamp NOT NULL DEFAULT CURRENT_TIMESTAMP ON UPDATE CURRENT_TIMESTAMP,
  `updatedBy` varchar(255) NOT NULL,
  PRIMARY KEY (`ID`),
  KEY `idx_section_deleted` (`deleted`),
  KEY `fk_section_questionnaireId_questrionnaire_ID` (`questionnaireId`),
  KEY `fk_section_instruction_dictionary_contentId` (`instruction`),
  KEY `fk_section_title_dictionary_contentId` (`title`),
  CONSTRAINT `fk_section_instruction_dictionary_contentId` FOREIGN KEY (`instruction`) REFERENCES `dictionary` (`contentId`) ON DELETE NO ACTION ON UPDATE NO ACTION,
  CONSTRAINT `fk_section_questionnaireId_questrionnaire_ID` FOREIGN KEY (`questionnaireId`) REFERENCES `questionnaire` (`ID`),
  CONSTRAINT `fk_section_title_dictionary_contentId` FOREIGN KEY (`title`) REFERENCES `dictionary` (`contentId`) ON DELETE NO ACTION ON UPDATE NO ACTION
) ENGINE=InnoDB AUTO_INCREMENT=41 DEFAULT CHARSET=utf8;

-- Dumping data for table questionnairedb2019.section: ~14 rows (approximately)
DELETE FROM `section`;
/*!40000 ALTER TABLE `section` DISABLE KEYS */;
INSERT INTO `section` (`ID`, `questionnaireId`, `title`, `instruction`, `order`, `deleted`, `deletedBy`, `creationDate`, `createdBy`, `lastUpdated`, `updatedBy`) VALUES
	(11, 11, -1, 11, 0, 0, '', '2019-07-19 13:47:31', 'QUESTIONNAIRE_MIGRATION_2019', '2019-07-19 13:47:31', 'QUESTIONNAIRE_MIGRATION_2019'),
	(12, 12, -1, 41, 0, 0, '', '2019-07-19 13:47:31', 'QUESTIONNAIRE_MIGRATION_2019', '2019-07-19 13:47:31', 'QUESTIONNAIRE_MIGRATION_2019'),
	(18, 18, -1, 88, 0, 0, '', '2019-07-19 13:47:32', 'QUESTIONNAIRE_MIGRATION_2019', '2019-07-19 13:47:32', 'QUESTIONNAIRE_MIGRATION_2019'),
	(19, 19, -1, 145, 0, 0, '', '2019-07-19 13:47:32', 'QUESTIONNAIRE_MIGRATION_2019', '2019-07-19 13:47:32', 'QUESTIONNAIRE_MIGRATION_2019'),
	(20, 20, -1, 204, 0, 0, '', '2019-07-19 13:47:33', 'QUESTIONNAIRE_MIGRATION_2019', '2019-07-19 13:47:33', 'QUESTIONNAIRE_MIGRATION_2019'),
	(21, 21, -1, 224, 0, 0, '', '2019-07-19 13:47:33', 'QUESTIONNAIRE_MIGRATION_2019', '2019-07-19 13:47:33', 'QUESTIONNAIRE_MIGRATION_2019'),
	(25, 25, -1, 256, 0, 0, '', '2019-07-19 13:47:33', 'QUESTIONNAIRE_MIGRATION_2019', '2019-07-19 13:47:33', 'QUESTIONNAIRE_MIGRATION_2019'),
	(26, 26, -1, 332, 0, 0, '', '2019-07-19 13:47:33', 'QUESTIONNAIRE_MIGRATION_2019', '2019-07-19 13:47:33', 'QUESTIONNAIRE_MIGRATION_2019'),
	(27, 27, -1, 355, 0, 0, '', '2019-07-19 13:47:34', 'QUESTIONNAIRE_MIGRATION_2019', '2019-07-19 13:47:34', 'QUESTIONNAIRE_MIGRATION_2019'),
	(30, 30, -1, 463, 0, 0, '', '2019-07-19 13:47:34', 'QUESTIONNAIRE_MIGRATION_2019', '2019-07-19 13:47:34', 'QUESTIONNAIRE_MIGRATION_2019'),
	(31, 31, -1, 499, 0, 0, '', '2019-07-19 13:47:34', 'QUESTIONNAIRE_MIGRATION_2019', '2019-07-19 13:47:34', 'QUESTIONNAIRE_MIGRATION_2019'),
	(37, 35, 666, 666, 0, 0, '', '2019-07-26 11:10:58', 'TEST_LISTENER', '2019-07-26 11:11:03', 'TEST_LISTENER'),
	(39, 35, 667, 667, 1, 0, '', '2019-07-26 11:12:33', 'TEST_LISTENER', '2019-07-26 11:44:49', 'TEST_LISTENER'),
	(40, 35, 668, 668, 2, 0, '', '2019-07-26 11:12:58', 'TEST_LISTENER', '2019-07-26 11:44:51', 'TEST_LISTENER');
/*!40000 ALTER TABLE `section` ENABLE KEYS */;

-- Dumping structure for table questionnairedb2019.slider
DROP TABLE IF EXISTS `slider`;
CREATE TABLE IF NOT EXISTS `slider` (
  `ID` bigint(20) NOT NULL AUTO_INCREMENT,
  `questionId` bigint(20) NOT NULL,
  `minValue` float NOT NULL,
  `maxValue` float NOT NULL,
  `minCaption` bigint(20) NOT NULL,
  `maxCaption` bigint(20) NOT NULL,
  `increment` float NOT NULL,
  PRIMARY KEY (`ID`),
  KEY `fk_slider_minCaption_dictionnary_contentId` (`minCaption`),
  KEY `fk_slider_maxCaption_dictionnary_contentId` (`maxCaption`),
  KEY `fk_slider_question_ID` (`questionId`),
  CONSTRAINT `fk_slider_maxCaption_dictionnary_contentId` FOREIGN KEY (`maxCaption`) REFERENCES `dictionary` (`contentId`) ON DELETE NO ACTION ON UPDATE NO ACTION,
  CONSTRAINT `fk_slider_minCaption_dictionnary_contentId` FOREIGN KEY (`minCaption`) REFERENCES `dictionary` (`contentId`) ON DELETE NO ACTION ON UPDATE NO ACTION,
  CONSTRAINT `fk_slider_question_ID` FOREIGN KEY (`questionId`) REFERENCES `question` (`ID`) ON DELETE NO ACTION ON UPDATE NO ACTION
) ENGINE=InnoDB AUTO_INCREMENT=34 DEFAULT CHARSET=utf8;

-- Dumping data for table questionnairedb2019.slider: ~33 rows (approximately)
DELETE FROM `slider`;
/*!40000 ALTER TABLE `slider` DISABLE KEYS */;
INSERT INTO `slider` (`ID`, `questionId`, `minValue`, `maxValue`, `minCaption`, `maxCaption`, `increment`) VALUES
	(1, 823, 1, 5, 15, 16, 1),
	(2, 824, 1, 5, 20, 21, 1),
	(3, 791, 1, 10, 45, 46, 1),
	(4, 792, 1, 10, 50, 51, 1),
	(5, 793, 1, 10, 55, 56, 1),
	(6, 794, 1, 10, 60, 61, 1),
	(7, 795, 1, 10, 65, 66, 1),
	(8, 796, 1, 10, 70, 71, 1),
	(9, 797, 1, 10, 75, 76, 1),
	(10, 798, 1, 10, 80, 81, 1),
	(11, 799, 1, 10, 85, 86, 1),
	(12, 842, 1, 4, 92, 93, 1),
	(13, 843, 1, 4, 97, 98, 1),
	(14, 844, 1, 4, 102, 103, 1),
	(15, 845, 1, 4, 107, 108, 1),
	(16, 846, 1, 4, 112, 113, 1),
	(17, 847, 1, 4, 117, 118, 1),
	(18, 848, 1, 4, 122, 123, 1),
	(19, 849, 1, 4, 127, 128, 1),
	(20, 850, 1, 7, 132, 133, 1),
	(21, 851, 1, 7, 137, 138, 1),
	(22, 852, 1, 4, 142, 143, 1),
	(23, 853, 1, 5, 149, 150, 1),
	(24, 854, 1, 5, 154, 155, 1),
	(25, 914, 1, 4, 473, 474, 1),
	(26, 915, 1, 4, 478, 479, 1),
	(27, 916, 1, 4, 483, 484, 1),
	(28, 917, 1, 4, 488, 489, 1),
	(29, 921, 1, 4, 503, 504, 1),
	(30, 924, 1, 4, 514, 515, 1),
	(31, 925, 1, 4, 519, 520, 1),
	(32, 926, 1, 4, 524, 525, 1),
	(33, 927, 1, 4, 529, 530, 1);
/*!40000 ALTER TABLE `slider` ENABLE KEYS */;

-- Dumping structure for table questionnairedb2019.tag
DROP TABLE IF EXISTS `tag`;
CREATE TABLE IF NOT EXISTS `tag` (
  `ID` bigint(20) NOT NULL AUTO_INCREMENT,
  `tag` bigint(20) NOT NULL,
  `deleted` tinyint(4) NOT NULL DEFAULT '0',
  `deletedBy` varchar(255) NOT NULL,
  `creationDate` datetime NOT NULL,
  `createdBy` varchar(255) NOT NULL,
  `lastUpdated` timestamp NOT NULL DEFAULT CURRENT_TIMESTAMP ON UPDATE CURRENT_TIMESTAMP,
  `updatedBy` varchar(255) NOT NULL,
  PRIMARY KEY (`ID`),
  KEY `idx_tag_deleted` (`deleted`),
  KEY `fk_tag_tag_dictionary_contentId` (`tag`),
  CONSTRAINT `fk_tag_tag_dictionary_contentId` FOREIGN KEY (`tag`) REFERENCES `dictionary` (`contentId`) ON DELETE NO ACTION ON UPDATE NO ACTION
) ENGINE=InnoDB DEFAULT CHARSET=utf8;

-- Dumping data for table questionnairedb2019.tag: ~0 rows (approximately)
DELETE FROM `tag`;
/*!40000 ALTER TABLE `tag` DISABLE KEYS */;
/*!40000 ALTER TABLE `tag` ENABLE KEYS */;

-- Dumping structure for table questionnairedb2019.taglibrary
DROP TABLE IF EXISTS `taglibrary`;
CREATE TABLE IF NOT EXISTS `taglibrary` (
  `ID` bigint(20) NOT NULL AUTO_INCREMENT,
  `tagId` bigint(20) NOT NULL,
  `libraryId` bigint(20) NOT NULL,
  PRIMARY KEY (`ID`),
  KEY `fk_tagLibrary_tagId_tag_ID` (`tagId`),
  KEY `fk_tagLibrary_libraryId_library_ID` (`libraryId`),
  CONSTRAINT `fk_tagLibrary_libraryId_library_ID` FOREIGN KEY (`libraryId`) REFERENCES `library` (`ID`) ON DELETE NO ACTION ON UPDATE NO ACTION,
  CONSTRAINT `fk_tagLibrary_tagId_tag_ID` FOREIGN KEY (`tagId`) REFERENCES `tag` (`ID`)
) ENGINE=InnoDB DEFAULT CHARSET=utf8;

-- Dumping data for table questionnairedb2019.taglibrary: ~0 rows (approximately)
DELETE FROM `taglibrary`;
/*!40000 ALTER TABLE `taglibrary` DISABLE KEYS */;
/*!40000 ALTER TABLE `taglibrary` ENABLE KEYS */;

-- Dumping structure for table questionnairedb2019.tagquestion
DROP TABLE IF EXISTS `tagquestion`;
CREATE TABLE IF NOT EXISTS `tagquestion` (
  `ID` bigint(20) NOT NULL AUTO_INCREMENT,
  `tagId` bigint(20) NOT NULL,
  `questionId` bigint(20) NOT NULL,
  PRIMARY KEY (`ID`),
  KEY `fk_tagQuestion_questionId_question_ID` (`questionId`),
  KEY `fk_tagQuestion_tagId_tag_ID` (`tagId`),
  CONSTRAINT `fk_tagQuestion_questionId_question_ID` FOREIGN KEY (`questionId`) REFERENCES `question` (`ID`),
  CONSTRAINT `fk_tagQuestion_tagId_tag_ID` FOREIGN KEY (`tagId`) REFERENCES `tag` (`ID`)
) ENGINE=InnoDB DEFAULT CHARSET=utf8;

-- Dumping data for table questionnairedb2019.tagquestion: ~0 rows (approximately)
DELETE FROM `tagquestion`;
/*!40000 ALTER TABLE `tagquestion` DISABLE KEYS */;
/*!40000 ALTER TABLE `tagquestion` ENABLE KEYS */;

-- Dumping structure for table questionnairedb2019.templatequestion
DROP TABLE IF EXISTS `templatequestion`;
CREATE TABLE IF NOT EXISTS `templatequestion` (
  `ID` bigint(20) NOT NULL AUTO_INCREMENT,
  `OAUserId` bigint(20) NOT NULL DEFAULT '-1',
  `name` bigint(20) NOT NULL,
  `typeId` bigint(20) NOT NULL,
  `version` int(11) NOT NULL,
  `parentId` bigint(20) NOT NULL DEFAULT '-1',
  `polarity` tinyint(4) NOT NULL DEFAULT '0',
  `private` tinyint(4) NOT NULL DEFAULT '0',
  `deleted` tinyint(4) NOT NULL DEFAULT '0',
  `deletedBy` varchar(255) NOT NULL,
  `creationDate` datetime NOT NULL,
  `createdBy` varchar(255) NOT NULL,
  `lastUpdated` timestamp NOT NULL DEFAULT CURRENT_TIMESTAMP ON UPDATE CURRENT_TIMESTAMP,
  `updatedBy` varchar(255) NOT NULL,
  PRIMARY KEY (`ID`),
  KEY `idx_templateQuestion_deleted` (`deleted`),
  KEY `idx_templateQuestion_OAUserId` (`OAUserId`),
  KEY `idx_templateQuestion_parentId` (`parentId`),
  KEY `fk_templateQuestion_name_dictionary_contentId` (`name`),
  KEY `fk_templateQuestionId_typeId_type_ID` (`typeId`),
  CONSTRAINT `fk_templateQuestionId_typeId_type_ID` FOREIGN KEY (`typeId`) REFERENCES `type` (`ID`) ON DELETE NO ACTION ON UPDATE NO ACTION,
  CONSTRAINT `fk_templateQuestion_name_dictionary_contentId` FOREIGN KEY (`name`) REFERENCES `dictionary` (`contentId`) ON DELETE NO ACTION ON UPDATE NO ACTION
) ENGINE=InnoDB AUTO_INCREMENT=26 DEFAULT CHARSET=utf8;

-- Dumping data for table questionnairedb2019.templatequestion: ~25 rows (approximately)
DELETE FROM `templatequestion`;
/*!40000 ALTER TABLE `templatequestion` DISABLE KEYS */;
INSERT INTO `templatequestion` (`ID`, `OAUserId`, `name`, `typeId`, `version`, `parentId`, `polarity`, `private`, `deleted`, `deletedBy`, `creationDate`, `createdBy`, `lastUpdated`, `updatedBy`) VALUES
	(1, -1, 539, 4, 0, -1, 0, 0, 0, '', '2019-07-19 13:47:35', 'QUESTIONNAIRE_MIGRATION_2019', '2019-07-19 13:47:35', 'QUESTIONNAIRE_MIGRATION_2019'),
	(2, -1, 545, 4, 0, -1, 0, 0, 0, '', '2019-07-19 13:47:35', 'QUESTIONNAIRE_MIGRATION_2019', '2019-07-19 13:47:35', 'QUESTIONNAIRE_MIGRATION_2019'),
	(3, -1, 552, 4, 0, -1, 0, 0, 0, '', '2019-07-19 13:47:35', 'QUESTIONNAIRE_MIGRATION_2019', '2019-07-19 13:47:35', 'QUESTIONNAIRE_MIGRATION_2019'),
	(4, -1, 560, 4, 0, -1, 0, 0, 0, '', '2019-07-19 13:47:35', 'QUESTIONNAIRE_MIGRATION_2019', '2019-07-19 13:47:35', 'QUESTIONNAIRE_MIGRATION_2019'),
	(5, -1, 566, 4, 0, -1, 0, 0, 0, '', '2019-07-19 13:47:35', 'QUESTIONNAIRE_MIGRATION_2019', '2019-07-19 13:47:35', 'QUESTIONNAIRE_MIGRATION_2019'),
	(6, -1, 569, 4, 0, -1, 0, 0, 0, '', '2019-07-19 13:47:35', 'QUESTIONNAIRE_MIGRATION_2019', '2019-07-19 13:47:35', 'QUESTIONNAIRE_MIGRATION_2019'),
	(7, -1, 573, 4, 0, -1, 0, 0, 0, '', '2019-07-19 13:47:35', 'QUESTIONNAIRE_MIGRATION_2019', '2019-07-19 13:47:35', 'QUESTIONNAIRE_MIGRATION_2019'),
	(8, -1, 578, 4, 0, -1, 0, 0, 0, '', '2019-07-19 13:47:35', 'QUESTIONNAIRE_MIGRATION_2019', '2019-07-19 13:47:35', 'QUESTIONNAIRE_MIGRATION_2019'),
	(9, -1, 584, 4, 0, -1, 0, 0, 0, '', '2019-07-19 13:47:35', 'QUESTIONNAIRE_MIGRATION_2019', '2019-07-19 13:47:35', 'QUESTIONNAIRE_MIGRATION_2019'),
	(10, -1, 592, 4, 0, -1, 0, 0, 0, '', '2019-07-19 13:47:35', 'QUESTIONNAIRE_MIGRATION_2019', '2019-07-19 13:47:35', 'QUESTIONNAIRE_MIGRATION_2019'),
	(11, -1, 598, 4, 0, -1, 0, 0, 0, '', '2019-07-19 13:47:35', 'QUESTIONNAIRE_MIGRATION_2019', '2019-07-19 13:47:35', 'QUESTIONNAIRE_MIGRATION_2019'),
	(12, -1, 604, 4, 0, -1, 0, 0, 0, '', '2019-07-19 13:47:35', 'QUESTIONNAIRE_MIGRATION_2019', '2019-07-19 13:47:35', 'QUESTIONNAIRE_MIGRATION_2019'),
	(13, -1, 609, 4, 0, -1, 0, 0, 0, '', '2019-07-19 13:47:35', 'QUESTIONNAIRE_MIGRATION_2019', '2019-07-19 13:47:35', 'QUESTIONNAIRE_MIGRATION_2019'),
	(14, -1, 614, 4, 0, -1, 0, 0, 0, '', '2019-07-19 13:47:35', 'QUESTIONNAIRE_MIGRATION_2019', '2019-07-19 13:47:35', 'QUESTIONNAIRE_MIGRATION_2019'),
	(15, -1, 620, 4, 0, -1, 0, 0, 0, '', '2019-07-19 13:47:35', 'QUESTIONNAIRE_MIGRATION_2019', '2019-07-19 13:47:35', 'QUESTIONNAIRE_MIGRATION_2019'),
	(16, -1, 624, 4, 0, -1, 0, 0, 0, '', '2019-07-19 13:47:35', 'QUESTIONNAIRE_MIGRATION_2019', '2019-07-19 13:47:35', 'QUESTIONNAIRE_MIGRATION_2019'),
	(17, -1, 630, 4, 0, -1, 0, 0, 0, '', '2019-07-19 13:47:35', 'QUESTIONNAIRE_MIGRATION_2019', '2019-07-19 13:47:35', 'QUESTIONNAIRE_MIGRATION_2019'),
	(18, -1, 635, 4, 0, -1, 0, 0, 0, '', '2019-07-19 13:47:35', 'QUESTIONNAIRE_MIGRATION_2019', '2019-07-19 13:47:35', 'QUESTIONNAIRE_MIGRATION_2019'),
	(19, -1, 641, 4, 0, -1, 0, 0, 0, '', '2019-07-19 13:47:35', 'QUESTIONNAIRE_MIGRATION_2019', '2019-07-19 13:47:35', 'QUESTIONNAIRE_MIGRATION_2019'),
	(20, -1, 647, 4, 0, -1, 0, 0, 0, '', '2019-07-19 13:47:36', 'QUESTIONNAIRE_MIGRATION_2019', '2019-07-19 13:47:36', 'QUESTIONNAIRE_MIGRATION_2019'),
	(21, -1, 653, 4, 0, -1, 0, 0, 0, '', '2019-07-19 13:47:36', 'QUESTIONNAIRE_MIGRATION_2019', '2019-07-19 13:47:36', 'QUESTIONNAIRE_MIGRATION_2019'),
	(22, -1, 659, 2, 0, -1, 0, 0, 0, '', '2019-07-19 13:47:36', 'QUESTIONNAIRE_MIGRATION_2019', '2019-07-19 13:47:36', 'QUESTIONNAIRE_MIGRATION_2019'),
	(23, -1, 662, 3, 0, -1, 0, 0, 0, '', '2019-07-19 13:47:36', 'QUESTIONNAIRE_MIGRATION_2019', '2019-07-19 13:47:36', 'QUESTIONNAIRE_MIGRATION_2019'),
	(24, -1, 663, 7, 0, -1, 0, 0, 0, '', '2019-07-19 13:47:36', 'QUESTIONNAIRE_MIGRATION_2019', '2019-07-19 13:47:36', 'QUESTIONNAIRE_MIGRATION_2019'),
	(25, -1, 664, 6, 0, -1, 0, 0, 0, '', '2019-07-19 13:47:36', 'QUESTIONNAIRE_MIGRATION_2019', '2019-07-19 13:47:36', 'QUESTIONNAIRE_MIGRATION_2019');
/*!40000 ALTER TABLE `templatequestion` ENABLE KEYS */;

-- Dumping structure for table questionnairedb2019.templatequestioncheckbox
DROP TABLE IF EXISTS `templatequestioncheckbox`;
CREATE TABLE IF NOT EXISTS `templatequestioncheckbox` (
  `ID` bigint(20) NOT NULL AUTO_INCREMENT,
  `templateQuestionId` bigint(20) NOT NULL,
  `minAnswer` int(11) NOT NULL DEFAULT '0',
  `maxAnswer` int(11) NOT NULL DEFAULT '0',
  PRIMARY KEY (`ID`),
  KEY `fk_tqc_templateQuestionId_templateQuestion_ID` (`templateQuestionId`),
  CONSTRAINT `fk_tqc_templateQuestionId_templateQuestion_ID` FOREIGN KEY (`templateQuestionId`) REFERENCES `templatequestion` (`ID`) ON DELETE NO ACTION ON UPDATE NO ACTION
) ENGINE=InnoDB DEFAULT CHARSET=utf8;

-- Dumping data for table questionnairedb2019.templatequestioncheckbox: ~0 rows (approximately)
DELETE FROM `templatequestioncheckbox`;
/*!40000 ALTER TABLE `templatequestioncheckbox` DISABLE KEYS */;
/*!40000 ALTER TABLE `templatequestioncheckbox` ENABLE KEYS */;

-- Dumping structure for table questionnairedb2019.templatequestioncheckboxoption
DROP TABLE IF EXISTS `templatequestioncheckboxoption`;
CREATE TABLE IF NOT EXISTS `templatequestioncheckboxoption` (
  `ID` bigint(20) NOT NULL AUTO_INCREMENT,
  `parentTableId` bigint(20) NOT NULL,
  `description` bigint(20) NOT NULL,
  `order` int(11) NOT NULL DEFAULT '0',
  `specialAction` int(11) NOT NULL COMMENT '0 = nothing special, 1 = check everything, 2 = uncheck everything',
  PRIMARY KEY (`ID`),
  KEY `fk_tqco_parentTableId_templateQuestionCheckbox_ID` (`parentTableId`),
  KEY `fk_tqco_description_dictionary_contentId` (`description`),
  CONSTRAINT `fk_tqco_description_dictionary_contentId` FOREIGN KEY (`description`) REFERENCES `dictionary` (`contentId`) ON DELETE NO ACTION ON UPDATE NO ACTION,
  CONSTRAINT `fk_tqco_parentTableId_templateQuestionCheckbox_ID` FOREIGN KEY (`parentTableId`) REFERENCES `templatequestioncheckbox` (`ID`) ON DELETE NO ACTION ON UPDATE NO ACTION
) ENGINE=InnoDB DEFAULT CHARSET=utf8;

-- Dumping data for table questionnairedb2019.templatequestioncheckboxoption: ~0 rows (approximately)
DELETE FROM `templatequestioncheckboxoption`;
/*!40000 ALTER TABLE `templatequestioncheckboxoption` DISABLE KEYS */;
/*!40000 ALTER TABLE `templatequestioncheckboxoption` ENABLE KEYS */;

-- Dumping structure for table questionnairedb2019.templatequestiondate
DROP TABLE IF EXISTS `templatequestiondate`;
CREATE TABLE IF NOT EXISTS `templatequestiondate` (
  `ID` bigint(20) NOT NULL AUTO_INCREMENT,
  `templateQuestionId` bigint(20) NOT NULL,
  PRIMARY KEY (`ID`),
  KEY `fk_tqd_templateQuestionId_templateQuestion_ID` (`templateQuestionId`),
  CONSTRAINT `fk_tqd_templateQuestionId_templateQuestion_ID` FOREIGN KEY (`templateQuestionId`) REFERENCES `templatequestion` (`ID`) ON DELETE NO ACTION ON UPDATE NO ACTION
) ENGINE=InnoDB AUTO_INCREMENT=2 DEFAULT CHARSET=utf8;

-- Dumping data for table questionnairedb2019.templatequestiondate: ~0 rows (approximately)
DELETE FROM `templatequestiondate`;
/*!40000 ALTER TABLE `templatequestiondate` DISABLE KEYS */;
INSERT INTO `templatequestiondate` (`ID`, `templateQuestionId`) VALUES
	(1, 24);
/*!40000 ALTER TABLE `templatequestiondate` ENABLE KEYS */;

-- Dumping structure for table questionnairedb2019.templatequestionlabel
DROP TABLE IF EXISTS `templatequestionlabel`;
CREATE TABLE IF NOT EXISTS `templatequestionlabel` (
  `ID` bigint(20) NOT NULL AUTO_INCREMENT,
  `templateQuestionId` bigint(20) NOT NULL,
  `displayIntensity` int(11) NOT NULL DEFAULT '0',
  `pathImage` varchar(512) NOT NULL,
  PRIMARY KEY (`ID`),
  KEY `fk_tql_templateQuestionId_templateQuestion_ID` (`templateQuestionId`),
  CONSTRAINT `fk_tql_templateQuestionId_templateQuestion_ID` FOREIGN KEY (`templateQuestionId`) REFERENCES `templatequestion` (`ID`) ON DELETE NO ACTION ON UPDATE NO ACTION
) ENGINE=InnoDB DEFAULT CHARSET=utf8;

-- Dumping data for table questionnairedb2019.templatequestionlabel: ~0 rows (approximately)
DELETE FROM `templatequestionlabel`;
/*!40000 ALTER TABLE `templatequestionlabel` DISABLE KEYS */;
/*!40000 ALTER TABLE `templatequestionlabel` ENABLE KEYS */;

-- Dumping structure for table questionnairedb2019.templatequestionlabeloption
DROP TABLE IF EXISTS `templatequestionlabeloption`;
CREATE TABLE IF NOT EXISTS `templatequestionlabeloption` (
  `ID` bigint(20) NOT NULL AUTO_INCREMENT,
  `parentTableId` bigint(20) NOT NULL,
  `description` bigint(20) NOT NULL,
  `posInitX` int(11) NOT NULL DEFAULT '0',
  `posInitY` int(11) NOT NULL DEFAULT '0',
  `posFinalX` int(11) NOT NULL DEFAULT '0',
  `posFinalY` int(11) NOT NULL DEFAULT '0',
  `intensity` int(11) NOT NULL DEFAULT '0',
  `order` int(11) NOT NULL DEFAULT '0',
  PRIMARY KEY (`ID`),
  KEY `fk_tqlo_parentTableId_templateQuestionLabel_ID` (`parentTableId`),
  KEY `fk_tqlo_description_dictionary_contentId` (`description`),
  CONSTRAINT `fk_tqlo_description_dictionary_contentId` FOREIGN KEY (`description`) REFERENCES `dictionary` (`contentId`) ON DELETE NO ACTION ON UPDATE NO ACTION,
  CONSTRAINT `fk_tqlo_parentTableId_templateQuestionLabel_ID` FOREIGN KEY (`parentTableId`) REFERENCES `templatequestionlabel` (`ID`) ON DELETE NO ACTION ON UPDATE NO ACTION
) ENGINE=InnoDB DEFAULT CHARSET=utf8;

-- Dumping data for table questionnairedb2019.templatequestionlabeloption: ~0 rows (approximately)
DELETE FROM `templatequestionlabeloption`;
/*!40000 ALTER TABLE `templatequestionlabeloption` DISABLE KEYS */;
/*!40000 ALTER TABLE `templatequestionlabeloption` ENABLE KEYS */;

-- Dumping structure for table questionnairedb2019.templatequestionradiobutton
DROP TABLE IF EXISTS `templatequestionradiobutton`;
CREATE TABLE IF NOT EXISTS `templatequestionradiobutton` (
  `ID` bigint(20) NOT NULL AUTO_INCREMENT,
  `templateQuestionId` bigint(20) NOT NULL,
  PRIMARY KEY (`ID`),
  KEY `fk_tqrb_templateQuestionId_templateQuestion_ID` (`templateQuestionId`),
  CONSTRAINT `fk_tqrb_templateQuestionId_templateQuestion_ID` FOREIGN KEY (`templateQuestionId`) REFERENCES `templatequestion` (`ID`) ON DELETE NO ACTION ON UPDATE NO ACTION
) ENGINE=InnoDB AUTO_INCREMENT=22 DEFAULT CHARSET=utf8;

-- Dumping data for table questionnairedb2019.templatequestionradiobutton: ~21 rows (approximately)
DELETE FROM `templatequestionradiobutton`;
/*!40000 ALTER TABLE `templatequestionradiobutton` DISABLE KEYS */;
INSERT INTO `templatequestionradiobutton` (`ID`, `templateQuestionId`) VALUES
	(1, 1),
	(2, 2),
	(3, 3),
	(4, 4),
	(5, 5),
	(6, 6),
	(7, 7),
	(8, 8),
	(9, 9),
	(10, 10),
	(11, 11),
	(12, 12),
	(13, 13),
	(14, 14),
	(15, 15),
	(16, 16),
	(17, 17),
	(18, 18),
	(19, 19),
	(20, 20),
	(21, 21);
/*!40000 ALTER TABLE `templatequestionradiobutton` ENABLE KEYS */;

-- Dumping structure for table questionnairedb2019.templatequestionradiobuttonoption
DROP TABLE IF EXISTS `templatequestionradiobuttonoption`;
CREATE TABLE IF NOT EXISTS `templatequestionradiobuttonoption` (
  `ID` bigint(20) NOT NULL AUTO_INCREMENT,
  `parentTableId` bigint(20) NOT NULL,
  `description` bigint(20) NOT NULL,
  `order` int(11) NOT NULL DEFAULT '0',
  PRIMARY KEY (`ID`),
  KEY `fk_tqrbo_parentTableId_templateQuestionRadioButton_ID` (`parentTableId`),
  KEY `fk_tqrbo_description_dictionary_contentId` (`description`),
  CONSTRAINT `fk_tqrbo_description_dictionary_contentId` FOREIGN KEY (`description`) REFERENCES `dictionary` (`contentId`) ON DELETE NO ACTION ON UPDATE NO ACTION,
  CONSTRAINT `fk_tqrbo_parentTableId_templateQuestionRadioButton_ID` FOREIGN KEY (`parentTableId`) REFERENCES `templatequestionradiobutton` (`ID`) ON DELETE NO ACTION ON UPDATE NO ACTION
) ENGINE=InnoDB AUTO_INCREMENT=100 DEFAULT CHARSET=utf8;

-- Dumping data for table questionnairedb2019.templatequestionradiobuttonoption: ~99 rows (approximately)
DELETE FROM `templatequestionradiobuttonoption`;
/*!40000 ALTER TABLE `templatequestionradiobuttonoption` DISABLE KEYS */;
INSERT INTO `templatequestionradiobuttonoption` (`ID`, `parentTableId`, `description`, `order`) VALUES
	(1, 1, 540, 1),
	(2, 1, 541, 2),
	(3, 1, 542, 3),
	(4, 1, 543, 4),
	(5, 1, 544, 5),
	(6, 2, 546, 1),
	(7, 2, 547, 2),
	(8, 2, 548, 3),
	(9, 2, 549, 4),
	(10, 2, 550, 5),
	(11, 2, 551, 6),
	(12, 3, 553, 1),
	(13, 3, 554, 2),
	(14, 3, 555, 3),
	(15, 3, 556, 4),
	(16, 3, 557, 5),
	(17, 3, 558, 6),
	(18, 3, 559, 7),
	(19, 4, 561, 1),
	(20, 4, 562, 2),
	(21, 4, 563, 3),
	(22, 4, 564, 4),
	(23, 4, 565, 5),
	(24, 5, 567, 1),
	(25, 5, 568, 2),
	(26, 6, 570, 1),
	(27, 6, 571, 2),
	(28, 6, 572, 3),
	(29, 7, 574, 1),
	(30, 7, 575, 2),
	(31, 7, 576, 3),
	(32, 7, 577, 4),
	(33, 8, 579, 1),
	(34, 8, 580, 2),
	(35, 8, 581, 3),
	(36, 8, 582, 4),
	(37, 8, 583, 5),
	(38, 9, 585, 1),
	(39, 9, 586, 2),
	(40, 9, 587, 3),
	(41, 9, 588, 4),
	(42, 9, 589, 5),
	(43, 9, 590, 6),
	(44, 9, 591, 7),
	(45, 10, 593, 1),
	(46, 10, 594, 2),
	(47, 10, 595, 3),
	(48, 10, 596, 4),
	(49, 10, 597, 5),
	(50, 11, 599, 1),
	(51, 11, 600, 2),
	(52, 11, 601, 3),
	(53, 11, 602, 4),
	(54, 11, 603, 5),
	(55, 12, 605, 1),
	(56, 12, 606, 2),
	(57, 12, 607, 3),
	(58, 12, 608, 4),
	(59, 13, 610, 1),
	(60, 13, 611, 2),
	(61, 13, 612, 3),
	(62, 13, 613, 4),
	(63, 14, 615, 1),
	(64, 14, 616, 2),
	(65, 14, 617, 3),
	(66, 14, 618, 4),
	(67, 14, 619, 5),
	(68, 15, 621, 1),
	(69, 15, 622, 2),
	(70, 15, 623, 3),
	(71, 16, 625, 1),
	(72, 16, 626, 2),
	(73, 16, 627, 3),
	(74, 16, 628, 4),
	(75, 16, 629, 5),
	(76, 17, 631, 1),
	(77, 17, 632, 2),
	(78, 17, 633, 3),
	(79, 17, 634, 4),
	(80, 18, 636, 1),
	(81, 18, 637, 2),
	(82, 18, 638, 3),
	(83, 18, 639, 4),
	(84, 18, 640, 5),
	(85, 19, 642, 1),
	(86, 19, 643, 2),
	(87, 19, 644, 3),
	(88, 19, 645, 4),
	(89, 19, 646, 5),
	(90, 20, 648, 1),
	(91, 20, 649, 2),
	(92, 20, 650, 3),
	(93, 20, 651, 4),
	(94, 20, 652, 5),
	(95, 21, 654, 1),
	(96, 21, 655, 2),
	(97, 21, 656, 3),
	(98, 21, 657, 4),
	(99, 21, 658, 5);
/*!40000 ALTER TABLE `templatequestionradiobuttonoption` ENABLE KEYS */;

-- Dumping structure for table questionnairedb2019.templatequestionslider
DROP TABLE IF EXISTS `templatequestionslider`;
CREATE TABLE IF NOT EXISTS `templatequestionslider` (
  `ID` bigint(20) NOT NULL AUTO_INCREMENT,
  `templateQuestionId` bigint(20) NOT NULL,
  `minValue` float NOT NULL,
  `maxValue` float NOT NULL,
  `minCaption` bigint(20) NOT NULL,
  `maxCaption` bigint(20) NOT NULL,
  `increment` float NOT NULL,
  PRIMARY KEY (`ID`),
  KEY `fk_tqs_templateQuestionId_templateQuestion_ID` (`templateQuestionId`),
  KEY `fk_tqs_minContent_dictionary_contentId` (`minCaption`),
  KEY `fk_tqs_maxContent_dictionary_contentId` (`maxCaption`),
  CONSTRAINT `fk_tqs_maxContent_dictionary_contentId` FOREIGN KEY (`maxCaption`) REFERENCES `dictionary` (`contentId`) ON DELETE NO ACTION ON UPDATE NO ACTION,
  CONSTRAINT `fk_tqs_minContent_dictionary_contentId` FOREIGN KEY (`minCaption`) REFERENCES `dictionary` (`contentId`) ON DELETE NO ACTION ON UPDATE NO ACTION,
  CONSTRAINT `fk_tqs_templateQuestionId_templateQuestion_ID` FOREIGN KEY (`templateQuestionId`) REFERENCES `templatequestion` (`ID`) ON DELETE NO ACTION ON UPDATE NO ACTION
) ENGINE=InnoDB AUTO_INCREMENT=2 DEFAULT CHARSET=utf8;

-- Dumping data for table questionnairedb2019.templatequestionslider: ~0 rows (approximately)
DELETE FROM `templatequestionslider`;
/*!40000 ALTER TABLE `templatequestionslider` DISABLE KEYS */;
INSERT INTO `templatequestionslider` (`ID`, `templateQuestionId`, `minValue`, `maxValue`, `minCaption`, `maxCaption`, `increment`) VALUES
	(1, 22, 1, 10, 660, 661, 1);
/*!40000 ALTER TABLE `templatequestionslider` ENABLE KEYS */;

-- Dumping structure for table questionnairedb2019.templatequestiontextbox
DROP TABLE IF EXISTS `templatequestiontextbox`;
CREATE TABLE IF NOT EXISTS `templatequestiontextbox` (
  `ID` bigint(20) NOT NULL AUTO_INCREMENT,
  `templateQuestionId` bigint(20) NOT NULL,
  PRIMARY KEY (`ID`),
  KEY `fk_tqtb_templateQuestionId_templateQuestion_ID` (`templateQuestionId`),
  CONSTRAINT `fk_tqtb_templateQuestionId_templateQuestion_ID` FOREIGN KEY (`templateQuestionId`) REFERENCES `templatequestion` (`ID`) ON DELETE NO ACTION ON UPDATE NO ACTION
) ENGINE=InnoDB AUTO_INCREMENT=2 DEFAULT CHARSET=utf8;

-- Dumping data for table questionnairedb2019.templatequestiontextbox: ~0 rows (approximately)
DELETE FROM `templatequestiontextbox`;
/*!40000 ALTER TABLE `templatequestiontextbox` DISABLE KEYS */;
INSERT INTO `templatequestiontextbox` (`ID`, `templateQuestionId`) VALUES
	(1, 23);
/*!40000 ALTER TABLE `templatequestiontextbox` ENABLE KEYS */;

-- Dumping structure for table questionnairedb2019.templatequestiontextboxtrigger
DROP TABLE IF EXISTS `templatequestiontextboxtrigger`;
CREATE TABLE IF NOT EXISTS `templatequestiontextboxtrigger` (
  `ID` bigint(20) NOT NULL AUTO_INCREMENT,
  `parentTableId` bigint(20) NOT NULL,
  `description` bigint(20) NOT NULL,
  `order` int(11) NOT NULL DEFAULT '0',
  PRIMARY KEY (`ID`),
  KEY `fk_tqtt_parentTableId_templateQuestionTextBox_ID` (`parentTableId`),
  KEY `fk_tqtt_description_dictionnary_contentId` (`description`),
  CONSTRAINT `fk_tqtt_description_dictionnary_contentId` FOREIGN KEY (`description`) REFERENCES `dictionary` (`contentId`) ON DELETE NO ACTION ON UPDATE NO ACTION,
  CONSTRAINT `fk_tqtt_parentTableId_templateQuestionTextBox_ID` FOREIGN KEY (`parentTableId`) REFERENCES `templatequestiontextbox` (`ID`) ON DELETE NO ACTION ON UPDATE NO ACTION
) ENGINE=InnoDB DEFAULT CHARSET=utf8;

-- Dumping data for table questionnairedb2019.templatequestiontextboxtrigger: ~0 rows (approximately)
DELETE FROM `templatequestiontextboxtrigger`;
/*!40000 ALTER TABLE `templatequestiontextboxtrigger` DISABLE KEYS */;
/*!40000 ALTER TABLE `templatequestiontextboxtrigger` ENABLE KEYS */;

-- Dumping structure for table questionnairedb2019.templatequestiontime
DROP TABLE IF EXISTS `templatequestiontime`;
CREATE TABLE IF NOT EXISTS `templatequestiontime` (
  `ID` bigint(20) NOT NULL AUTO_INCREMENT,
  `templateQuestionId` bigint(20) NOT NULL,
  PRIMARY KEY (`ID`),
  KEY `fk_tqt_templateQuestionId_templateQuestion_ID` (`templateQuestionId`),
  CONSTRAINT `fk_tqt_templateQuestionId_templateQuestion_ID` FOREIGN KEY (`templateQuestionId`) REFERENCES `templatequestion` (`ID`) ON DELETE NO ACTION ON UPDATE NO ACTION
) ENGINE=InnoDB AUTO_INCREMENT=2 DEFAULT CHARSET=utf8;

-- Dumping data for table questionnairedb2019.templatequestiontime: ~0 rows (approximately)
DELETE FROM `templatequestiontime`;
/*!40000 ALTER TABLE `templatequestiontime` DISABLE KEYS */;
INSERT INTO `templatequestiontime` (`ID`, `templateQuestionId`) VALUES
	(1, 25);
/*!40000 ALTER TABLE `templatequestiontime` ENABLE KEYS */;

-- Dumping structure for table questionnairedb2019.textbox
DROP TABLE IF EXISTS `textbox`;
CREATE TABLE IF NOT EXISTS `textbox` (
  `ID` bigint(20) NOT NULL AUTO_INCREMENT,
  `questionId` bigint(20) NOT NULL,
  PRIMARY KEY (`ID`),
  KEY `fk_textBox_questionId_question_ID` (`questionId`),
  CONSTRAINT `fk_textBox_questionId_question_ID` FOREIGN KEY (`questionId`) REFERENCES `question` (`ID`) ON DELETE NO ACTION ON UPDATE NO ACTION
) ENGINE=InnoDB AUTO_INCREMENT=18 DEFAULT CHARSET=utf8;

-- Dumping data for table questionnairedb2019.textbox: ~17 rows (approximately)
DELETE FROM `textbox`;
/*!40000 ALTER TABLE `textbox` DISABLE KEYS */;
INSERT INTO `textbox` (`ID`, `questionId`) VALUES
	(1, 830),
	(2, 832),
	(3, 859),
	(4, 870),
	(5, 872),
	(6, 873),
	(7, 875),
	(8, 878),
	(9, 881),
	(10, 882),
	(11, 884),
	(12, 913),
	(14, 919),
	(13, 920),
	(15, 922),
	(16, 923),
	(17, 929);
/*!40000 ALTER TABLE `textbox` ENABLE KEYS */;

-- Dumping structure for table questionnairedb2019.textboxtrigger
DROP TABLE IF EXISTS `textboxtrigger`;
CREATE TABLE IF NOT EXISTS `textboxtrigger` (
  `ID` bigint(20) NOT NULL AUTO_INCREMENT,
  `parentTableId` bigint(20) NOT NULL,
  `description` bigint(20) NOT NULL,
  `order` int(11) NOT NULL DEFAULT '0',
  PRIMARY KEY (`ID`),
  KEY `fk_textBoxTrigger_parentTableId_textBox_ID` (`parentTableId`),
  KEY `fk_textBoxTrigger_description_dictionary_contentId` (`description`),
  CONSTRAINT `fk_textBoxTrigger_description_dictionary_contentId` FOREIGN KEY (`description`) REFERENCES `dictionary` (`contentId`) ON DELETE NO ACTION ON UPDATE NO ACTION,
  CONSTRAINT `fk_textBoxTrigger_parentTableId_textBox_ID` FOREIGN KEY (`parentTableId`) REFERENCES `textbox` (`ID`)
) ENGINE=InnoDB DEFAULT CHARSET=utf8;

-- Dumping data for table questionnairedb2019.textboxtrigger: ~0 rows (approximately)
DELETE FROM `textboxtrigger`;
/*!40000 ALTER TABLE `textboxtrigger` DISABLE KEYS */;
/*!40000 ALTER TABLE `textboxtrigger` ENABLE KEYS */;

-- Dumping structure for table questionnairedb2019.time
DROP TABLE IF EXISTS `time`;
CREATE TABLE IF NOT EXISTS `time` (
  `ID` bigint(20) NOT NULL AUTO_INCREMENT,
  `questionId` bigint(20) NOT NULL,
  PRIMARY KEY (`ID`),
  KEY `fk_time_questionId_question_ID` (`questionId`),
  CONSTRAINT `fk_time_questionId_question_ID` FOREIGN KEY (`questionId`) REFERENCES `question` (`ID`) ON DELETE NO ACTION ON UPDATE NO ACTION
) ENGINE=InnoDB DEFAULT CHARSET=utf8;

-- Dumping data for table questionnairedb2019.time: ~0 rows (approximately)
DELETE FROM `time`;
/*!40000 ALTER TABLE `time` DISABLE KEYS */;
/*!40000 ALTER TABLE `time` ENABLE KEYS */;

-- Dumping structure for table questionnairedb2019.type
DROP TABLE IF EXISTS `type`;
CREATE TABLE IF NOT EXISTS `type` (
  `ID` bigint(20) NOT NULL AUTO_INCREMENT,
  `description` bigint(20) NOT NULL,
  `tableId` bigint(20) NOT NULL,
  `subTableId` bigint(20) NOT NULL,
  `templateTableId` bigint(20) NOT NULL,
  `templateSubTableId` bigint(20) NOT NULL,
  PRIMARY KEY (`ID`),
  KEY `fk_type_description_dictionary_contentId` (`description`),
  KEY `fk_type_tableId_definitionTable_ID` (`tableId`),
  KEY `fk_type_subTableId_definitionTable_ID` (`subTableId`),
  KEY `fk_type_templateTableId_definitionTable_ID` (`templateTableId`),
  KEY `fk_type_templateSubTableId_definitionTable_ID` (`templateSubTableId`),
  CONSTRAINT `fk_type_description_dictionary_contentId` FOREIGN KEY (`description`) REFERENCES `dictionary` (`contentId`) ON DELETE NO ACTION ON UPDATE NO ACTION,
  CONSTRAINT `fk_type_subTableId_definitionTable_ID` FOREIGN KEY (`subTableId`) REFERENCES `definitiontable` (`ID`) ON DELETE NO ACTION ON UPDATE NO ACTION,
  CONSTRAINT `fk_type_tableId_definitionTable_ID` FOREIGN KEY (`tableId`) REFERENCES `definitiontable` (`ID`) ON DELETE NO ACTION ON UPDATE NO ACTION,
  CONSTRAINT `fk_type_templateSubTableId_definitionTable_ID` FOREIGN KEY (`templateSubTableId`) REFERENCES `definitiontable` (`ID`) ON DELETE NO ACTION ON UPDATE NO ACTION,
  CONSTRAINT `fk_type_templateTableId_definitionTable_ID` FOREIGN KEY (`templateTableId`) REFERENCES `definitiontable` (`ID`) ON DELETE NO ACTION ON UPDATE NO ACTION
) ENGINE=InnoDB AUTO_INCREMENT=8 DEFAULT CHARSET=utf8;

-- Dumping data for table questionnairedb2019.type: ~7 rows (approximately)
DELETE FROM `type`;
/*!40000 ALTER TABLE `type` DISABLE KEYS */;
INSERT INTO `type` (`ID`, `description`, `tableId`, `subTableId`, `templateTableId`, `templateSubTableId`) VALUES
	(1, 3, 11, 12, 38, 39),
	(2, 4, 33, -1, 45, -1),
	(3, 5, 49, 50, 46, -1),
	(4, 6, 30, 31, 43, 44),
	(5, 7, 16, 17, 41, 42),
	(6, 8, 51, -1, 48, -1),
	(7, 9, 13, -1, 40, -1);
/*!40000 ALTER TABLE `type` ENABLE KEYS */;

/*!40101 SET SQL_MODE=IFNULL(@OLD_SQL_MODE, '') */;
/*!40014 SET FOREIGN_KEY_CHECKS=IF(@OLD_FOREIGN_KEY_CHECKS IS NULL, 1, @OLD_FOREIGN_KEY_CHECKS) */;
/*!40101 SET CHARACTER_SET_CLIENT=@OLD_CHARACTER_SET_CLIENT */;
